{
	"__comment": "Designed by Randamonium",
	"textures": {
		"Wood": "block/jungle_planks"
	},
	"elements": [ 	 
		{
			"__comment": "Wood-Bench",
			"from": [ 0, 0, 0 ],
			"to": [ 15.5, 0.5, 16 ],
			"faces": {
				"down": { "uv": [ 0, 0, 15.5, 16 ], "texture": "#Wood" },
				"up": { "uv": [ 0, 0, 15.5, 16 ], "texture": "#Wood" },
				"north": { "uv": [ 0.5, 15.5, 16, 16 ], "texture": "#Wood" },
				"south": { "uv": [ 0, 15.5, 15.5, 16 ], "texture": "#Wood" },
				"west": { "uv": [ 0, 15.5, 16, 16 ], "texture": "#Wood" },
				"east": { "uv": [ 0, 15.5, 16, 16 ], "texture": "#Wood" }
			}
		},
		{
			"__comment": "Wood-Bench1",
			"from": [ 0, 0.5, 0.5 ],
			"to": [ 15, 1, 15.5 ],
			"faces": {
				"up": { "uv": [ 0, 0.5, 15, 15.5 ], "texture": "#Wood" },
				"north": { "uv": [ 1, 15, 16, 15.5 ], "texture": "#Wood" },
				"south": { "uv": [ 0, 15, 15, 15.5 ], "texture": "#Wood" },
				"west": { "uv": [ 0.5, 15, 15.5, 15.5 ], "texture": "#Wood" },
				"east": { "uv": [ 0.5, 15, 15.5, 15.5 ], "texture": "#Wood" }
			}
		},
		{
			"__comment": "Wood-Bench2",
			"from": [ 0, 1, 14.5 ],
			"to": [ 15.5, 16, 15 ],
			"faces": {
				"down": { "uv": [ 0, 1, 15.5, 1.5 ], "texture": "#Wood" },
				"up": { "uv": [ 0, 14.5, 15.5, 15 ], "texture": "#Wood" },
				"north": { "uv": [ 0.5, 0, 16, 15 ], "texture": "#Wood" },
				"south": { "uv": [ 0, 0, 15.5, 15 ], "texture": "#Wood" },
				"west": { "uv": [ 14.5, 0, 15, 15 ], "texture": "#Wood" },
				"east": { "uv": [ 1, 0, 1.5, 15 ], "texture": "#Wood" }
			}
		},
		{
			"__comment": "Wood-Bench3",
			"from": [ 0, 5, 1 ],
			"to": [ 15, 6, 14.5 ],
			"faces": {
				"down": { "uv": [ 0, 1.5, 15, 15 ], "texture": "#Wood" },
				"up": { "uv": [ 0, 1, 15, 14.5 ], "texture": "#Wood" },
				"north": { "uv": [ 1, 10, 16, 11 ], "texture": "#Wood" },
				"west": { "uv": [ 1, 10, 14.5, 11 ], "texture": "#Wood" },
				"east": { "uv": [ 1.5, 10, 15, 11 ], "texture": "#Wood" }
			}
		},
		{
			"__comment": "Wood-Bench4",
			"from": [ 0, 10, 1 ],
			"to": [ 15, 11, 14.5 ],
			"faces": {
				"down": { "uv": [ 0, 1.5, 15, 15 ], "texture": "#Wood" },
				"up": { "uv": [ 0, 1, 15, 14.5 ], "texture": "#Wood" },
				"north": { "uv": [ 1, 5, 16, 6 ], "texture": "#Wood" },
				"west": { "uv": [ 1, 5, 14.5, 6 ], "texture": "#Wood" }
			}
		},
		{
			"__comment": "Wood-Bench5",
			"from": [ 0, 14.5, 15 ],
			"to": [ 15, 16, 15.5 ],
			"faces": {
				"down": { "uv": [ 0, 0.5, 15, 1 ], "texture": "#Wood" },
				"up": { "uv": [ 0, 15, 15, 15.5 ], "texture": "#Wood" },
				"south": { "uv": [ 0, 0, 15, 1.5 ], "texture": "#Wood" },
				"west": { "uv": [ 15, 0, 15.5, 1.5 ], "texture": "#Wood" },
				"east": { "uv": [ 0.5, 0, 1, 1.5 ], "texture": "#Wood" }
			}
		},
		{
			"__comment": "Wood-Bench6",
			"from": [ 0, 15, 0 ],
			"to": [ 15.5, 15.5, 14.5 ],
			"faces": {
				"down": { "uv": [ 0, 1.5, 15.5, 16 ], "texture": "#Wood" },
				"up": { "uv": [ 0, 0, 15.5, 14.5 ], "texture": "#Wood" },
				"north": { "uv": [ 0.5, 0.5, 16, 1 ], "texture": "#Wood" },
				"west": { "uv": [ 0, 0.5, 14.5, 1 ], "texture": "#Wood" },
				"east": { "uv": [ 1.5, 0.5, 16, 1 ], "texture": "#Wood" }
			}
		},
		{
			"__comment": "Wood-Bench7",
			"from": [ 0, 15, 15.5 ],
			"to": [ 15.5, 15.5, 16 ],
			"faces": {
				"down": { "uv": [ 0, 0, 15.5, 0.5 ], "texture": "#Wood" },
				"up": { "uv": [ 0, 15.5, 15.5, 16 ], "texture": "#Wood" },
				"north": { "uv": [ 0.5, 0.5, 16, 1 ], "texture": "#Wood" },
				"south": { "uv": [ 0, 0.5, 15.5, 1 ], "texture": "#Wood" },
				"west": { "uv": [ 15.5, 0.5, 16, 1 ], "texture": "#Wood" },
				"east": { "uv": [ 0, 0.5, 0.5, 1 ], "texture": "#Wood" }
			}
		},
		{
			"__comment": "Wood-Bench8",
			"from": [ 0, 15.5, 0.5 ],
			"to": [ 15, 16, 14.5 ],
			"faces": {
				"up": { "uv": [ 0, 0.5, 15, 14.5 ], "texture": "#Wood" },
				"north": { "uv": [ 1, 0, 16, 0.5 ], "texture": "#Wood" },
				"west": { "uv": [ 0.5, 0, 14.5, 0.5 ], "texture": "#Wood" },
				"east": { "uv": [ 1.5, 0, 15.5, 0.5 ], "texture": "#Wood" }
			}
		},
		{
			"__comment": "Wood-Bench9",
			"from": [ 12.5, 1, 15 ],
			"to": [ 15, 1.5, 15.5 ],
			"faces": {
				"up": { "uv": [ 12.5, 15, 15, 15.5 ], "texture": "#Wood" },
				"south": { "uv": [ 12.5, 14.5, 15, 15 ], "texture": "#Wood" },
				"west": { "uv": [ 15, 14.5, 15.5, 15 ], "texture": "#Wood" },
				"east": { "uv": [ 0.5, 14.5, 1, 15 ], "texture": "#Wood" }
			}
		},
		{
			"__comment": "Wood-Bench10",
			"from": [ 12.5, 14, 15 ],
			"to": [ 15, 14.5, 15.5 ],
			"faces": {
				"down": { "uv": [ 12.5, 0.5, 15, 1 ], "texture": "#Wood" },
				"south": { "uv": [ 12.5, 1.5, 15, 2 ], "texture": "#Wood" },
				"west": { "uv": [ 15, 1.5, 15.5, 2 ], "texture": "#Wood" },
				"east": { "uv": [ 0.5, 1.5, 1, 2 ], "texture": "#Wood" }
			}
		},
		{
			"__comment": "Wood-Bench11",
			"from": [ 13.5, 1.5, 15 ],
			"to": [ 15, 2, 15.5 ],
			"faces": {
				"up": { "uv": [ 13.5, 15, 15, 15.5 ], "texture": "#Wood" },
				"south": { "uv": [ 13.5, 14, 15, 14.5 ], "texture": "#Wood" },
				"west": { "uv": [ 15, 14, 15.5, 14.5 ], "texture": "#Wood" },
				"east": { "uv": [ 0.5, 14, 1, 14.5 ], "texture": "#Wood" }
			}
		},
		{
			"__comment": "Wood-Bench12",
			"from": [ 13.5, 13.5, 15 ],
			"to": [ 15, 14, 15.5 ],
			"faces": {
				"down": { "uv": [ 13.5, 0.5, 15, 1 ], "texture": "#Wood" },
				"south": { "uv": [ 13.5, 2, 15, 2.5 ], "texture": "#Wood" },
				"west": { "uv": [ 15, 2, 15.5, 2.5 ], "texture": "#Wood" },
				"east": { "uv": [ 0.5, 2, 1, 2.5 ], "texture": "#Wood" }
			}
		},
		{
			"__comment": "Wood-Bench13",
			"from": [ 14, 2, 15 ],
			"to": [ 15, 3, 15.5 ],
			"faces": {
				"up": { "uv": [ 14, 15, 15, 15.5 ], "texture": "#Wood" },
				"south": { "uv": [ 14, 13, 15, 14 ], "texture": "#Wood" },
				"west": { "uv": [ 15, 13, 15.5, 14 ], "texture": "#Wood" },
				"east": { "uv": [ 0.5, 13, 1, 14 ], "texture": "#Wood" }
			}
		},
		{
			"__comment": "Wood-Bench14",
			"from": [ 14, 12.5, 15 ],
			"to": [ 15, 13.5, 15.5 ],
			"faces": {
				"down": { "uv": [ 14, 0.5, 15, 1 ], "texture": "#Wood" },
				"south": { "uv": [ 14, 2.5, 15, 3.5 ], "texture": "#Wood" },
				"west": { "uv": [ 15, 2.5, 15.5, 3.5 ], "texture": "#Wood" },
				"east": { "uv": [ 0.5, 2.5, 1, 3.5 ], "texture": "#Wood" }
			}
		},
		{
			"__comment": "Wood-Bench15",
			"from": [ 14.5, 1, 0.5 ],
			"to": [ 15, 5, 14.5 ],
			"faces": {
				"north": { "uv": [ 1, 11, 1.5, 15 ], "texture": "#Wood" },
				"west": { "uv": [ 0.5, 11, 14.5, 15 ], "texture": "#Wood" },
				"east": { "uv": [ 1.5, 11, 15.5, 15 ], "texture": "#Wood" }
			}
		},
		{
			"__comment": "Wood-Bench16",
			"from": [ 14.5, 3, 15 ],
			"to": [ 15, 12.5, 15.5 ],
			"faces": {
				"south": { "uv": [ 14.5, 3.5, 15, 13 ], "texture": "#Wood" },
				"west": { "uv": [ 15, 3.5, 15.5, 13 ], "texture": "#Wood" },
				"east": { "uv": [ 0.5, 3.5, 1, 13 ], "texture": "#Wood" }
			}
		},
		{
			"__comment": "Wood-Bench17",
			"from": [ 14.5, 5.5, 0.5 ],
			"to": [ 15, 11, 14.5 ],
			"faces": {
				"north": { "uv": [ 1, 5, 1.5, 10.5 ], "texture": "#Wood" },
				"west": { "uv": [ 0.5, 5, 14.5, 10.5 ], "texture": "#Wood" },
				"east": { "uv": [ 1.5, 5, 15.5, 10.5 ], "texture": "#Wood" }
			}
		},
		{
			"__comment": "Wood-Bench18",
			"from": [ 14.5, 11, 0.5 ],
			"to": [ 15, 15, 14.5 ],
			"faces": {
				"north": { "uv": [ 1, 1, 1.5, 5 ], "texture": "#Wood" },
				"west": { "uv": [ 0.5, 1, 14.5, 5 ], "texture": "#Wood" },
				"east": { "uv": [ 1.5, 1, 15.5, 5 ], "texture": "#Wood" }
			}
		},
		{
			"__comment": "Wood-Bench19",
			"from": [ 15, 0.5, 1 ],
			"to": [ 15.5, 15, 1.5 ],
			"faces": {
				"north": { "uv": [ 0.5, 1, 1, 15.5 ], "texture": "#Wood" },
				"south": { "uv": [ 15, 1, 15.5, 15.5 ], "texture": "#Wood" },
				"west": { "uv": [ 1, 1, 1.5, 15.5 ], "texture": "#Wood" },
				"east": { "uv": [ 14.5, 1, 15, 15.5 ], "texture": "#Wood" }
			}
		},
		{
			"__comment": "Wood-Bench20",
			"from": [ 15, 0.5, 1.5 ],
			"to": [ 15.5, 3, 2 ],
			"faces": {
				"up": { "uv": [ 15, 1.5, 15.5, 2 ], "texture": "#Wood" },
				"south": { "uv": [ 15, 13, 15.5, 15.5 ], "texture": "#Wood" },
				"west": { "uv": [ 1.5, 13, 2, 15.5 ], "texture": "#Wood" },
				"east": { "uv": [ 14, 13, 14.5, 15.5 ], "texture": "#Wood" }
			}
		},
		{
			"__comment": "Wood-Bench21",
			"from": [ 15, 0.5, 2 ],
			"to": [ 15.5, 2, 2.5 ],
			"faces": {
				"up": { "uv": [ 15, 2, 15.5, 2.5 ], "texture": "#Wood" },
				"south": { "uv": [ 15, 14, 15.5, 15.5 ], "texture": "#Wood" },
				"west": { "uv": [ 2, 14, 2.5, 15.5 ], "texture": "#Wood" },
				"east": { "uv": [ 13.5, 14, 14, 15.5 ], "texture": "#Wood" }
			}
		},
		{
			"__comment": "Wood-Bench22",
			"from": [ 15, 0.5, 2.5 ],
			"to": [ 15.5, 1.5, 3.5 ],
			"faces": {
				"up": { "uv": [ 15, 2.5, 15.5, 3.5 ], "texture": "#Wood" },
				"south": { "uv": [ 15, 14.5, 15.5, 15.5 ], "texture": "#Wood" },
				"west": { "uv": [ 2.5, 14.5, 3.5, 15.5 ], "texture": "#Wood" },
				"east": { "uv": [ 12.5, 14.5, 13.5, 15.5 ], "texture": "#Wood" }
			}
		},
		{
			"__comment": "Wood-Bench23",
			"from": [ 15, 0.5, 3.5 ],
			"to": [ 15.5, 1, 15 ],
			"faces": {
				"up": { "uv": [ 15, 3.5, 15.5, 15 ], "texture": "#Wood" },
				"south": { "uv": [ 15, 15, 15.5, 15.5 ], "texture": "#Wood" },
				"east": { "uv": [ 1, 15, 12.5, 15.5 ], "texture": "#Wood" }
			}
		},
		{
			"__comment": "Wood-Bench24",
			"from": [ 15, 1, 12.5 ],
			"to": [ 15.5, 1.5, 14.5 ],
			"faces": {
				"up": { "uv": [ 15, 12.5, 15.5, 14.5 ], "texture": "#Wood" },
				"north": { "uv": [ 0.5, 14.5, 1, 15 ], "texture": "#Wood" },
				"east": { "uv": [ 1.5, 14.5, 3.5, 15 ], "texture": "#Wood" }
			}
		},
		{
			"__comment": "Wood-Bench25",
			"from": [ 15, 1.5, 13.5 ],
			"to": [ 15.5, 2, 14.5 ],
			"faces": {
				"up": { "uv": [ 15, 13.5, 15.5, 14.5 ], "texture": "#Wood" },
				"north": { "uv": [ 0.5, 14, 1, 14.5 ], "texture": "#Wood" },
				"east": { "uv": [ 1.5, 14, 2.5, 14.5 ], "texture": "#Wood" }
			}
		},
		{
			"__comment": "Wood-Bench26",
			"from": [ 15, 2, 14 ],
			"to": [ 15.5, 3, 14.5 ],
			"faces": {
				"up": { "uv": [ 15, 14, 15.5, 14.5 ], "texture": "#Wood" },
				"north": { "uv": [ 0.5, 13, 1, 14 ], "texture": "#Wood" },
				"east": { "uv": [ 1.5, 13, 2, 14 ], "texture": "#Wood" }
			}
		},
		{
			"__comment": "Wood-Bench27",
			"from": [ 15, 12.5, 1.5 ],
			"to": [ 15.5, 15, 2 ],
			"faces": {
				"down": { "uv": [ 15, 14, 15.5, 14.5 ], "texture": "#Wood" },
				"south": { "uv": [ 15, 1, 15.5, 3.5 ], "texture": "#Wood" },
				"east": { "uv": [ 14, 1, 14.5, 3.5 ], "texture": "#Wood" }
			}
		},
		{
			"__comment": "Wood-Bench28",
			"from": [ 15, 12.5, 14 ],
			"to": [ 15.5, 15, 14.5 ],
			"faces": {
				"down": { "uv": [ 15, 1.5, 15.5, 2 ], "texture": "#Wood" },
				"north": { "uv": [ 0.5, 1, 1, 3.5 ], "texture": "#Wood" },
				"east": { "uv": [ 1.5, 1, 2, 3.5 ], "texture": "#Wood" }
			}
		},
		{
			"__comment": "Wood-Bench29",
			"from": [ 15, 13.5, 2 ],
			"to": [ 15.5, 15, 2.5 ],
			"faces": {
				"down": { "uv": [ 15, 13.5, 15.5, 14 ], "texture": "#Wood" },
				"south": { "uv": [ 15, 1, 15.5, 2.5 ], "texture": "#Wood" },
				"east": { "uv": [ 13.5, 1, 14, 2.5 ], "texture": "#Wood" }
			}
		},
		{
			"__comment": "Wood-Bench30",
			"from": [ 15, 13.5, 13.5 ],
			"to": [ 15.5, 15, 14 ],
			"faces": {
				"down": { "uv": [ 15, 2, 15.5, 2.5 ], "texture": "#Wood" },
				"north": { "uv": [ 0.5, 1, 1, 2.5 ], "texture": "#Wood" },
				"east": { "uv": [ 2, 1, 2.5, 2.5 ], "texture": "#Wood" }
			}
		},
		{
			"__comment": "Wood-Bench31",
			"from": [ 15, 14, 2.5 ],
			"to": [ 15.5, 15, 3.5 ],
			"faces": {
				"down": { "uv": [ 15, 12.5, 15.5, 13.5 ], "texture": "#Wood" },
				"south": { "uv": [ 15, 1, 15.5, 2 ], "texture": "#Wood" },
				"east": { "uv": [ 12.5, 1, 13.5, 2 ], "texture": "#Wood" }
			}
		},
		{
			"__comment": "Wood-Bench32",
			"from": [ 15, 14, 12.5 ],
			"to": [ 15.5, 15, 13.5 ],
			"faces": {
				"down": { "uv": [ 15, 2.5, 15.5, 3.5 ], "texture": "#Wood" },
				"north": { "uv": [ 0.5, 1, 1, 2 ], "texture": "#Wood" },
				"east": { "uv": [ 2.5, 1, 3.5, 2 ], "texture": "#Wood" }
			}
		},
		{
			"__comment": "Wood-Bench33",
			"from": [ 15, 14.5, 3.5 ],
			"to": [ 15.5, 15, 12.5 ],
			"faces": {
				"down": { "uv": [ 15, 3.5, 15.5, 12.5 ], "texture": "#Wood" },
				"east": { "uv": [ 3.5, 1, 12.5, 1.5 ], "texture": "#Wood" }
			}
		},
		{
			"__comment": "Wood-Bench34",
			"from": [ 15, 15, 15 ],
			"to": [ 16, 15.5, 15.5 ],
			"faces": {
				"down": { "uv": [ 15, 0.5, 16, 1 ], "texture": "#Wood" },
				"up": { "uv": [ 15, 15, 16, 15.5 ], "texture": "#Wood" },
				"north": { "uv": [ 0, 0.5, 1, 1 ], "texture": "#Wood" },
				"south": { "uv": [ 15, 0.5, 16, 1 ], "texture": "#Wood" },
				"east": { "uv": [ 0.5, 0.5, 1, 1 ], "texture": "#Wood" }
			}
		},
		{
			"__comment": "Wood-Bench35",
			"from": [ 15, 15.5, 1 ],
			"to": [ 15.5, 16, 14.5 ],
			"faces": {
				"up": { "uv": [ 15, 1, 15.5, 14.5 ], "texture": "#Wood" },
				"north": { "uv": [ 0.5, 0, 1, 0.5 ], "texture": "#Wood" },
				"east": { "uv": [ 1.5, 0, 15, 0.5 ], "texture": "#Wood" }
			}
		},
		{
			"__comment": "Wood-Bench36",
			"from": [ 15.5, 0, 0.5 ],
			"to": [ 16, 0.5, 15.5 ],
			"faces": {
				"down": { "uv": [ 15.5, 0.5, 16, 15.5 ], "texture": "#Wood" },
				"up": { "uv": [ 15.5, 0.5, 16, 15.5 ], "texture": "#Wood" },
				"north": { "uv": [ 0, 15.5, 0.5, 16 ], "texture": "#Wood" },
				"south": { "uv": [ 15.5, 15.5, 16, 16 ], "texture": "#Wood" },
				"east": { "uv": [ 0.5, 15.5, 15.5, 16 ], "texture": "#Wood" }
			}
		},
		{
			"__comment": "Wood-Bench37",
			"from": [ 15.5, 15, 0.5 ],
			"to": [ 16, 15.5, 15 ],
			"faces": {
				"down": { "uv": [ 15.5, 1, 16, 15.5 ], "texture": "#Wood" },
				"up": { "uv": [ 15.5, 0.5, 16, 15 ], "texture": "#Wood" },
				"north": { "uv": [ 0, 0.5, 0.5, 1 ], "texture": "#Wood" },
				"west": { "uv": [ 0.5, 0.5, 15, 1 ], "texture": "#Wood" },
				"east": { "uv": [ 1, 0.5, 15.5, 1 ], "texture": "#Wood" }
			}
		},
		{
			"__comment": "Wood-Bench38",
			"from": [ 0, 10, 0.5 ],
			"to": [ 15, 10.5, 1 ],
			"faces": {
				"down": { "uv": [ 0, 15, 15, 15.5 ], "texture": "#Wood" },
				"up": { "uv": [ 0, 0.5, 15, 1 ], "texture": "#Wood" },
				"north": { "uv": [ 1, 5.5, 16, 6 ], "texture": "#Wood" },
				"west": { "uv": [ 0.5, 5.5, 1, 6 ], "texture": "#Wood" }
			}
		},
		{
			"__comment": "Wood-Bench39",
			"from": [ 0, 5, 0.5 ],
			"to": [ 15, 5.5, 1 ],
			"faces": {
				"down": { "uv": [ 0, 15, 15, 15.5 ], "texture": "#Wood" },
				"up": { "uv": [ 0, 0.5, 15, 1 ], "texture": "#Wood" },
				"north": { "uv": [ 1, 10.5, 16, 11 ], "texture": "#Wood" },
				"west": { "uv": [ 0.5, 10.5, 1, 11 ], "texture": "#Wood" },
				"east": { "uv": [ 15, 10.5, 15.5, 11 ], "texture": "#Wood" }
			}
		}
	],
	"display": {
		"thirdperson_righthand": {
			"rotation":  [ 75, 45, 0 ],
			"translation":  [ 0, 2.5, 0 ],
			"scale":  [ 0.375, 0.375, 0.375 ]
		},
		"thirdperson_lefthand": {
			"rotation":  [ 75, 45, 0 ],
			"translation":  [ 0, 2.5, 0 ],
			"scale":  [ 0.375, 0.375, 0.375 ]
		},
		"firstperson_righthand": {
			"rotation":  [ 0, 45, 0 ],
			"scale":  [ 0.4, 0.4, 0.4 ]
		},
		"firstperson_lefthand": {
			"rotation":  [ 0, 45, 0 ],
			"scale":  [ 0.4, 0.4, 0.4 ]
		},
		"gui": {
			"rotation":  [ 30, 225, 0 ],
			"scale":  [ 0.625, 0.625, 0.625 ]
		},
		"head": {
			"translation":  [ 0, -30, 0 ],
			"scale":  [ 1.65, 1.65, 1.65 ]
		},
		"ground": {
			"translation":  [ 0, 3, 0 ],
			"scale":  [ 0.25, 0.25, 0.25 ]
		},
		"fixed": {
			"scale":  [ 0.5, 0.5, 0.5 ]
		}
	}
}