{
	"parent": "item/handheld",
	"textures": {
		"layer0": "item/diamond_shovel"
	},
	"overrides": [
		{ "predicate": {"custom_model_data": 1}, "model": "furniture/bench/oak-bench-corner-inner"},
		{ "predicate": {"custom_model_data": 2}, "model": "furniture/bench/oak-bench-corner-outer"},
		{ "predicate": {"custom_model_data": 3}, "model": "furniture/bench/oak-bench-end-left"},
		{ "predicate": {"custom_model_data": 4}, "model": "furniture/bench/oak-bench-end-right"},
		{ "predicate": {"custom_model_data": 5}, "model": "furniture/bench/oak-bench-middle"},
		{ "predicate": {"custom_model_data": 6}, "model": "furniture/bench/oak-bench-single"},
		{ "predicate": {"custom_model_data": 7}, "model": "furniture/chair/oak-chair"},
		{ "predicate": {"custom_model_data": 8}, "model": "furniture/chair/oak-chair-circle"},
		{ "predicate": {"custom_model_data": 9}, "model": "furniture/chair/oak-chair-cross"},
		{ "predicate": {"custom_model_data": 10}, "model": "furniture/chair/oak-chair-diamond"},
		{ "predicate": {"custom_model_data": 11}, "model": "furniture/chair/oak-chair-heart"},
		{ "predicate": {"custom_model_data": 12}, "model": "furniture/table/oak-table"},
		{ "predicate": {"custom_model_data": 13}, "model": "furniture/table/oak-table-framed"},
		{ "predicate": {"custom_model_data": 14}, "model": "furniture/bench/spruce-bench-corner-inner"},
		{ "predicate": {"custom_model_data": 15}, "model": "furniture/bench/spruce-bench-corner-outer"},
		{ "predicate": {"custom_model_data": 16}, "model": "furniture/bench/spruce-bench-end-left"},
		{ "predicate": {"custom_model_data": 17}, "model": "furniture/bench/spruce-bench-end-right"},
		{ "predicate": {"custom_model_data": 18}, "model": "furniture/bench/spruce-bench-middle"},
		{ "predicate": {"custom_model_data": 19}, "model": "furniture/bench/spruce-bench-single"},
		{ "predicate": {"custom_model_data": 20}, "model": "furniture/chair/spruce-chair"},
		{ "predicate": {"custom_model_data": 21}, "model": "furniture/chair/spruce-chair-circle"},
		{ "predicate": {"custom_model_data": 22}, "model": "furniture/chair/spruce-chair-cross"},
		{ "predicate": {"custom_model_data": 23}, "model": "furniture/chair/spruce-chair-diamond"},
		{ "predicate": {"custom_model_data": 24}, "model": "furniture/chair/spruce-chair-heart"},
		{ "predicate": {"custom_model_data": 25}, "model": "furniture/table/spruce-table"},
		{ "predicate": {"custom_model_data": 26}, "model": "furniture/table/spruce-table-framed"},
		{ "predicate": {"custom_model_data": 27}, "model": "furniture/bench/birch-bench-corner-inner"},
		{ "predicate": {"custom_model_data": 28}, "model": "furniture/bench/birch-bench-corner-outer"},
		{ "predicate": {"custom_model_data": 29}, "model": "furniture/bench/birch-bench-end-left"},
		{ "predicate": {"custom_model_data": 30}, "model": "furniture/bench/birch-bench-end-right"},
		{ "predicate": {"custom_model_data": 31}, "model": "furniture/bench/birch-bench-middle"},
		{ "predicate": {"custom_model_data": 32}, "model": "furniture/bench/birch-bench-single"},
		{ "predicate": {"custom_model_data": 33}, "model": "furniture/chair/birch-chair"},
		{ "predicate": {"custom_model_data": 34}, "model": "furniture/chair/birch-chair-circle"},
		{ "predicate": {"custom_model_data": 35}, "model": "furniture/chair/birch-chair-cross"},
		{ "predicate": {"custom_model_data": 36}, "model": "furniture/chair/birch-chair-diamond"},
		{ "predicate": {"custom_model_data": 37}, "model": "furniture/chair/birch-chair-heart"},
		{ "predicate": {"custom_model_data": 38}, "model": "furniture/table/birch-table"},
		{ "predicate": {"custom_model_data": 39}, "model": "furniture/table/birch-table-framed"},
		{ "predicate": {"custom_model_data": 40}, "model": "furniture/bench/jungle-bench-corner-inner"},
		{ "predicate": {"custom_model_data": 41}, "model": "furniture/bench/jungle-bench-corner-outer"},
		{ "predicate": {"custom_model_data": 42}, "model": "furniture/bench/jungle-bench-end-left"},
		{ "predicate": {"custom_model_data": 43}, "model": "furniture/bench/jungle-bench-end-right"},
		{ "predicate": {"custom_model_data": 44}, "model": "furniture/bench/jungle-bench-middle"},
		{ "predicate": {"custom_model_data": 45}, "model": "furniture/bench/jungle-bench-single"},
		{ "predicate": {"custom_model_data": 46}, "model": "furniture/chair/jungle-chair"},
		{ "predicate": {"custom_model_data": 47}, "model": "furniture/chair/jungle-chair-circle"},
		{ "predicate": {"custom_model_data": 48}, "model": "furniture/chair/jungle-chair-cross"},
		{ "predicate": {"custom_model_data": 49}, "model": "furniture/chair/jungle-chair-diamond"},
		{ "predicate": {"custom_model_data": 50}, "model": "furniture/chair/jungle-chair-heart"},
		{ "predicate": {"custom_model_data": 51}, "model": "furniture/table/jungle-table"},
		{ "predicate": {"custom_model_data": 52}, "model": "furniture/table/jungle-table-framed"},
		{ "predicate": {"custom_model_data": 53}, "model": "furniture/bench/acacia-bench-corner-inner"},
		{ "predicate": {"custom_model_data": 54}, "model": "furniture/bench/acacia-bench-corner-outer"},
		{ "predicate": {"custom_model_data": 55}, "model": "furniture/bench/acacia-bench-end-left"},
		{ "predicate": {"custom_model_data": 56}, "model": "furniture/bench/acacia-bench-end-right"},
		{ "predicate": {"custom_model_data": 57}, "model": "furniture/bench/acacia-bench-middle"},
		{ "predicate": {"custom_model_data": 58}, "model": "furniture/bench/acacia-bench-single"},
		{ "predicate": {"custom_model_data": 59}, "model": "furniture/chair/acacia-chair"},
		{ "predicate": {"custom_model_data": 60}, "model": "furniture/chair/acacia-chair-circle"},
		{ "predicate": {"custom_model_data": 61}, "model": "furniture/chair/acacia-chair-cross"},
		{ "predicate": {"custom_model_data": 62}, "model": "furniture/chair/acacia-chair-diamond"},
		{ "predicate": {"custom_model_data": 63}, "model": "furniture/chair/acacia-chair-heart"},
		{ "predicate": {"custom_model_data": 64}, "model": "furniture/table/acacia-table"},
		{ "predicate": {"custom_model_data": 65}, "model": "furniture/table/acacia-table-framed"},
		{ "predicate": {"custom_model_data": 66}, "model": "furniture/bench/dark-oak-bench-corner-inner"},
		{ "predicate": {"custom_model_data": 67}, "model": "furniture/bench/dark-oak-bench-corner-outer"},
		{ "predicate": {"custom_model_data": 68}, "model": "furniture/bench/dark-oak-bench-end-left"},
		{ "predicate": {"custom_model_data": 69}, "model": "furniture/bench/dark-oak-bench-end-right"},
		{ "predicate": {"custom_model_data": 70}, "model": "furniture/bench/dark-oak-bench-middle"},
		{ "predicate": {"custom_model_data": 71}, "model": "furniture/bench/dark-oak-bench-single"},
		{ "predicate": {"custom_model_data": 72}, "model": "furniture/chair/dark-oak-chair"},
		{ "predicate": {"custom_model_data": 73}, "model": "furniture/chair/dark-oak-chair-circle"},
		{ "predicate": {"custom_model_data": 74}, "model": "furniture/chair/dark-oak-chair-cross"},
		{ "predicate": {"custom_model_data": 75}, "model": "furniture/chair/dark-oak-chair-diamond"},
		{ "predicate": {"custom_model_data": 76}, "model": "furniture/chair/dark-oak-chair-heart"},
		{ "predicate": {"custom_model_data": 77}, "model": "furniture/table/dark-oak-table"},
		{ "predicate": {"custom_model_data": 78}, "model": "furniture/table/dark-oak-table-framed"}
	]
}