{
	"parent": "item/handheld",
	"textures": {
		"layer0": "item/wooden_pickaxe"
	},
	"overrides": [
		{ "predicate": {"damaged": 0, "damage": 0}, "model": "item/vanilla/wooden_pickaxe"},
		{ "predicate": {"damaged": 0, "damage": 0.016666666666666666}, "model": "cosmetics/hats/antlers"},
		{ "predicate": {"damaged": 0, "damage": 0.03333333333333333}, "model": "cosmetics/hats/chef"},
		{ "predicate": {"damaged": 0, "damage": 0.05}, "model": "cosmetics/hats/devil_horns"},
		{ "predicate": {"damaged": 0, "damage": 0.06666666666666667}, "model": "cosmetics/hats/halo"},
		{ "predicate": {"damaged": 0, "damage": 0.08333333333333333}, "model": "cosmetics/hats/magicarp"},
		{ "predicate": {"damaged": 0, "damage": 0.1}, "model": "cosmetics/hats/pilgrim"},
		{ "predicate": {"damaged": 0, "damage": 0.11666666666666667}, "model": "cosmetics/hats/pirate"},
		{ "predicate": {"damaged": 0, "damage": 0.13333333333333333}, "model": "cosmetics/hats/disguise"},
		{ "predicate": {"damaged": 0, "damage": 0.15}, "model": "cosmetics/hats/plunger"},
		{ "predicate": {"damaged": 0, "damage": 0.16666666666666666}, "model": "cosmetics/hats/sombrero"},
		{ "predicate": {"damaged": 0, "damage": 0.18333333333333332}, "model": "cosmetics/hats/space_helmet"},
		{ "predicate": {"damaged": 0, "damage": 0.2}, "model": "cosmetics/hats/wonka"},
		{ "predicate": {"damaged": 0, "damage": 0.21666666666666667}, "model": "cosmetics/hats/viking"},
		{ "predicate": {"damaged": 0, "damage": 0.23333333333333334}, "model": "cosmetics/hats/rabbit-ears"},
		{ "predicate": {"damaged": 0, "damage": 0.25}, "model": "cosmetics/hats/cat-face"},
		{ "predicate": {"damaged": 0, "damage": 0.26666666666666666}, "model": "3"},
		{ "predicate": {"damaged": 0, "damage": 0.2833333333333333}, "model": "4"},
		{ "predicate": {"damaged": 0, "damage": 0.3}, "model": "5"},
		{ "predicate": {"damaged": 0, "damage": 0.31666666666666665}, "model": "6"},
		{ "predicate": {"damaged": 0, "damage": 0.3333333333333333}, "model": "cosmetics/games/7"},
		{ "predicate": {"damaged": 0, "damage": 0.35}, "model": "cosmetics/games/8"},
		{ "predicate": {"damaged": 0, "damage": 0.36666666666666664}, "model": "cosmetics/balloons/multi-color-balloons"},
		{ "predicate": {"damaged": 0, "damage": 0.3833333333333333}, "model": "cosmetics/22"},
		{ "predicate": {"damaged": 0, "damage": 0.4}, "model": "cosmetics/23"},
		{ "predicate": {"damaged": 0, "damage": 0.4166666666666667}, "model": "cosmetics/24"},
		{ "predicate": {"damaged": 0, "damage": 0.43333333333333335}, "model": "cosmetics/25"},
		{ "predicate": {"damaged": 0, "damage": 0.45}, "model": "cosmetics/26"},
		{ "predicate": {"damaged": 0, "damage": 0.4666666666666667}, "model": "cosmetics/27"},
		{ "predicate": {"damaged": 0, "damage": 0.48333333333333334}, "model": "cosmetics/28"},
		{ "predicate": {"damaged": 0, "damage": 0.5}, "model": "cosmetics/29"},
		{ "predicate": {"damaged": 0, "damage": 0.5166666666666666}, "model": "cosmetics/30"},
		{ "predicate": {"damaged": 0, "damage": 0.5333333333333333}, "model": "cosmetics/31"},
		{ "predicate": {"damaged": 0, "damage": 0.55}, "model": "cosmetics/32"},
		{ "predicate": {"damaged": 0, "damage": 0.5666666666666667}, "model": "cosmetics/33"},
		{ "predicate": {"damaged": 0, "damage": 0.5833333333333334}, "model": "cosmetics/34"},
		{ "predicate": {"damaged": 0, "damage": 0.6}, "model": "cosmetics/35"},
		{ "predicate": {"damaged": 0, "damage": 0.6166666666666667}, "model": "cosmetics/36"},
		{ "predicate": {"damaged": 0, "damage": 0.6333333333333333}, "model": "cosmetics/37"},
		{ "predicate": {"damaged": 0, "damage": 0.65}, "model": "cosmetics/38"},
		{ "predicate": {"damaged": 0, "damage": 0.6666666666666666}, "model": "cosmetics/39"},
		{ "predicate": {"damaged": 0, "damage": 0.6833333333333333}, "model": "cosmetics/40"},
		{ "predicate": {"damaged": 0, "damage": 0.7}, "model": "cosmetics/41"},
		{ "predicate": {"damaged": 0, "damage": 0.7166666666666667}, "model": "cosmetics/42"},
		{ "predicate": {"damaged": 0, "damage": 0.7333333333333333}, "model": "cosmetics/43"},
		{ "predicate": {"damaged": 0, "damage": 0.75}, "model": "cosmetics/44"},
		{ "predicate": {"damaged": 0, "damage": 0.7666666666666666}, "model": "cosmetics/45"},
		{ "predicate": {"damaged": 0, "damage": 0.7833333333333333}, "model": "cosmetics/46"},
		{ "predicate": {"damaged": 0, "damage": 0.8}, "model": "cosmetics/47"},
		{ "predicate": {"damaged": 0, "damage": 0.8166666666666667}, "model": "cosmetics/48"},
		{ "predicate": {"damaged": 0, "damage": 0.8333333333333334}, "model": "cosmetics/49"},
		{ "predicate": {"damaged": 0, "damage": 0.85}, "model": "cosmetics/50"},
		{ "predicate": {"damaged": 0, "damage": 0.8666666666666667}, "model": "cosmetics/51"},
		{ "predicate": {"damaged": 0, "damage": 0.8833333333333333}, "model": "cosmetics/52"},
		{ "predicate": {"damaged": 0, "damage": 0.9}, "model": "cosmetics/53"},
		{ "predicate": {"damaged": 0, "damage": 0.9166666666666666}, "model": "cosmetics/54"},
		{ "predicate": {"damaged": 0, "damage": 0.9333333333333333}, "model": "cosmetics/55"},
		{ "predicate": {"damaged": 0, "damage": 0.95}, "model": "cosmetics/56"},
		{ "predicate": {"damaged": 0, "damage": 0.9666666666666667}, "model": "cosmetics/57"},
		{ "predicate": {"damaged": 0, "damage": 0.9833333333333333}, "model": "cosmetics/58"},
		{ "predicate": {"damaged": 1, "damage": 0}, "model": "item/vanilla/wooden_pickaxe"}
	]
}