{
	"parent": "item/handheld",
	"textures": {
		"layer0": "item/wood_shovel"
	},
	"overrides": [
		{ "predicate": {"damaged": 0, "damage": 0}, "model": "item/vanilla/wooden_shovel"},
		{ "predicate": {"damaged": 0, "damage": 0.016666666666666666}, "model": "item/tool/orb"},
		{ "predicate": {"damaged": 0, "damage": 0.03333333333333333}, "model": "item/tool/toolbox"},
		{ "predicate": {"damaged": 0, "damage": 0.05}, "model": "gui/container/add"},
		{ "predicate": {"damaged": 0, "damage": 0.06666666666666667}, "model": "gui/container/workbench"},
		{ "predicate": {"damaged": 0, "damage": 0.08333333333333333}, "model": "gui/container/backpack"},
		{ "predicate": {"damaged": 0, "damage": 0.1}, "model": "gui/container/pet"},
		{ "predicate": {"damaged": 0, "damage": 0.11666666666666667}, "model": "gui/container/artifact"},
		{ "predicate": {"damaged": 0, "damage": 0.13333333333333333}, "model": "gui/container/helmet"},
		{ "predicate": {"damaged": 0, "damage": 0.15}, "model": "gui/container/chestplate"},
		{ "predicate": {"damaged": 0, "damage": 0.16666666666666666}, "model": "gui/container/leggings"},
		{ "predicate": {"damaged": 0, "damage": 0.18333333333333332}, "model": "gui/container/boots"},
		{ "predicate": {"damaged": 0, "damage": 0.2}, "model": "gui/container/gloves"},
		{ "predicate": {"damaged": 0, "damage": 0.21666666666666667}, "model": "gui/container/ring"},
		{ "predicate": {"damaged": 0, "damage": 0.23333333333333334}, "model": "gui/container/elytra"},
		{ "predicate": {"damaged": 0, "damage": 0.25}, "model": "gui/container/weapon"},
		{ "predicate": {"damaged": 0, "damage": 0.26666666666666666}, "model": "gui/container/shield"},
		{ "predicate": {"damaged": 0, "damage": 0.2833333333333333}, "model": "gui/container/necklace"},
		{ "predicate": {"damaged": 0, "damage": 0.3}, "model": "gui/games/palegio"},
		{ "predicate": {"damaged": 0, "damage": 0.31666666666666665}, "model": "gui/games/farmtycoon"},
		{ "predicate": {"damaged": 0, "damage": 0.3333333333333333}, "model": "gui/games/masonary"},
		{ "predicate": {"damaged": 0, "damage": 0.35}, "model": "gui/games/arcade"},
		{ "predicate": {"damaged": 0, "damage": 0.36666666666666664}, "model": "gui/container/tick"},
		{ "predicate": {"damaged": 0, "damage": 0.3833333333333333}, "model": "gui/container/cross"},
		{ "predicate": {"damaged": 0, "damage": 0.4}, "model": "gui/23"},
		{ "predicate": {"damaged": 0, "damage": 0.4166666666666667}, "model": "gui/24"},
		{ "predicate": {"damaged": 0, "damage": 0.43333333333333335}, "model": "gui/25"},
		{ "predicate": {"damaged": 0, "damage": 0.45}, "model": "gui/26"},
		{ "predicate": {"damaged": 0, "damage": 0.4666666666666667}, "model": "gui/27"},
		{ "predicate": {"damaged": 0, "damage": 0.48333333333333334}, "model": "gui/28"},
		{ "predicate": {"damaged": 0, "damage": 0.5}, "model": "gui/29"},
		{ "predicate": {"damaged": 0, "damage": 0.5166666666666666}, "model": "gui/30"},
		{ "predicate": {"damaged": 0, "damage": 0.5333333333333333}, "model": "gui/31"},
		{ "predicate": {"damaged": 0, "damage": 0.55}, "model": "gui/32"},
		{ "predicate": {"damaged": 0, "damage": 0.5666666666666667}, "model": "gui/33"},
		{ "predicate": {"damaged": 0, "damage": 0.5833333333333334}, "model": "gui/34"},
		{ "predicate": {"damaged": 0, "damage": 0.6}, "model": "gui/35"},
		{ "predicate": {"damaged": 0, "damage": 0.6166666666666667}, "model": "gui/36"},
		{ "predicate": {"damaged": 0, "damage": 0.6333333333333333}, "model": "gui/37"},
		{ "predicate": {"damaged": 0, "damage": 0.65}, "model": "gui/38"},
		{ "predicate": {"damaged": 0, "damage": 0.6666666666666666}, "model": "gui/39"},
		{ "predicate": {"damaged": 0, "damage": 0.6833333333333333}, "model": "gui/40"},
		{ "predicate": {"damaged": 0, "damage": 0.7}, "model": "gui/41"},
		{ "predicate": {"damaged": 0, "damage": 0.7166666666666667}, "model": "gui/42"},
		{ "predicate": {"damaged": 0, "damage": 0.7333333333333333}, "model": "gui/43"},
		{ "predicate": {"damaged": 0, "damage": 0.75}, "model": "gui/44"},
		{ "predicate": {"damaged": 0, "damage": 0.7666666666666666}, "model": "gui/45"},
		{ "predicate": {"damaged": 0, "damage": 0.7833333333333333}, "model": "gui/46"},
		{ "predicate": {"damaged": 0, "damage": 0.8}, "model": "gui/47"},
		{ "predicate": {"damaged": 0, "damage": 0.8166666666666667}, "model": "gui/48"},
		{ "predicate": {"damaged": 0, "damage": 0.8333333333333334}, "model": "gui/49"},
		{ "predicate": {"damaged": 0, "damage": 0.85}, "model": "gui/50"},
		{ "predicate": {"damaged": 0, "damage": 0.8666666666666667}, "model": "gui/51"},
		{ "predicate": {"damaged": 0, "damage": 0.8833333333333333}, "model": "gui/52"},
		{ "predicate": {"damaged": 0, "damage": 0.9}, "model": "gui/53"},
		{ "predicate": {"damaged": 0, "damage": 0.9166666666666666}, "model": "gui/54"},
		{ "predicate": {"damaged": 0, "damage": 0.9333333333333333}, "model": "gui/55"},
		{ "predicate": {"damaged": 0, "damage": 0.95}, "model": "gui/56"},
		{ "predicate": {"damaged": 0, "damage": 0.9666666666666667}, "model": "gui/57"},
		{ "predicate": {"damaged": 0, "damage": 0.9833333333333333}, "model": "gui/58"},
		{ "predicate": {"damaged": 1, "damage": 0}, "model": "item/vanilla/wooden_shovel"}
	]
}