{
	"__comment": "Designed by Randamonium NZ Ltd.",
	"textures": {
		"Lock": "block/iron_trapdoor",
		"Metal": "block/tulip_red",
		"Handle": "block/iron_block"
	},
	"elements": [ 	 
		{
			"__comment": "Voxels-FF0000",
			"from": [ -5.5, 0, 2.5 ],
			"to": [ 21.5, 9.5, 13.5 ],
			"faces": {
				"down": { "uv": [ 0, 2.5, 16, 13.5 ], "texture": "#Metal" },
				"north": { "uv": [ 0, 6.5, 16, 16 ], "texture": "#Metal" },
				"south": { "uv": [ 0, 6.5, 16, 16 ], "texture": "#Metal" },
				"west": { "uv": [ 2.5, 6.5, 13.5, 16 ], "texture": "#Metal" },
				"east": { "uv": [ 2.5, 6.5, 13.5, 16 ], "texture": "#Metal" }
			}
		},
		{
			"__comment": "Voxels-505050",
			"from": [ -5.5, 9.5, 2.5 ],
			"to": [ 21.5, 10.5, 13.5 ],
			"faces": {
				"north": { "uv": [ 0, 5.5, 16, 6.5 ], "texture": "#Handle" },
				"south": { "uv": [ 0, 5.5, 16, 6.5 ], "texture": "#Handle" },
				"west": { "uv": [ 2.5, 5.5, 13.5, 6.5 ], "texture": "#Handle" },
				"east": { "uv": [ 2.5, 5.5, 13.5, 6.5 ], "texture": "#Handle" }
			}
		},
		{
			"__comment": "Voxels-FF0000",
			"from": [ -5.5, 10.5, 2.5 ],
			"to": [ 21.5, 13.5, 13.5 ],
			"faces": {
				"up": { "uv": [ 0, 2.5, 16, 13.5 ], "texture": "#Metal" },
				"north": { "uv": [ 0, 2.5, 16, 5.5 ], "texture": "#Metal" },
				"south": { "uv": [ 0, 2.5, 16, 5.5 ], "texture": "#Metal" },
				"west": { "uv": [ 2.5, 2.5, 13.5, 5.5 ], "texture": "#Metal" },
				"east": { "uv": [ 2.5, 2.5, 13.5, 5.5 ], "texture": "#Metal" }
			}
		},
		{
			"__comment": "Voxels-FF0000",
			"from": [ -5.5, 13.5, 2.5 ],
			"to": [ 21, 14, 13.5 ],
			"faces": {
				"up": { "uv": [ 0, 2.5, 16, 13.5 ], "texture": "#Metal" },
				"north": { "uv": [ 0, 2, 16, 2.5 ], "texture": "#Metal" },
				"south": { "uv": [ 0, 2, 16, 2.5 ], "texture": "#Metal" },
				"west": { "uv": [ 2.5, 2, 13.5, 2.5 ], "texture": "#Metal" },
				"east": { "uv": [ 2.5, 2, 13.5, 2.5 ], "texture": "#Metal" }
			}
		},
		{
			"__comment": "Voxels-FF0000",
			"from": [ -5.5, 14, 3 ],
			"to": [ 21.5, 14.5, 13 ],
			"faces": {
				"down": { "uv": [ 0, 3, 16, 13 ], "texture": "#Metal" },
				"up": { "uv": [ 0, 3, 16, 13 ], "texture": "#Metal" },
				"north": { "uv": [ 0, 1.5, 16, 2 ], "texture": "#Metal" },
				"south": { "uv": [ 0, 1.5, 16, 2 ], "texture": "#Metal" },
				"west": { "uv": [ 3, 1.5, 13, 2 ], "texture": "#Metal" },
				"east": { "uv": [ 3, 1.5, 13, 2 ], "texture": "#Metal" }
			}
		},
		{
			"__comment": "Voxels-FF0000",
			"from": [ -5.5, 14.5, 4 ],
			"to": [ 21.5, 15, 12 ],
			"faces": {
				"up": { "uv": [ 0, 4, 16, 12 ], "texture": "#Metal" },
				"north": { "uv": [ 0, 1, 16, 1.5 ], "texture": "#Metal" },
				"south": { "uv": [ 0, 1, 16, 1.5 ], "texture": "#Metal" },
				"west": { "uv": [ 4, 1, 12, 1.5 ], "texture": "#Metal" },
				"east": { "uv": [ 4, 1, 12, 1.5 ], "texture": "#Metal" }
			}
		},
		{
			"__comment": "Voxels-FF0000",
			"from": [ -5, 0, 2 ],
			"to": [ 21, 9.5, 2.5 ],
			"faces": {
				"down": { "uv": [ 0, 13.5, 16, 14 ], "texture": "#Metal" },
				"north": { "uv": [ 0, 6.5, 16, 16 ], "texture": "#Metal" },
				"west": { "uv": [ 2, 6.5, 2.5, 16 ], "texture": "#Metal" },
				"east": { "uv": [ 13.5, 6.5, 14, 16 ], "texture": "#Metal" }
			}
		},
		{
			"__comment": "Voxels-FF0000",
			"from": [ -5, 0, 13.5 ],
			"to": [ 21, 9.5, 14 ],
			"faces": {
				"down": { "uv": [ 0, 2, 16, 2.5 ], "texture": "#Metal" },
				"south": { "uv": [ 0, 6.5, 16, 16 ], "texture": "#Metal" },
				"west": { "uv": [ 13.5, 6.5, 14, 16 ], "texture": "#Metal" },
				"east": { "uv": [ 2, 6.5, 2.5, 16 ], "texture": "#Metal" }
			}
		},
		{
			"__comment": "Voxels-505050",
			"from": [ -5, 9.5, 2 ],
			"to": [ 21, 10.5, 2.5 ],
			"faces": {
				"north": { "uv": [ 0, 5.5, 16, 6.5 ], "texture": "#Handle" },
				"west": { "uv": [ 2, 5.5, 2.5, 6.5 ], "texture": "#Handle" },
				"east": { "uv": [ 13.5, 5.5, 14, 6.5 ], "texture": "#Handle" }
			}
		},
		{
			"__comment": "Voxels-505050",
			"from": [ -5, 9.5, 13.5 ],
			"to": [ 21, 10.5, 14 ],
			"faces": {
				"south": { "uv": [ 0, 5.5, 16, 6.5 ], "texture": "#Handle" },
				"west": { "uv": [ 13.5, 5.5, 14, 6.5 ], "texture": "#Handle" },
				"east": { "uv": [ 2, 5.5, 2.5, 6.5 ], "texture": "#Handle" }
			}
		},
		{
			"__comment": "Voxels-FF0000",
			"from": [ -5, 10.5, 2 ],
			"to": [ 21, 13.5, 2.5 ],
			"faces": {
				"up": { "uv": [ 0, 2, 16, 2.5 ], "texture": "#Metal" },
				"north": { "uv": [ 0, 2.5, 16, 5.5 ], "texture": "#Metal" },
				"west": { "uv": [ 2, 2.5, 2.5, 5.5 ], "texture": "#Metal" },
				"east": { "uv": [ 13.5, 2.5, 14, 5.5 ], "texture": "#Metal" }
			}
		},
		{
			"__comment": "Voxels-FF0000",
			"from": [ -5, 10.5, 13.5 ],
			"to": [ 21, 13.5, 14 ],
			"faces": {
				"up": { "uv": [ 0, 13.5, 16, 14 ], "texture": "#Metal" },
				"south": { "uv": [ 0, 2.5, 16, 5.5 ], "texture": "#Metal" },
				"west": { "uv": [ 13.5, 2.5, 14, 5.5 ], "texture": "#Metal" },
				"east": { "uv": [ 2, 2.5, 2.5, 5.5 ], "texture": "#Metal" }
			}
		},
		{
			"__comment": "Voxels-FF0000",
			"from": [ -5, 13.5, 2 ],
			"to": [ 20.5, 14, 2.5 ],
			"faces": {
				"up": { "uv": [ 0, 2, 16, 2.5 ], "texture": "#Metal" },
				"north": { "uv": [ 0, 2, 16, 2.5 ], "texture": "#Metal" },
				"west": { "uv": [ 2, 2, 2.5, 2.5 ], "texture": "#Metal" },
				"east": { "uv": [ 13.5, 2, 14, 2.5 ], "texture": "#Metal" }
			}
		},
		{
			"__comment": "Voxels-FF0000",
			"from": [ -5, 14, 2.5 ],
			"to": [ 21, 14.5, 3 ],
			"faces": {
				"up": { "uv": [ 0, 2.5, 16, 3 ], "texture": "#Metal" },
				"north": { "uv": [ 0, 1.5, 16, 2 ], "texture": "#Metal" },
				"west": { "uv": [ 2.5, 1.5, 3, 2 ], "texture": "#Metal" },
				"east": { "uv": [ 13, 1.5, 13.5, 2 ], "texture": "#Metal" }
			}
		},
		{
			"__comment": "Voxels-FF0000",
			"from": [ -5, 14, 13 ],
			"to": [ 21, 14.5, 13.5 ],
			"faces": {
				"up": { "uv": [ 0, 13, 16, 13.5 ], "texture": "#Metal" },
				"south": { "uv": [ 0, 1.5, 16, 2 ], "texture": "#Metal" },
				"west": { "uv": [ 13, 1.5, 13.5, 2 ], "texture": "#Metal" },
				"east": { "uv": [ 2.5, 1.5, 3, 2 ], "texture": "#Metal" }
			}
		},
		{
			"__comment": "Voxels-FF0000",
			"from": [ -5, 14.5, 3 ],
			"to": [ 21, 15, 4 ],
			"faces": {
				"up": { "uv": [ 0, 3, 16, 4 ], "texture": "#Metal" },
				"north": { "uv": [ 0, 1, 16, 1.5 ], "texture": "#Metal" },
				"west": { "uv": [ 3, 1, 4, 1.5 ], "texture": "#Metal" },
				"east": { "uv": [ 12, 1, 13, 1.5 ], "texture": "#Metal" }
			}
		},
		{
			"__comment": "Voxels-FF0000",
			"from": [ -5, 14.5, 12 ],
			"to": [ 21, 15, 13 ],
			"faces": {
				"up": { "uv": [ 0, 12, 16, 13 ], "texture": "#Metal" },
				"south": { "uv": [ 0, 1, 16, 1.5 ], "texture": "#Metal" },
				"west": { "uv": [ 12, 1, 13, 1.5 ], "texture": "#Metal" },
				"east": { "uv": [ 3, 1, 4, 1.5 ], "texture": "#Metal" }
			}
		},
		{
			"__comment": "Voxels-FF0000",
			"from": [ -5, 15, 4 ],
			"to": [ 21, 15.5, 12 ],
			"faces": {
				"up": { "uv": [ 0, 4, 16, 12 ], "texture": "#Metal" },
				"north": { "uv": [ 0, 0.5, 16, 1 ], "texture": "#Metal" },
				"south": { "uv": [ 0, 0.5, 16, 1 ], "texture": "#Metal" },
				"west": { "uv": [ 4, 0.5, 12, 1 ], "texture": "#Metal" },
				"east": { "uv": [ 4, 0.5, 12, 1 ], "texture": "#Metal" }
			}
		},
		{
			"__comment": "Voxels-FF0000",
			"from": [ -4.5, 0, 1.5 ],
			"to": [ 20.5, 9.5, 2 ],
			"faces": {
				"down": { "uv": [ 0, 14, 16, 14.5 ], "texture": "#Metal" },
				"north": { "uv": [ 0, 6.5, 16, 16 ], "texture": "#Metal" },
				"west": { "uv": [ 1.5, 6.5, 2, 16 ], "texture": "#Metal" },
				"east": { "uv": [ 14, 6.5, 14.5, 16 ], "texture": "#Metal" }
			}
		},
		{
			"__comment": "Voxels-FF0000",
			"from": [ -4.5, 0, 14 ],
			"to": [ 20.5, 9.5, 14.5 ],
			"faces": {
				"down": { "uv": [ 0, 1.5, 16, 2 ], "texture": "#Metal" },
				"south": { "uv": [ 0, 6.5, 16, 16 ], "texture": "#Metal" },
				"west": { "uv": [ 14, 6.5, 14.5, 16 ], "texture": "#Metal" },
				"east": { "uv": [ 1.5, 6.5, 2, 16 ], "texture": "#Metal" }
			}
		},
		{
			"__comment": "Voxels-505050",
			"from": [ -4.5, 9.5, 1.5 ],
			"to": [ 20.5, 10.5, 2 ],
			"faces": {
				"north": { "uv": [ 0, 5.5, 16, 6.5 ], "texture": "#Handle" },
				"west": { "uv": [ 1.5, 5.5, 2, 6.5 ], "texture": "#Handle" },
				"east": { "uv": [ 14, 5.5, 14.5, 6.5 ], "texture": "#Handle" }
			}
		},
		{
			"__comment": "Voxels-505050",
			"from": [ -4.5, 9.5, 14 ],
			"to": [ 20.5, 10.5, 14.5 ],
			"faces": {
				"south": { "uv": [ 0, 5.5, 16, 6.5 ], "texture": "#Handle" },
				"west": { "uv": [ 14, 5.5, 14.5, 6.5 ], "texture": "#Handle" },
				"east": { "uv": [ 1.5, 5.5, 2, 6.5 ], "texture": "#Handle" }
			}
		},
		{
			"__comment": "Voxels-FF0000",
			"from": [ -4.5, 10.5, 1.5 ],
			"to": [ 20.5, 13.5, 2 ],
			"faces": {
				"up": { "uv": [ 0, 1.5, 16, 2 ], "texture": "#Metal" },
				"north": { "uv": [ 0, 2.5, 16, 5.5 ], "texture": "#Metal" },
				"west": { "uv": [ 1.5, 2.5, 2, 5.5 ], "texture": "#Metal" },
				"east": { "uv": [ 14, 2.5, 14.5, 5.5 ], "texture": "#Metal" }
			}
		},
		{
			"__comment": "Voxels-FF0000",
			"from": [ -4.5, 10.5, 14 ],
			"to": [ 20.5, 13.5, 14.5 ],
			"faces": {
				"up": { "uv": [ 0, 14, 16, 14.5 ], "texture": "#Metal" },
				"south": { "uv": [ 0, 2.5, 16, 5.5 ], "texture": "#Metal" },
				"west": { "uv": [ 14, 2.5, 14.5, 5.5 ], "texture": "#Metal" },
				"east": { "uv": [ 1.5, 2.5, 2, 5.5 ], "texture": "#Metal" }
			}
		},
		{
			"__comment": "Voxels-FF0000",
			"from": [ -4.5, 13.5, 13.5 ],
			"to": [ 20.5, 14.5, 14 ],
			"faces": {
				"up": { "uv": [ 0, 13.5, 16, 14 ], "texture": "#Metal" },
				"north": { "uv": [ 0, 1.5, 16, 2.5 ], "texture": "#Metal" },
				"south": { "uv": [ 0, 1.5, 16, 2.5 ], "texture": "#Metal" },
				"west": { "uv": [ 13.5, 1.5, 14, 2.5 ], "texture": "#Metal" },
				"east": { "uv": [ 2, 1.5, 2.5, 2.5 ], "texture": "#Metal" }
			}
		},
		{
			"__comment": "Voxels-FF0000",
			"from": [ -4.5, 14, 2 ],
			"to": [ 20.5, 14.5, 2.5 ],
			"faces": {
				"up": { "uv": [ 0, 2, 16, 2.5 ], "texture": "#Metal" },
				"north": { "uv": [ 0, 1.5, 16, 2 ], "texture": "#Metal" },
				"west": { "uv": [ 2, 1.5, 2.5, 2 ], "texture": "#Metal" },
				"east": { "uv": [ 13.5, 1.5, 14, 2 ], "texture": "#Metal" }
			}
		},
		{
			"__comment": "Voxels-FF0000",
			"from": [ -4.5, 14.5, 2.5 ],
			"to": [ 20.5, 15, 3 ],
			"faces": {
				"up": { "uv": [ 0, 2.5, 16, 3 ], "texture": "#Metal" },
				"north": { "uv": [ 0, 1, 16, 1.5 ], "texture": "#Metal" },
				"west": { "uv": [ 2.5, 1, 3, 1.5 ], "texture": "#Metal" },
				"east": { "uv": [ 13, 1, 13.5, 1.5 ], "texture": "#Metal" }
			}
		},
		{
			"__comment": "Voxels-FF0000",
			"from": [ -4.5, 14.5, 13 ],
			"to": [ 20.5, 15, 13.5 ],
			"faces": {
				"up": { "uv": [ 0, 13, 16, 13.5 ], "texture": "#Metal" },
				"south": { "uv": [ 0, 1, 16, 1.5 ], "texture": "#Metal" },
				"west": { "uv": [ 13, 1, 13.5, 1.5 ], "texture": "#Metal" },
				"east": { "uv": [ 2.5, 1, 3, 1.5 ], "texture": "#Metal" }
			}
		},
		{
			"__comment": "Voxels-FF0000",
			"from": [ -4.5, 15, 3 ],
			"to": [ 20.5, 15.5, 4 ],
			"faces": {
				"up": { "uv": [ 0, 3, 16, 4 ], "texture": "#Metal" },
				"north": { "uv": [ 0, 0.5, 16, 1 ], "texture": "#Metal" },
				"west": { "uv": [ 3, 0.5, 4, 1 ], "texture": "#Metal" },
				"east": { "uv": [ 12, 0.5, 13, 1 ], "texture": "#Metal" }
			}
		},
		{
			"__comment": "Voxels-FF0000",
			"from": [ -4.5, 15, 12 ],
			"to": [ 20.5, 15.5, 13 ],
			"faces": {
				"up": { "uv": [ 0, 12, 16, 13 ], "texture": "#Metal" },
				"south": { "uv": [ 0, 0.5, 16, 1 ], "texture": "#Metal" },
				"west": { "uv": [ 12, 0.5, 13, 1 ], "texture": "#Metal" },
				"east": { "uv": [ 3, 0.5, 4, 1 ], "texture": "#Metal" }
			}
		},
		{
			"__comment": "Voxels-FF0000",
			"from": [ -4.5, 15.5, 4 ],
			"to": [ 20.5, 16, 12 ],
			"faces": {
				"up": { "uv": [ 0, 4, 16, 12 ], "texture": "#Metal" },
				"north": { "uv": [ 0, 0, 16, 0.5 ], "texture": "#Metal" },
				"south": { "uv": [ 0, 0, 16, 0.5 ], "texture": "#Metal" },
				"west": { "uv": [ 4, 0, 12, 0.5 ], "texture": "#Metal" },
				"east": { "uv": [ 4, 0, 12, 0.5 ], "texture": "#Metal" }
			}
		},
		{
			"__comment": "Voxels-FF0000",
			"from": [ -4, 13.5, 1.5 ],
			"to": [ 20, 14, 2 ],
			"faces": {
				"up": { "uv": [ 0, 1.5, 16, 2 ], "texture": "#Metal" },
				"north": { "uv": [ 0, 2, 16, 2.5 ], "texture": "#Metal" },
				"west": { "uv": [ 1.5, 2, 2, 2.5 ], "texture": "#Metal" },
				"east": { "uv": [ 14, 2, 14.5, 2.5 ], "texture": "#Metal" }
			}
		},
		{
			"__comment": "Voxels-FF0000",
			"from": [ -4, 13.5, 14 ],
			"to": [ 20, 14, 14.5 ],
			"faces": {
				"up": { "uv": [ 0, 14, 16, 14.5 ], "texture": "#Metal" },
				"south": { "uv": [ 0, 2, 16, 2.5 ], "texture": "#Metal" },
				"west": { "uv": [ 14, 2, 14.5, 2.5 ], "texture": "#Metal" },
				"east": { "uv": [ 1.5, 2, 2, 2.5 ], "texture": "#Metal" }
			}
		},
		{
			"__comment": "Voxels-000000",
			"from": [ 2, 16, 7 ],
			"to": [ 3, 16.5, 9 ],
			"faces": {
				"up": { "uv": [ 2, 7, 3, 9 ], "texture": "#Handle" },
				"north": { "uv": [ 13, 15.5, 14, 16 ], "texture": "#Handle" },
				"south": { "uv": [ 2, 15.5, 3, 16 ], "texture": "#Handle" },
				"west": { "uv": [ 7, 15.5, 9, 16 ], "texture": "#Handle" },
				"east": { "uv": [ 7, 15.5, 9, 16 ], "texture": "#Handle" }
			}
		},
		{
			"__comment": "Voxels-000000",
			"from": [ 2.5, 16.5, 7 ],
			"to": [ 3.5, 17, 9 ],
			"faces": {
				"down": { "uv": [ 2.5, 7, 3.5, 9 ], "texture": "#Handle" },
				"up": { "uv": [ 2.5, 7, 3.5, 9 ], "texture": "#Handle" },
				"north": { "uv": [ 12.5, 15, 13.5, 15.5 ], "texture": "#Handle" },
				"south": { "uv": [ 2.5, 15, 3.5, 15.5 ], "texture": "#Handle" },
				"west": { "uv": [ 7, 15, 9, 15.5 ], "texture": "#Handle" },
				"east": { "uv": [ 7, 15, 9, 15.5 ], "texture": "#Handle" }
			}
		},
		{
			"__comment": "Voxels-000000",
			"from": [ 3, 17, 7 ],
			"to": [ 4.5, 17.5, 9 ],
			"faces": {
				"down": { "uv": [ 3, 7, 4.5, 9 ], "texture": "#Handle" },
				"up": { "uv": [ 3, 7, 4.5, 9 ], "texture": "#Handle" },
				"north": { "uv": [ 11.5, 14.5, 13, 15 ], "texture": "#Handle" },
				"south": { "uv": [ 3, 14.5, 4.5, 15 ], "texture": "#Handle" },
				"west": { "uv": [ 7, 14.5, 9, 15 ], "texture": "#Handle" },
				"east": { "uv": [ 7, 14.5, 9, 15 ], "texture": "#Handle" }
			}
		},
		{
			"__comment": "Voxels-000000",
			"from": [ 4, 17.5, 7 ],
			"to": [ 12, 18, 9 ],
			"faces": {
				"down": { "uv": [ 4, 7, 12, 9 ], "texture": "#Handle" },
				"up": { "uv": [ 4, 7, 12, 9 ], "texture": "#Handle" },
				"north": { "uv": [ 4, 14, 12, 14.5 ], "texture": "#Handle" },
				"south": { "uv": [ 4, 14, 12, 14.5 ], "texture": "#Handle" },
				"west": { "uv": [ 7, 14, 9, 14.5 ], "texture": "#Handle" },
				"east": { "uv": [ 7, 14, 9, 14.5 ], "texture": "#Handle" }
			}
		},
		{
			"__comment": "Voxels-FFFF00",
			"from": [ 7, 6.5, 14.5 ],
			"to": [ 9, 9.5, 15 ],
			"faces": {
				"down": { "uv": [ 7, 1, 9, 1.5 ], "texture": "#Lock" },
				"up": { "uv": [ 7, 14.5, 9, 15 ], "texture": "#Lock" },
				"south": { "uv": [ 7, 6.5, 9, 9.5 ], "texture": "#Lock" },
				"west": { "uv": [ 14.5, 6.5, 15, 9.5 ], "texture": "#Lock" },
				"east": { "uv": [ 1, 6.5, 1.5, 9.5 ], "texture": "#Lock" }
			}
		},
		{
			"__comment": "Voxels-000000",
			"from": [ 11.5, 17, 7 ],
			"to": [ 13, 17.5, 9 ],
			"faces": {
				"down": { "uv": [ 11.5, 7, 13, 9 ], "texture": "#Handle" },
				"up": { "uv": [ 11.5, 7, 13, 9 ], "texture": "#Handle" },
				"north": { "uv": [ 3, 14.5, 4.5, 15 ], "texture": "#Handle" },
				"south": { "uv": [ 11.5, 14.5, 13, 15 ], "texture": "#Handle" },
				"west": { "uv": [ 7, 14.5, 9, 15 ], "texture": "#Handle" },
				"east": { "uv": [ 7, 14.5, 9, 15 ], "texture": "#Handle" }
			}
		},
		{
			"__comment": "Voxels-000000",
			"from": [ 12, 16.5, 7 ],
			"to": [ 13.5, 17, 9 ],
			"faces": {
				"down": { "uv": [ 12, 7, 13.5, 9 ], "texture": "#Handle" },
				"up": { "uv": [ 12, 7, 13.5, 9 ], "texture": "#Handle" },
				"north": { "uv": [ 2.5, 15, 4, 15.5 ], "texture": "#Handle" },
				"south": { "uv": [ 12, 15, 13.5, 15.5 ], "texture": "#Handle" },
				"west": { "uv": [ 7, 15, 9, 15.5 ], "texture": "#Handle" },
				"east": { "uv": [ 7, 15, 9, 15.5 ], "texture": "#Handle" }
			}
		},
		{
			"__comment": "Voxels-000000",
			"from": [ 12.5, 16, 7 ],
			"to": [ 14, 16.5, 9 ],
			"faces": {
				"up": { "uv": [ 12.5, 7, 14, 9 ], "texture": "#Handle" },
				"north": { "uv": [ 2, 15.5, 3.5, 16 ], "texture": "#Handle" },
				"south": { "uv": [ 12.5, 15.5, 14, 16 ], "texture": "#Handle" },
				"west": { "uv": [ 7, 15.5, 9, 16 ], "texture": "#Handle" },
				"east": { "uv": [ 7, 15.5, 9, 16 ], "texture": "#Handle" }
			}
		},
		{
			"__comment": "Voxels-FF0000",
			"from": [ 21, 13.5, 3 ],
			"to": [ 21.5, 14, 13 ],
			"faces": {
				"north": { "uv": [ 10.5, 2, 11, 2.5 ], "texture": "#Metal" },
				"south": { "uv": [ 5, 2, 5.5, 2.5 ], "texture": "#Metal" },
				"east": { "uv": [ 3, 2, 13, 2.5 ], "texture": "#Metal" }
			}
		}
	],
	"display": {
		"thirdperson_righthand": {
			"rotation":  [ 75, 45, 0 ],
			"translation":  [ 0, 2.5, 0 ],
			"scale":  [ 0.375, 0.375, 0.375 ]
		},
		"thirdperson_lefthand": {
			"rotation":  [ 75, 45, 0 ],
			"translation":  [ 0, 2.5, 0 ],
			"scale":  [ 0.375, 0.375, 0.375 ]
		},
		"firstperson_righthand": {
			"rotation":  [ 0, 45, 0 ],
			"scale":  [ 0.4, 0.4, 0.4 ]
		},
		"firstperson_lefthand": {
			"rotation":  [ 0, 45, 0 ],
			"scale":  [ 0.4, 0.4, 0.4 ]
		},
		"gui": {
			"rotation":  [ 30, 22.5, 0 ],
			"scale":  [ 0.5, 0.5, 0.5 ]
		},
		"ground": {
			"translation":  [ 0, 3, 0 ],
			"scale":  [ 0.25, 0.25, 0.25 ]
		},
		"fixed": {
			"scale":  [ 0.5, 0.5, 0.5 ]
		}
	}
}