{
	"__comment": "Designed by Randamonium NZ Ltd.",
	"textures": {
		"Wood": "block/jungle_planks"
	},
	"elements": [ 	 
		{
			"__comment": "Wood-Bench",
			"from": [ 0, 0, 0.5 ],
			"to": [ 16, 0.5, 16 ],
			"faces": {
				"down": { "uv": [ 0, 0, 16, 15.5 ], "texture": "#Wood" },
				"up": { "uv": [ 0, 0.5, 16, 16 ], "texture": "#Wood" },
				"north": { "uv": [ 0, 15.5, 16, 16 ], "texture": "#Wood" },
				"south": { "uv": [ 0, 15.5, 16, 16 ], "texture": "#Wood" },
				"west": { "uv": [ 0.5, 15.5, 16, 16 ], "texture": "#Wood" },
				"east": { "uv": [ 0, 15.5, 15.5, 16 ], "texture": "#Wood" }
			}
		},
		{
			"__comment": "Wood-Bench1",
			"from": [ 0, 15, 0.5 ],
			"to": [ 16, 15.5, 16 ],
			"faces": {
				"down": { "uv": [ 0, 0, 16, 15.5 ], "texture": "#Wood" },
				"up": { "uv": [ 0, 0.5, 16, 16 ], "texture": "#Wood" },
				"north": { "uv": [ 0, 0.5, 16, 1 ], "texture": "#Wood" },
				"south": { "uv": [ 0, 0.5, 16, 1 ], "texture": "#Wood" },
				"west": { "uv": [ 0.5, 0.5, 16, 1 ], "texture": "#Wood" },
				"east": { "uv": [ 0, 0.5, 15.5, 1 ], "texture": "#Wood" }
			}
		},
		{
			"__comment": "Wood-Bench2",
			"from": [ 0.5, 0, 0 ],
			"to": [ 16, 0.5, 0.5 ],
			"faces": {
				"down": { "uv": [ 0.5, 15.5, 16, 16 ], "texture": "#Wood" },
				"up": { "uv": [ 0.5, 0, 16, 0.5 ], "texture": "#Wood" },
				"north": { "uv": [ 0, 15.5, 15.5, 16 ], "texture": "#Wood" },
				"west": { "uv": [ 0, 15.5, 0.5, 16 ], "texture": "#Wood" },
				"east": { "uv": [ 15.5, 15.5, 16, 16 ], "texture": "#Wood" }
			}
		},
		{
			"__comment": "Wood-Bench3",
			"from": [ 0.5, 0.5, 1 ],
			"to": [ 16, 1, 15.5 ],
			"faces": {
				"up": { "uv": [ 0.5, 1, 16, 15.5 ], "texture": "#Wood" },
				"north": { "uv": [ 0, 15, 15.5, 15.5 ], "texture": "#Wood" },
				"south": { "uv": [ 0.5, 15, 16, 15.5 ], "texture": "#Wood" },
				"west": { "uv": [ 1, 15, 15.5, 15.5 ], "texture": "#Wood" },
				"east": { "uv": [ 0.5, 15, 15, 15.5 ], "texture": "#Wood" }
			}
		},
		{
			"__comment": "Wood-Bench4",
			"from": [ 0.5, 0.5, 15.5 ],
			"to": [ 15.5, 1, 16 ],
			"faces": {
				"up": { "uv": [ 0.5, 15.5, 15.5, 16 ], "texture": "#Wood" },
				"south": { "uv": [ 0.5, 15, 15.5, 15.5 ], "texture": "#Wood" },
				"west": { "uv": [ 15.5, 15, 16, 15.5 ], "texture": "#Wood" },
				"east": { "uv": [ 0, 15, 0.5, 15.5 ], "texture": "#Wood" }
			}
		},
		{
			"__comment": "Wood-Bench5",
			"from": [ 0.5, 5, 1 ],
			"to": [ 16, 5.5, 15.5 ],
			"faces": {
				"down": { "uv": [ 0.5, 0.5, 16, 15 ], "texture": "#Wood" },
				"up": { "uv": [ 0.5, 1, 16, 15.5 ], "texture": "#Wood" },
				"north": { "uv": [ 0, 10.5, 15.5, 11 ], "texture": "#Wood" },
				"south": { "uv": [ 0.5, 10.5, 16, 11 ], "texture": "#Wood" },
				"west": { "uv": [ 1, 10.5, 15.5, 11 ], "texture": "#Wood" },
				"east": { "uv": [ 0.5, 10.5, 15, 11 ], "texture": "#Wood" }
			}
		},
		{
			"__comment": "Wood-Bench6",
			"from": [ 0.5, 5, 15.5 ],
			"to": [ 15.5, 5.5, 16 ],
			"faces": {
				"down": { "uv": [ 0.5, 0, 15.5, 0.5 ], "texture": "#Wood" },
				"up": { "uv": [ 0.5, 15.5, 15.5, 16 ], "texture": "#Wood" },
				"south": { "uv": [ 0.5, 10.5, 15.5, 11 ], "texture": "#Wood" },
				"west": { "uv": [ 15.5, 10.5, 16, 11 ], "texture": "#Wood" },
				"east": { "uv": [ 0, 10.5, 0.5, 11 ], "texture": "#Wood" }
			}
		},
		{
			"__comment": "Wood-Bench7",
			"from": [ 0.5, 10, 1 ],
			"to": [ 16, 10.5, 15.5 ],
			"faces": {
				"down": { "uv": [ 0.5, 0.5, 16, 15 ], "texture": "#Wood" },
				"up": { "uv": [ 0.5, 1, 16, 15.5 ], "texture": "#Wood" },
				"north": { "uv": [ 0, 5.5, 15.5, 6 ], "texture": "#Wood" },
				"south": { "uv": [ 0.5, 5.5, 16, 6 ], "texture": "#Wood" },
				"west": { "uv": [ 1, 5.5, 15.5, 6 ], "texture": "#Wood" },
				"east": { "uv": [ 0.5, 5.5, 15, 6 ], "texture": "#Wood" }
			}
		},
		{
			"__comment": "Wood-Bench8",
			"from": [ 0.5, 10, 15.5 ],
			"to": [ 15.5, 10.5, 16 ],
			"faces": {
				"down": { "uv": [ 0.5, 0, 15.5, 0.5 ], "texture": "#Wood" },
				"up": { "uv": [ 0.5, 15.5, 15.5, 16 ], "texture": "#Wood" },
				"south": { "uv": [ 0.5, 5.5, 15.5, 6 ], "texture": "#Wood" },
				"west": { "uv": [ 15.5, 5.5, 16, 6 ], "texture": "#Wood" },
				"east": { "uv": [ 0, 5.5, 0.5, 6 ], "texture": "#Wood" }
			}
		},
		{
			"__comment": "Wood-Bench9",
			"from": [ 0.5, 15, 0 ],
			"to": [ 16, 15.5, 0.5 ],
			"faces": {
				"down": { "uv": [ 0.5, 15.5, 16, 16 ], "texture": "#Wood" },
				"up": { "uv": [ 0.5, 0, 16, 0.5 ], "texture": "#Wood" },
				"north": { "uv": [ 0, 0.5, 15.5, 1 ], "texture": "#Wood" },
				"west": { "uv": [ 0, 0.5, 0.5, 1 ], "texture": "#Wood" },
				"east": { "uv": [ 15.5, 0.5, 16, 1 ], "texture": "#Wood" }
			}
		},
		{
			"__comment": "Wood-Bench10",
			"from": [ 0.5, 15.5, 1 ],
			"to": [ 16, 16, 15.5 ],
			"faces": {
				"up": { "uv": [ 0.5, 1, 16, 15.5 ], "texture": "#Wood" },
				"north": { "uv": [ 0, 0, 15.5, 0.5 ], "texture": "#Wood" },
				"south": { "uv": [ 0.5, 0, 16, 0.5 ], "texture": "#Wood" },
				"west": { "uv": [ 1, 0, 15.5, 0.5 ], "texture": "#Wood" },
				"east": { "uv": [ 0.5, 0, 15, 0.5 ], "texture": "#Wood" }
			}
		},
		{
			"__comment": "Wood-Bench11",
			"from": [ 0.5, 15.5, 15.5 ],
			"to": [ 15.5, 16, 16 ],
			"faces": {
				"up": { "uv": [ 0.5, 15.5, 15.5, 16 ], "texture": "#Wood" },
				"south": { "uv": [ 0.5, 0, 15.5, 0.5 ], "texture": "#Wood" },
				"west": { "uv": [ 15.5, 0, 16, 0.5 ], "texture": "#Wood" },
				"east": { "uv": [ 0, 0, 0.5, 0.5 ], "texture": "#Wood" }
			}
		},
		{
			"__comment": "Wood-Bench12",
			"from": [ 1, 0.5, 0.5 ],
			"to": [ 16, 1, 1 ],
			"faces": {
				"up": { "uv": [ 1, 0.5, 16, 1 ], "texture": "#Wood" },
				"north": { "uv": [ 0, 15, 15, 15.5 ], "texture": "#Wood" },
				"west": { "uv": [ 0.5, 15, 1, 15.5 ], "texture": "#Wood" },
				"east": { "uv": [ 15, 15, 15.5, 15.5 ], "texture": "#Wood" }
			}
		},
		{
			"__comment": "Wood-Bench13",
			"from": [ 1, 5, 0.5 ],
			"to": [ 16, 5.5, 1 ],
			"faces": {
				"down": { "uv": [ 1, 15, 16, 15.5 ], "texture": "#Wood" },
				"up": { "uv": [ 1, 0.5, 16, 1 ], "texture": "#Wood" },
				"north": { "uv": [ 0, 10.5, 15, 11 ], "texture": "#Wood" },
				"west": { "uv": [ 0.5, 10.5, 1, 11 ], "texture": "#Wood" },
				"east": { "uv": [ 15, 10.5, 15.5, 11 ], "texture": "#Wood" }
			}
		},
		{
			"__comment": "Wood-Bench14",
			"from": [ 1, 5.5, 1.5 ],
			"to": [ 16, 6, 15.5 ],
			"faces": {
				"up": { "uv": [ 1, 1.5, 16, 15.5 ], "texture": "#Wood" },
				"north": { "uv": [ 0, 10, 15, 10.5 ], "texture": "#Wood" },
				"south": { "uv": [ 1, 10, 16, 10.5 ], "texture": "#Wood" },
				"west": { "uv": [ 1.5, 10, 15.5, 10.5 ], "texture": "#Wood" },
				"east": { "uv": [ 0.5, 10, 14.5, 10.5 ], "texture": "#Wood" }
			}
		},
		{
			"__comment": "Wood-Bench15",
			"from": [ 1, 5.5, 15.5 ],
			"to": [ 15.5, 6, 16 ],
			"faces": {
				"up": { "uv": [ 1, 15.5, 15.5, 16 ], "texture": "#Wood" },
				"south": { "uv": [ 1, 10, 15.5, 10.5 ], "texture": "#Wood" },
				"west": { "uv": [ 15.5, 10, 16, 10.5 ], "texture": "#Wood" },
				"east": { "uv": [ 0, 10, 0.5, 10.5 ], "texture": "#Wood" }
			}
		},
		{
			"__comment": "Wood-Bench16",
			"from": [ 1, 10, 0.5 ],
			"to": [ 16, 10.5, 1 ],
			"faces": {
				"down": { "uv": [ 1, 15, 16, 15.5 ], "texture": "#Wood" },
				"up": { "uv": [ 1, 0.5, 16, 1 ], "texture": "#Wood" },
				"north": { "uv": [ 0, 5.5, 15, 6 ], "texture": "#Wood" },
				"west": { "uv": [ 0.5, 5.5, 1, 6 ], "texture": "#Wood" },
				"east": { "uv": [ 15, 5.5, 15.5, 6 ], "texture": "#Wood" }
			}
		},
		{
			"__comment": "Wood-Bench17",
			"from": [ 1, 10.5, 1.5 ],
			"to": [ 16, 11, 15.5 ],
			"faces": {
				"up": { "uv": [ 1, 1.5, 16, 15.5 ], "texture": "#Wood" },
				"north": { "uv": [ 0, 5, 15, 5.5 ], "texture": "#Wood" },
				"south": { "uv": [ 1, 5, 16, 5.5 ], "texture": "#Wood" },
				"west": { "uv": [ 1.5, 5, 15.5, 5.5 ], "texture": "#Wood" },
				"east": { "uv": [ 0.5, 5, 14.5, 5.5 ], "texture": "#Wood" }
			}
		},
		{
			"__comment": "Wood-Bench18",
			"from": [ 1, 10.5, 15.5 ],
			"to": [ 15.5, 11, 16 ],
			"faces": {
				"up": { "uv": [ 1, 15.5, 15.5, 16 ], "texture": "#Wood" },
				"south": { "uv": [ 1, 5, 15.5, 5.5 ], "texture": "#Wood" },
				"west": { "uv": [ 15.5, 5, 16, 5.5 ], "texture": "#Wood" },
				"east": { "uv": [ 0, 5, 0.5, 5.5 ], "texture": "#Wood" }
			}
		},
		{
			"__comment": "Wood-Bench19",
			"from": [ 1, 15.5, 0.5 ],
			"to": [ 16, 16, 1 ],
			"faces": {
				"up": { "uv": [ 1, 0.5, 16, 1 ], "texture": "#Wood" },
				"north": { "uv": [ 0, 0, 15, 0.5 ], "texture": "#Wood" },
				"west": { "uv": [ 0.5, 0, 1, 0.5 ], "texture": "#Wood" },
				"east": { "uv": [ 15, 0, 15.5, 0.5 ], "texture": "#Wood" }
			}
		},
		{
			"__comment": "Wood-Bench20",
			"from": [ 1.5, 5.5, 1 ],
			"to": [ 16, 6, 1.5 ],
			"faces": {
				"up": { "uv": [ 1.5, 1, 16, 1.5 ], "texture": "#Wood" },
				"north": { "uv": [ 0, 10, 14.5, 10.5 ], "texture": "#Wood" },
				"west": { "uv": [ 1, 10, 1.5, 10.5 ], "texture": "#Wood" },
				"east": { "uv": [ 14.5, 10, 15, 10.5 ], "texture": "#Wood" }
			}
		},
		{
			"__comment": "Wood-Bench21",
			"from": [ 1.5, 10.5, 1 ],
			"to": [ 16, 11, 1.5 ],
			"faces": {
				"up": { "uv": [ 1.5, 1, 16, 1.5 ], "texture": "#Wood" },
				"north": { "uv": [ 0, 5, 14.5, 5.5 ], "texture": "#Wood" },
				"west": { "uv": [ 1, 5, 1.5, 5.5 ], "texture": "#Wood" },
				"east": { "uv": [ 14.5, 5, 15, 5.5 ], "texture": "#Wood" }
			}
		},
		{
			"__comment": "Wood-Bench22",
			"from": [ 15, 1, 15 ],
			"to": [ 16, 5, 15.5 ],
			"faces": {
				"north": { "uv": [ 0, 11, 1, 15 ], "texture": "#Wood" },
				"south": { "uv": [ 15, 11, 16, 15 ], "texture": "#Wood" },
				"west": { "uv": [ 15, 11, 15.5, 15 ], "texture": "#Wood" },
				"east": { "uv": [ 0.5, 11, 1, 15 ], "texture": "#Wood" }
			}
		},
		{
			"__comment": "Wood-Bench23",
			"from": [ 15, 1, 15.5 ],
			"to": [ 15.5, 5, 16 ],
			"faces": {
				"south": { "uv": [ 15, 11, 15.5, 15 ], "texture": "#Wood" },
				"west": { "uv": [ 15.5, 11, 16, 15 ], "texture": "#Wood" },
				"east": { "uv": [ 0, 11, 0.5, 15 ], "texture": "#Wood" }
			}
		},
		{
			"__comment": "Wood-Bench24",
			"from": [ 15, 6, 15 ],
			"to": [ 16, 10, 15.5 ],
			"faces": {
				"north": { "uv": [ 0, 6, 1, 10 ], "texture": "#Wood" },
				"south": { "uv": [ 15, 6, 16, 10 ], "texture": "#Wood" },
				"west": { "uv": [ 15, 6, 15.5, 10 ], "texture": "#Wood" },
				"east": { "uv": [ 0.5, 6, 1, 10 ], "texture": "#Wood" }
			}
		},
		{
			"__comment": "Wood-Bench25",
			"from": [ 15, 6, 15.5 ],
			"to": [ 15.5, 10, 16 ],
			"faces": {
				"south": { "uv": [ 15, 6, 15.5, 10 ], "texture": "#Wood" },
				"west": { "uv": [ 15.5, 6, 16, 10 ], "texture": "#Wood" },
				"east": { "uv": [ 0, 6, 0.5, 10 ], "texture": "#Wood" }
			}
		},
		{
			"__comment": "Wood-Bench26",
			"from": [ 15, 11, 15 ],
			"to": [ 16, 15, 15.5 ],
			"faces": {
				"north": { "uv": [ 0, 1, 1, 5 ], "texture": "#Wood" },
				"south": { "uv": [ 15, 1, 16, 5 ], "texture": "#Wood" },
				"west": { "uv": [ 15, 1, 15.5, 5 ], "texture": "#Wood" },
				"east": { "uv": [ 0.5, 1, 1, 5 ], "texture": "#Wood" }
			}
		},
		{
			"__comment": "Wood-Bench27",
			"from": [ 15, 11, 15.5 ],
			"to": [ 15.5, 15, 16 ],
			"faces": {
				"south": { "uv": [ 15, 1, 15.5, 5 ], "texture": "#Wood" },
				"west": { "uv": [ 15.5, 1, 16, 5 ], "texture": "#Wood" },
				"east": { "uv": [ 0, 1, 0.5, 5 ], "texture": "#Wood" }
			}
		}
	],
	"display": {
		"thirdperson_righthand": {
			"rotation":  [ 75, 45, 0 ],
			"translation":  [ 0, 2.5, 0 ],
			"scale":  [ 0.375, 0.375, 0.375 ]
		},
		"thirdperson_lefthand": {
			"rotation":  [ 75, 45, 0 ],
			"translation":  [ 0, 2.5, 0 ],
			"scale":  [ 0.375, 0.375, 0.375 ]
		},
		"firstperson_righthand": {
			"rotation":  [ 0, 45, 0 ],
			"scale":  [ 0.4, 0.4, 0.4 ]
		},
		"firstperson_lefthand": {
			"rotation":  [ 0, 45, 0 ],
			"scale":  [ 0.4, 0.4, 0.4 ]
		},
		"gui": {
			"rotation":  [ 30, 225, 0 ],
			"scale":  [ 0.625, 0.625, 0.625 ]
		},
		"head": {
			"translation":  [ 0, -30, 0 ],
			"scale":  [ 1.65, 1.65, 1.65 ]
		},
		"ground": {
			"translation":  [ 0, 3, 0 ],
			"scale":  [ 0.25, 0.25, 0.25 ]
		},
		"fixed": {
			"scale":  [ 0.5, 0.5, 0.5 ]
		}
	}
}