{
	"__comment": "Designed by Randamonium with Cubik Studio - https://cubik.studio",
	"textures": {
		"texture": "dark_oak_planks"
	},
	"elements": [ 	 
		{
			"__comment": "Table",
			"from": [ 0, 14, 0 ],
			"to": [ 16, 15, 16 ],
			"faces": {
				"down": { "uv": [ 0, 0, 16, 16 ], "texture": "#texture" },
				"up": { "uv": [ 0, 0, 16, 16 ], "texture": "#texture" },
				"north": { "uv": [ 16, 1, 0, 2 ], "texture": "#texture" },
				"south": { "uv": [ 0, 1, 16, 2 ], "texture": "#texture" },
				"west": { "uv": [ 0, 1, 16, 2 ], "texture": "#texture" },
				"east": { "uv": [ 16, 1, 0, 2 ], "texture": "#texture" }
			}
		},
		{
			"__comment": "Table",
			"from": [ 1, 0, 1 ],
			"to": [ 3, 14, 3 ],
			"faces": {
				"down": { "uv": [ 1, 13, 3, 15 ], "texture": "#texture" },
				"up": { "uv": [ 1, 1, 3, 3 ], "texture": "#texture" },
				"north": { "uv": [ 3, 2, 1, 16 ], "texture": "#texture" },
				"south": { "uv": [ 1, 2, 3, 16 ], "texture": "#texture" },
				"west": { "uv": [ 1, 2, 3, 16 ], "texture": "#texture" },
				"east": { "uv": [ 3, 2, 1, 16 ], "texture": "#texture" }
			}
		},
		{
			"__comment": "Table",
			"from": [ 13, 0, 13 ],
			"to": [ 15, 14, 15 ],
			"faces": {
				"down": { "uv": [ 13, 1, 15, 3 ], "texture": "#texture" },
				"up": { "uv": [ 13, 13, 15, 15 ], "texture": "#texture" },
				"north": { "uv": [ 15, 2, 13, 16 ], "texture": "#texture" },
				"south": { "uv": [ 13, 2, 15, 16 ], "texture": "#texture" },
				"west": { "uv": [ 13, 2, 15, 16 ], "texture": "#texture" },
				"east": { "uv": [ 15, 2, 13, 16 ], "texture": "#texture" }
			}
		},
		{
			"__comment": "Table",
			"from": [ 13, 0, 1 ],
			"to": [ 15, 14, 3 ],
			"faces": {
				"down": { "uv": [ 13, 13, 15, 15 ], "texture": "#texture" },
				"up": { "uv": [ 13, 1, 15, 3 ], "texture": "#texture" },
				"north": { "uv": [ 15, 2, 13, 16 ], "texture": "#texture" },
				"south": { "uv": [ 13, 2, 15, 16 ], "texture": "#texture" },
				"west": { "uv": [ 1, 2, 3, 16 ], "texture": "#texture" },
				"east": { "uv": [ 3, 2, 1, 16 ], "texture": "#texture" }
			}
		},
		{
			"__comment": "Table",
			"from": [ 1, 0, 13 ],
			"to": [ 3, 14, 15 ],
			"faces": {
				"down": { "uv": [ 1, 1, 3, 3 ], "texture": "#texture" },
				"up": { "uv": [ 1, 13, 3, 15 ], "texture": "#texture" },
				"north": { "uv": [ 3, 2, 1, 16 ], "texture": "#texture" },
				"south": { "uv": [ 1, 2, 3, 16 ], "texture": "#texture" },
				"west": { "uv": [ 13, 2, 15, 16 ], "texture": "#texture" },
				"east": { "uv": [ 15, 2, 13, 16 ], "texture": "#texture" }
			}
		},
		{
			"__comment": "Table",
			"from": [ 0.5, 15, 0.5 ],
			"to": [ 15.5, 16, 15.5 ],
			"faces": {
				"down": { "uv": [ 0.5, 0.5, 15.5, 15.5 ], "texture": "#texture" },
				"up": { "uv": [ 0.5, 0.5, 15.5, 15.5 ], "texture": "#texture" },
				"north": { "uv": [ 15.5, 0, 0.5, 1 ], "texture": "#texture" },
				"south": { "uv": [ 0.5, 0, 15.5, 1 ], "texture": "#texture" },
				"west": { "uv": [ 0.5, 0, 15.5, 1 ], "texture": "#texture" },
				"east": { "uv": [ 15.5, 0, 0.5, 1 ], "texture": "#texture" }
			}
		}
	],
	"display": {
		"thirdperson_righthand": {
			"rotation":  [ 75, 45, 0 ],
			"translation":  [ 0, 2.5, 0 ],
			"scale":  [ 0.25, 0.25, 0.25 ]
		},
		"thirdperson_lefthand": {
			"rotation":  [ 75, 45, 0 ],
			"translation":  [ 0, 2.5, 0 ],
			"scale":  [ 0.25, 0.25, 0.25 ]
		},
		"firstperson_righthand": {
			"rotation":  [ 0, 90, -22.5 ],
			"translation":  [ 1.13, 3.2, 1.13 ],
			"scale":  [ 0.68, 0.68, 0.68 ]
		},
		"firstperson_lefthand": {
			"rotation":  [ 0, 90, -22.5 ],
			"translation":  [ 1.13, 3.2, 1.13 ],
			"scale":  [ 0.68, 0.68, 0.68 ]
		},
		"gui": {
			"rotation":  [ 30, 225, 0 ],
			"translation":  [ 0, -1.5, 0 ],
			"scale":  [ 0.35, 0.6, 0.35 ]
		},
		"head": {
			"translation":  [ 0, -32, 0 ],
			"scale":  [ 1.3, 1.6, 1.3 ]
		},
		"ground": {
			"translation":  [ 0, 3, 0 ],
			"scale":  [ 0.15, 0.25, 0.15 ]
		},
		"fixed": {
			"translation":  [ 0, 0, -2.5 ],
			"scale":  [ 0.5, 0.5, 0.5 ]
		}
	}
}