{
	"__comment": "Designed by Randamonium with Cubik Studio - https://cubik.studio",
	"textures": {
		"texture": "block/jungle_planks"
	},
	"elements": [ 	 
		{
			"__comment": "Voxels",
			"from": [ 0, 0, 0 ],
			"to": [ 2, 8, 1 ],
			"faces": {
				"down": { "uv": [ 0, 15, 2, 16 ], "texture": "#texture" },
				"north": { "uv": [ 2, 8, 0, 16 ], "texture": "#texture" },
				"south": { "uv": [ 0, 8, 2, 16 ], "texture": "#texture" },
				"west": { "uv": [ 0, 8, 1, 16 ], "texture": "#texture" },
				"east": { "uv": [ 1, 8, 0, 16 ], "texture": "#texture" }
			}
		},
		{
			"__comment": "Voxels",
			"from": [ 0, 0, 1 ],
			"to": [ 1, 8, 2 ],
			"faces": {
				"down": { "uv": [ 0, 14, 1, 15 ], "texture": "#texture" },
				"south": { "uv": [ 0, 8, 1, 16 ], "texture": "#texture" },
				"west": { "uv": [ 1, 8, 2, 16 ], "texture": "#texture" },
				"east": { "uv": [ 2, 8, 1, 16 ], "texture": "#texture" }
			}
		},
		{
			"__comment": "Voxels",
			"from": [ 0, 0, 14 ],
			"to": [ 1, 22, 16 ],
			"faces": {
				"down": { "uv": [ 0, 0, 1, 2 ], "texture": "#texture" },
				"up": { "uv": [ 0, 14, 1, 16 ], "texture": "#texture" },
				"north": { "uv": [ 1, 0, 0, 16 ], "texture": "#texture" },
				"south": { "uv": [ 0, 0, 1, 16 ], "texture": "#texture" },
				"west": { "uv": [ 14, 0, 16, 16 ], "texture": "#texture" },
				"east": { "uv": [ 16, 0, 14, 16 ], "texture": "#texture" }
			}
		},
		{
			"__comment": "Voxels",
			"from": [ 0, 8, 0 ],
			"to": [ 16, 10, 14 ],
			"faces": {
				"down": { "uv": [ 0, 2, 16, 16 ], "texture": "#texture" },
				"up": { "uv": [ 0, 0, 16, 14 ], "texture": "#texture" },
				"north": { "uv": [ 16, 6, 0, 8 ], "texture": "#texture" },
				"south": { "uv": [ 0, 6, 16, 8 ], "texture": "#texture" },
				"west": { "uv": [ 0, 6, 14, 8 ], "texture": "#texture" },
				"east": { "uv": [ 14, 6, 0, 8 ], "texture": "#texture" }
			}
		},
		{
			"__comment": "Voxels",
			"from": [ 1, 0, 15 ],
			"to": [ 2, 22, 16 ],
			"faces": {
				"down": { "uv": [ 1, 0, 2, 1 ], "texture": "#texture" },
				"up": { "uv": [ 1, 15, 2, 16 ], "texture": "#texture" },
				"north": { "uv": [ 2, 0, 1, 16 ], "texture": "#texture" },
				"south": { "uv": [ 1, 0, 2, 16 ], "texture": "#texture" },
				"east": { "uv": [ 16, 0, 15, 16 ], "texture": "#texture" }
			}
		},
		{
			"__comment": "Voxels",
			"from": [ 1, 8, 14 ],
			"to": [ 2, 22, 15 ],
			"faces": {
				"down": { "uv": [ 1, 1, 2, 2 ], "texture": "#texture" },
				"up": { "uv": [ 1, 14, 2, 15 ], "texture": "#texture" },
				"north": { "uv": [ 2, 0, 1, 8 ], "texture": "#texture" },
				"east": { "uv": [ 15, 0, 14, 8 ], "texture": "#texture" }
			}
		},
		{
			"__comment": "Voxels",
			"from": [ 2, 8, 14 ],
			"to": [ 14, 10, 16 ],
			"faces": {
				"down": { "uv": [ 2, 0, 14, 2 ], "texture": "#texture" },
				"up": { "uv": [ 2, 14, 14, 16 ], "texture": "#texture" },
				"south": { "uv": [ 2, 6, 14, 8 ], "texture": "#texture" },
				"west": { "uv": [ 14, 6, 16, 8 ], "texture": "#texture" },
				"east": { "uv": [ 16, 6, 14, 8 ], "texture": "#texture" }
			}
		},
		{
			"__comment": "Voxels",
			"from": [ 2, 14, 14.5 ],
			"to": [ 14, 14.5, 15.5 ],
			"faces": {
				"down": { "uv": [ 2, 0.5, 14, 1.5 ], "texture": "#texture" },
				"up": { "uv": [ 2, 14.5, 14, 15.5 ], "texture": "#texture" },
				"north": { "uv": [ 14, 1.5, 2, 2 ], "texture": "#texture" },
				"south": { "uv": [ 2, 1.5, 14, 2 ], "texture": "#texture" },
				"west": { "uv": [ 14.5, 1.5, 15.5, 2 ], "texture": "#texture" },
				"east": { "uv": [ 15.5, 1.5, 14.5, 2 ], "texture": "#texture" }
			}
		},
		{
			"__comment": "Voxels",
			"from": [ 2, 14.5, 14.5 ],
			"to": [ 7.5, 15, 15.5 ],
			"faces": {
				"up": { "uv": [ 2, 14.5, 7.5, 15.5 ], "texture": "#texture" },
				"north": { "uv": [ 7.5, 1, 2, 1.5 ], "texture": "#texture" },
				"south": { "uv": [ 2, 1, 7.5, 1.5 ], "texture": "#texture" },
				"west": { "uv": [ 14.5, 1, 15.5, 1.5 ], "texture": "#texture" },
				"east": { "uv": [ 15.5, 1, 14.5, 1.5 ], "texture": "#texture" }
			}
		},
		{
			"__comment": "Voxels",
			"from": [ 2, 15, 14.5 ],
			"to": [ 7, 15.5, 15.5 ],
			"faces": {
				"up": { "uv": [ 2, 14.5, 7, 15.5 ], "texture": "#texture" },
				"north": { "uv": [ 7, 0.5, 2, 1 ], "texture": "#texture" },
				"south": { "uv": [ 2, 0.5, 7, 1 ], "texture": "#texture" },
				"west": { "uv": [ 14.5, 0.5, 15.5, 1 ], "texture": "#texture" },
				"east": { "uv": [ 15.5, 0.5, 14.5, 1 ], "texture": "#texture" }
			}
		},
		{
			"__comment": "Voxels",
			"from": [ 2, 15.5, 14.5 ],
			"to": [ 6.5, 16, 15.5 ],
			"faces": {
				"up": { "uv": [ 2, 14.5, 6.5, 15.5 ], "texture": "#texture" },
				"north": { "uv": [ 6.5, 0, 2, 0.5 ], "texture": "#texture" },
				"south": { "uv": [ 2, 0, 6.5, 0.5 ], "texture": "#texture" },
				"west": { "uv": [ 14.5, 0, 15.5, 0.5 ], "texture": "#texture" },
				"east": { "uv": [ 15.5, 0, 14.5, 0.5 ], "texture": "#texture" }
			}
		},
		{
			"__comment": "Voxels",
			"from": [ 2, 16, 14.5 ],
			"to": [ 6, 16.5, 15.5 ],
			"faces": {
				"up": { "uv": [ 2, 14.5, 6, 15.5 ], "texture": "#texture" },
				"north": { "uv": [ 6, 15.5, 2, 16 ], "texture": "#texture" },
				"south": { "uv": [ 2, 15.5, 6, 16 ], "texture": "#texture" },
				"west": { "uv": [ 14.5, 15.5, 15.5, 16 ], "texture": "#texture" },
				"east": { "uv": [ 15.5, 15.5, 14.5, 16 ], "texture": "#texture" }
			}
		},
		{
			"__comment": "Voxels",
			"from": [ 2, 16.5, 14.5 ],
			"to": [ 5.5, 17, 15.5 ],
			"faces": {
				"up": { "uv": [ 2, 14.5, 5.5, 15.5 ], "texture": "#texture" },
				"north": { "uv": [ 5.5, 15, 2, 15.5 ], "texture": "#texture" },
				"south": { "uv": [ 2, 15, 5.5, 15.5 ], "texture": "#texture" },
				"west": { "uv": [ 14.5, 15, 15.5, 15.5 ], "texture": "#texture" },
				"east": { "uv": [ 15.5, 15, 14.5, 15.5 ], "texture": "#texture" }
			}
		},
		{
			"__comment": "Voxels",
			"from": [ 2, 17, 14.5 ],
			"to": [ 5, 18, 15.5 ],
			"faces": {
				"up": { "uv": [ 2, 14.5, 5, 15.5 ], "texture": "#texture" },
				"north": { "uv": [ 5, 14, 2, 15 ], "texture": "#texture" },
				"south": { "uv": [ 2, 14, 5, 15 ], "texture": "#texture" },
				"west": { "uv": [ 14.5, 14, 15.5, 15 ], "texture": "#texture" },
				"east": { "uv": [ 15.5, 14, 14.5, 15 ], "texture": "#texture" }
			}
		},
		{
			"__comment": "Voxels",
			"from": [ 2, 18, 14.5 ],
			"to": [ 4.5, 20.5, 15.5 ],
			"faces": {
				"north": { "uv": [ 4.5, 11.5, 2, 14 ], "texture": "#texture" },
				"south": { "uv": [ 2, 11.5, 4.5, 14 ], "texture": "#texture" },
				"west": { "uv": [ 14.5, 11.5, 15.5, 14 ], "texture": "#texture" },
				"east": { "uv": [ 15.5, 11.5, 14.5, 14 ], "texture": "#texture" }
			}
		},
		{
			"__comment": "Voxels",
			"from": [ 4.5, 19.5, 14.5 ],
			"to": [ 5, 20.5, 15.5 ],
			"faces": {
				"down": { "uv": [ 4.5, 0.5, 5, 1.5 ], "texture": "#texture" },
				"north": { "uv": [ 5, 11.5, 4.5, 12.5 ], "texture": "#texture" },
				"south": { "uv": [ 4.5, 11.5, 5, 12.5 ], "texture": "#texture" },
				"east": { "uv": [ 15.5, 11.5, 14.5, 12.5 ], "texture": "#texture" }
			}
		},
		{
			"__comment": "Voxels",
			"from": [ 5, 20, 14.5 ],
			"to": [ 5.5, 20.5, 15.5 ],
			"faces": {
				"down": { "uv": [ 5, 0.5, 5.5, 1.5 ], "texture": "#texture" },
				"north": { "uv": [ 5.5, 11.5, 5, 12 ], "texture": "#texture" },
				"south": { "uv": [ 5, 11.5, 5.5, 12 ], "texture": "#texture" },
				"east": { "uv": [ 15.5, 11.5, 14.5, 12 ], "texture": "#texture" }
			}
		},
		{
			"__comment": "Voxels",
			"from": [ 2, 20.5, 14.5 ],
			"to": [ 14, 21, 15.5 ],
			"faces": {
				"down": { "uv": [ 2, 0.5, 14, 1.5 ], "texture": "#texture" },
				"up": { "uv": [ 2, 14.5, 14, 15.5 ], "texture": "#texture" },
				"north": { "uv": [ 14, 11, 2, 11.5 ], "texture": "#texture" },
				"south": { "uv": [ 2, 11, 14, 11.5 ], "texture": "#texture" },
				"west": { "uv": [ 14.5, 11, 15.5, 11.5 ], "texture": "#texture" },
				"east": { "uv": [ 15.5, 11, 14.5, 11.5 ], "texture": "#texture" }
			}
		},
		{
			"__comment": "Voxels",
			"from": [ 7, 20, 14.5 ],
			"to": [ 9, 20.5, 15.5 ],
			"faces": {
				"down": { "uv": [ 7, 0.5, 9, 1.5 ], "texture": "#texture" },
				"north": { "uv": [ 9, 11.5, 7, 12 ], "texture": "#texture" },
				"south": { "uv": [ 7, 11.5, 9, 12 ], "texture": "#texture" },
				"west": { "uv": [ 14.5, 11.5, 15.5, 12 ], "texture": "#texture" },
				"east": { "uv": [ 15.5, 11.5, 14.5, 12 ], "texture": "#texture" }
			}
		},
		{
			"__comment": "Voxels",
			"from": [ 7.5, 19.5, 14.5 ],
			"to": [ 8.5, 20, 15.5 ],
			"faces": {
				"down": { "uv": [ 7.5, 0.5, 8.5, 1.5 ], "texture": "#texture" },
				"north": { "uv": [ 8.5, 12, 7.5, 12.5 ], "texture": "#texture" },
				"south": { "uv": [ 7.5, 12, 8.5, 12.5 ], "texture": "#texture" },
				"west": { "uv": [ 14.5, 12, 15.5, 12.5 ], "texture": "#texture" },
				"east": { "uv": [ 15.5, 12, 14.5, 12.5 ], "texture": "#texture" }
			}
		},
		{
			"__comment": "Voxels",
			"from": [ 8.5, 14.5, 14.5 ],
			"to": [ 14, 15, 15.5 ],
			"faces": {
				"up": { "uv": [ 8.5, 14.5, 14, 15.5 ], "texture": "#texture" },
				"north": { "uv": [ 14, 1, 8.5, 1.5 ], "texture": "#texture" },
				"south": { "uv": [ 8.5, 1, 14, 1.5 ], "texture": "#texture" },
				"west": { "uv": [ 14.5, 1, 15.5, 1.5 ], "texture": "#texture" },
				"east": { "uv": [ 15.5, 1, 14.5, 1.5 ], "texture": "#texture" }
			}
		},
		{
			"__comment": "Voxels",
			"from": [ 9, 15, 14.5 ],
			"to": [ 14, 15.5, 15.5 ],
			"faces": {
				"up": { "uv": [ 9, 14.5, 14, 15.5 ], "texture": "#texture" },
				"north": { "uv": [ 14, 0.5, 9, 1 ], "texture": "#texture" },
				"south": { "uv": [ 9, 0.5, 14, 1 ], "texture": "#texture" },
				"west": { "uv": [ 14.5, 0.5, 15.5, 1 ], "texture": "#texture" },
				"east": { "uv": [ 15.5, 0.5, 14.5, 1 ], "texture": "#texture" }
			}
		},
		{
			"__comment": "Voxels",
			"from": [ 9.5, 15.5, 14.5 ],
			"to": [ 14, 16, 15.5 ],
			"faces": {
				"up": { "uv": [ 9.5, 14.5, 14, 15.5 ], "texture": "#texture" },
				"north": { "uv": [ 14, 0, 9.5, 0.5 ], "texture": "#texture" },
				"south": { "uv": [ 9.5, 0, 14, 0.5 ], "texture": "#texture" },
				"west": { "uv": [ 14.5, 0, 15.5, 0.5 ], "texture": "#texture" },
				"east": { "uv": [ 15.5, 0, 14.5, 0.5 ], "texture": "#texture" }
			}
		},
		{
			"__comment": "Voxels",
			"from": [ 10, 16, 14.5 ],
			"to": [ 14, 16.5, 15.5 ],
			"faces": {
				"up": { "uv": [ 10, 14.5, 14, 15.5 ], "texture": "#texture" },
				"north": { "uv": [ 14, 15.5, 10, 16 ], "texture": "#texture" },
				"south": { "uv": [ 10, 15.5, 14, 16 ], "texture": "#texture" },
				"west": { "uv": [ 14.5, 15.5, 15.5, 16 ], "texture": "#texture" },
				"east": { "uv": [ 15.5, 15.5, 14.5, 16 ], "texture": "#texture" }
			}
		},
		{
			"__comment": "Voxels",
			"from": [ 10.5, 16.5, 14.5 ],
			"to": [ 14, 17, 15.5 ],
			"faces": {
				"up": { "uv": [ 10.5, 14.5, 14, 15.5 ], "texture": "#texture" },
				"north": { "uv": [ 14, 15, 10.5, 15.5 ], "texture": "#texture" },
				"south": { "uv": [ 10.5, 15, 14, 15.5 ], "texture": "#texture" },
				"west": { "uv": [ 14.5, 15, 15.5, 15.5 ], "texture": "#texture" },
				"east": { "uv": [ 15.5, 15, 14.5, 15.5 ], "texture": "#texture" }
			}
		},
		{
			"__comment": "Voxels",
			"from": [ 10.5, 20, 14.5 ],
			"to": [ 11, 20.5, 15.5 ],
			"faces": {
				"down": { "uv": [ 10.5, 0.5, 11, 1.5 ], "texture": "#texture" },
				"north": { "uv": [ 11, 11.5, 10.5, 12 ], "texture": "#texture" },
				"south": { "uv": [ 10.5, 11.5, 11, 12 ], "texture": "#texture" },
				"west": { "uv": [ 14.5, 11.5, 15.5, 12 ], "texture": "#texture" }
			}
		},
		{
			"__comment": "Voxels",
			"from": [ 11, 17, 14.5 ],
			"to": [ 14, 18, 15.5 ],
			"faces": {
				"up": { "uv": [ 11, 14.5, 14, 15.5 ], "texture": "#texture" },
				"north": { "uv": [ 14, 14, 11, 15 ], "texture": "#texture" },
				"south": { "uv": [ 11, 14, 14, 15 ], "texture": "#texture" },
				"west": { "uv": [ 14.5, 14, 15.5, 15 ], "texture": "#texture" },
				"east": { "uv": [ 15.5, 14, 14.5, 15 ], "texture": "#texture" }
			}
		},
		{
			"__comment": "Voxels",
			"from": [ 11, 19.5, 14.5 ],
			"to": [ 11.5, 20.5, 15.5 ],
			"faces": {
				"down": { "uv": [ 11, 0.5, 11.5, 1.5 ], "texture": "#texture" },
				"north": { "uv": [ 11.5, 11.5, 11, 12.5 ], "texture": "#texture" },
				"south": { "uv": [ 11, 11.5, 11.5, 12.5 ], "texture": "#texture" },
				"west": { "uv": [ 14.5, 11.5, 15.5, 12.5 ], "texture": "#texture" }
			}
		},
		{
			"__comment": "Voxels",
			"from": [ 11.5, 18, 14.5 ],
			"to": [ 14, 20.5, 15.5 ],
			"faces": {
				"north": { "uv": [ 14, 11.5, 11.5, 14 ], "texture": "#texture" },
				"south": { "uv": [ 11.5, 11.5, 14, 14 ], "texture": "#texture" },
				"west": { "uv": [ 14.5, 11.5, 15.5, 14 ], "texture": "#texture" },
				"east": { "uv": [ 15.5, 11.5, 14.5, 14 ], "texture": "#texture" }
			}
		},
		{
			"__comment": "Voxels",
			"from": [ 14, 0, 0 ],
			"to": [ 16, 8, 1 ],
			"faces": {
				"down": { "uv": [ 14, 15, 16, 16 ], "texture": "#texture" },
				"north": { "uv": [ 16, 8, 14, 16 ], "texture": "#texture" },
				"south": { "uv": [ 14, 8, 16, 16 ], "texture": "#texture" },
				"west": { "uv": [ 0, 8, 1, 16 ], "texture": "#texture" },
				"east": { "uv": [ 1, 8, 0, 16 ], "texture": "#texture" }
			}
		},
		{
			"__comment": "Voxels",
			"from": [ 14, 0, 15 ],
			"to": [ 16, 22, 16 ],
			"faces": {
				"down": { "uv": [ 14, 0, 16, 1 ], "texture": "#texture" },
				"up": { "uv": [ 14, 15, 16, 16 ], "texture": "#texture" },
				"north": { "uv": [ 16, 0, 14, 16 ], "texture": "#texture" },
				"south": { "uv": [ 14, 0, 16, 16 ], "texture": "#texture" },
				"west": { "uv": [ 15, 0, 16, 16 ], "texture": "#texture" },
				"east": { "uv": [ 16, 0, 15, 16 ], "texture": "#texture" }
			}
		},
		{
			"__comment": "Voxels",
			"from": [ 14, 8, 14 ],
			"to": [ 15, 22, 15 ],
			"faces": {
				"down": { "uv": [ 14, 1, 15, 2 ], "texture": "#texture" },
				"up": { "uv": [ 14, 14, 15, 15 ], "texture": "#texture" },
				"north": { "uv": [ 15, 0, 14, 8 ], "texture": "#texture" },
				"west": { "uv": [ 14, 0, 15, 8 ], "texture": "#texture" }
			}
		},
		{
			"__comment": "Voxels",
			"from": [ 15, 0, 1 ],
			"to": [ 16, 8, 2 ],
			"faces": {
				"down": { "uv": [ 15, 14, 16, 15 ], "texture": "#texture" },
				"south": { "uv": [ 15, 8, 16, 16 ], "texture": "#texture" },
				"west": { "uv": [ 1, 8, 2, 16 ], "texture": "#texture" },
				"east": { "uv": [ 2, 8, 1, 16 ], "texture": "#texture" }
			}
		},
		{
			"__comment": "Voxels",
			"from": [ 15, 0, 14 ],
			"to": [ 16, 22, 15 ],
			"faces": {
				"down": { "uv": [ 15, 1, 16, 2 ], "texture": "#texture" },
				"up": { "uv": [ 15, 14, 16, 15 ], "texture": "#texture" },
				"north": { "uv": [ 16, 0, 15, 16 ], "texture": "#texture" },
				"west": { "uv": [ 14, 0, 15, 16 ], "texture": "#texture" },
				"east": { "uv": [ 15, 0, 14, 16 ], "texture": "#texture" }
			}
		}
	],
	"display": {
		"thirdperson_righthand": {
			"rotation":  [ 75, 45, 0 ],
			"translation":  [ 0, 2.5, 0 ],
			"scale":  [ 0.25, 0.25, 0.25 ]
		},
		"thirdperson_lefthand": {
			"rotation":  [ 75, 45, 0 ],
			"translation":  [ 0, 2.5, 0 ],
			"scale":  [ 0.25, 0.25, 0.25 ]
		},
		"firstperson_righthand": {
			"rotation":  [ 0, 90, -22.5 ],
			"translation":  [ 1.13, 3.2, 1.13 ],
			"scale":  [ 0.68, 0.68, 0.68 ]
		},
		"firstperson_lefthand": {
			"rotation":  [ 0, 90, -22.5 ],
			"translation":  [ 1.13, 3.2, 1.13 ],
			"scale":  [ 0.68, 0.68, 0.68 ]
		},
		"gui": {
			"rotation":  [ 30, 225, 0 ],
			"translation":  [ 0, -1.5, 0 ],
			"scale":  [ 0.35, 0.6, 0.35 ]
		},
		"head": {
			"translation":  [ 0, -32, 0 ],
			"scale":  [ 1.3, 1.6, 1.3 ]
		},
		"ground": {
			"translation":  [ 0, 3, 0 ],
			"scale":  [ 0.15, 0.25, 0.15 ]
		},
		"fixed": {
			"translation":  [ 0, 0, -2.5 ],
			"scale":  [ 0.5, 0.5, 0.5 ]
		}
	}
}