{
	"__comment": "Designed by Randamonium with Cubik Studio - https://cubik.studio",
	"textures": {
		"texture": "block/jungle_planks"
	},
	"elements": [ 	 
		{
			"__comment": "Voxels",
			"from": [ 0, 0, 0 ],
			"to": [ 2, 8, 1 ],
			"faces": {
				"down": { "uv": [ 0, 15, 2, 16 ], "texture": "#texture" },
				"north": { "uv": [ 2, 8, 0, 16 ], "texture": "#texture" },
				"south": { "uv": [ 0, 8, 2, 16 ], "texture": "#texture" },
				"west": { "uv": [ 0, 8, 1, 16 ], "texture": "#texture" },
				"east": { "uv": [ 1, 8, 0, 16 ], "texture": "#texture" }
			}
		},
		{
			"__comment": "Voxels",
			"from": [ 0, 0, 1 ],
			"to": [ 1, 8, 2 ],
			"faces": {
				"down": { "uv": [ 0, 14, 1, 15 ], "texture": "#texture" },
				"south": { "uv": [ 0, 8, 1, 16 ], "texture": "#texture" },
				"west": { "uv": [ 1, 8, 2, 16 ], "texture": "#texture" },
				"east": { "uv": [ 2, 8, 1, 16 ], "texture": "#texture" }
			}
		},
		{
			"__comment": "Voxels",
			"from": [ 0, 0, 15 ],
			"to": [ 2, 22, 16 ],
			"faces": {
				"down": { "uv": [ 0, 0, 2, 1 ], "texture": "#texture" },
				"up": { "uv": [ 0, 15, 2, 16 ], "texture": "#texture" },
				"north": { "uv": [ 2, 0, 0, 16 ], "texture": "#texture" },
				"south": { "uv": [ 0, 0, 2, 16 ], "texture": "#texture" },
				"west": { "uv": [ 15, 0, 16, 16 ], "texture": "#texture" },
				"east": { "uv": [ 16, 0, 15, 16 ], "texture": "#texture" }
			}
		},
		{
			"__comment": "Voxels",
			"from": [ 0, 8, 0 ],
			"to": [ 16, 10, 14 ],
			"faces": {
				"down": { "uv": [ 0, 2, 16, 16 ], "texture": "#texture" },
				"up": { "uv": [ 0, 0, 16, 14 ], "texture": "#texture" },
				"north": { "uv": [ 16, 6, 0, 8 ], "texture": "#texture" },
				"south": { "uv": [ 0, 6, 16, 8 ], "texture": "#texture" },
				"west": { "uv": [ 0, 6, 14, 8 ], "texture": "#texture" },
				"east": { "uv": [ 14, 6, 0, 8 ], "texture": "#texture" }
			}
		},
		{
			"__comment": "Voxels",
			"from": [ 0, 0, 14 ],
			"to": [ 1, 22, 15 ],
			"faces": {
				"down": { "uv": [ 0, 1, 1, 2 ], "texture": "#texture" },
				"up": { "uv": [ 0, 14, 1, 15 ], "texture": "#texture" },
				"north": { "uv": [ 1, 0, 0, 16 ], "texture": "#texture" },
				"west": { "uv": [ 14, 0, 15, 16 ], "texture": "#texture" },
				"east": { "uv": [ 15, 0, 14, 16 ], "texture": "#texture" }
			}
		},
		{
			"__comment": "Voxels",
			"from": [ 1, 8, 14 ],
			"to": [ 2, 22, 15 ],
			"faces": {
				"down": { "uv": [ 1, 1, 2, 2 ], "texture": "#texture" },
				"up": { "uv": [ 1, 14, 2, 15 ], "texture": "#texture" },
				"north": { "uv": [ 2, 0, 1, 8 ], "texture": "#texture" },
				"east": { "uv": [ 15, 0, 14, 8 ], "texture": "#texture" }
			}
		},
		{
			"__comment": "Voxels",
			"from": [ 2, 8, 14 ],
			"to": [ 14, 10, 16 ],
			"faces": {
				"down": { "uv": [ 2, 0, 14, 2 ], "texture": "#texture" },
				"up": { "uv": [ 2, 14, 14, 16 ], "texture": "#texture" },
				"south": { "uv": [ 2, 6, 14, 8 ], "texture": "#texture" },
				"west": { "uv": [ 14, 6, 16, 8 ], "texture": "#texture" },
				"east": { "uv": [ 16, 6, 14, 8 ], "texture": "#texture" }
			}
		},
		{
			"__comment": "Voxels",
			"from": [ 2, 14, 14.5 ],
			"to": [ 14, 21, 15.5 ],
			"faces": {
				"down": { "uv": [ 2, 0.5, 14, 1.5 ], "texture": "#texture" },
				"up": { "uv": [ 2, 14.5, 14, 15.5 ], "texture": "#texture" },
				"north": { "uv": [ 16, 0, 4.5, 7.5 ], "texture": "#texture" },
				"south": { "uv": [ 4.5, 0, 16, 7.5 ], "texture": "#texture" },
				"west": { "uv": [ 14.5, 0, 15.5, 2 ], "texture": "#texture" },
				"east": { "uv": [ 15.5, 0, 14.5, 2 ], "texture": "#texture" }
			}
		},
		{
			"__comment": "Voxels",
			"from": [ 14, 0, 0 ],
			"to": [ 16, 8, 1 ],
			"faces": {
				"down": { "uv": [ 14, 15, 16, 16 ], "texture": "#texture" },
				"north": { "uv": [ 16, 8, 14, 16 ], "texture": "#texture" },
				"south": { "uv": [ 14, 8, 16, 16 ], "texture": "#texture" },
				"west": { "uv": [ 0, 8, 1, 16 ], "texture": "#texture" },
				"east": { "uv": [ 1, 8, 0, 16 ], "texture": "#texture" }
			}
		},
		{
			"__comment": "Voxels",
			"from": [ 14, 0, 15 ],
			"to": [ 16, 22, 16 ],
			"faces": {
				"down": { "uv": [ 14, 0, 16, 1 ], "texture": "#texture" },
				"up": { "uv": [ 14, 15, 16, 16 ], "texture": "#texture" },
				"north": { "uv": [ 16, 0, 14, 16 ], "texture": "#texture" },
				"south": { "uv": [ 14, 0, 16, 16 ], "texture": "#texture" },
				"west": { "uv": [ 15, 0, 16, 16 ], "texture": "#texture" },
				"east": { "uv": [ 16, 0, 15, 16 ], "texture": "#texture" }
			}
		},
		{
			"__comment": "Voxels",
			"from": [ 14, 8, 14 ],
			"to": [ 15, 22, 15 ],
			"faces": {
				"down": { "uv": [ 14, 1, 15, 2 ], "texture": "#texture" },
				"up": { "uv": [ 14, 14, 15, 15 ], "texture": "#texture" },
				"north": { "uv": [ 15, 0, 14, 8 ], "texture": "#texture" },
				"west": { "uv": [ 14, 0, 15, 8 ], "texture": "#texture" }
			}
		},
		{
			"__comment": "Voxels",
			"from": [ 15, 0, 1 ],
			"to": [ 16, 8, 2 ],
			"faces": {
				"down": { "uv": [ 15, 14, 16, 15 ], "texture": "#texture" },
				"south": { "uv": [ 15, 8, 16, 16 ], "texture": "#texture" },
				"west": { "uv": [ 1, 8, 2, 16 ], "texture": "#texture" },
				"east": { "uv": [ 2, 8, 1, 16 ], "texture": "#texture" }
			}
		},
		{
			"__comment": "Voxels",
			"from": [ 15, 0, 14 ],
			"to": [ 16, 22, 15 ],
			"faces": {
				"down": { "uv": [ 15, 1, 16, 2 ], "texture": "#texture" },
				"up": { "uv": [ 15, 14, 16, 15 ], "texture": "#texture" },
				"north": { "uv": [ 16, 0, 15, 16 ], "texture": "#texture" },
				"west": { "uv": [ 14, 0, 15, 16 ], "texture": "#texture" },
				"east": { "uv": [ 15, 0, 14, 16 ], "texture": "#texture" }
			}
		}
	],
	"display": {
		"thirdperson_righthand": {
			"rotation":  [ 75, 45, 0 ],
			"translation":  [ 0, 2.5, 0 ],
			"scale":  [ 0.25, 0.25, 0.25 ]
		},
		"thirdperson_lefthand": {
			"rotation":  [ 75, 45, 0 ],
			"translation":  [ 0, 2.5, 0 ],
			"scale":  [ 0.25, 0.25, 0.25 ]
		},
		"firstperson_righthand": {
			"rotation":  [ 0, 90, -22.5 ],
			"translation":  [ 1.13, 3.2, 1.13 ],
			"scale":  [ 0.68, 0.68, 0.68 ]
		},
		"firstperson_lefthand": {
			"rotation":  [ 0, 90, -22.5 ],
			"translation":  [ 1.13, 3.2, 1.13 ],
			"scale":  [ 0.68, 0.68, 0.68 ]
		},
		"gui": {
			"rotation":  [ 30, 225, 0 ],
			"translation":  [ 0, -1.5, 0 ],
			"scale":  [ 0.35, 0.6, 0.35 ]
		},
		"head": {
			"translation":  [ 0, -32, 0 ],
			"scale":  [ 1.3, 1.6, 1.3 ]
		},
		"ground": {
			"translation":  [ 0, 3, 0 ],
			"scale":  [ 0.15, 0.25, 0.15 ]
		},
		"fixed": {
			"translation":  [ 0, 0, -2.5 ],
			"scale":  [ 0.5, 0.5, 0.5 ]
		}
	}
}