{
  "variants": {
    "facing=up,powered=false": [{ "model": "block/observer", "x": 270 },
                  { "model": "block/observer2", "x": 270 }],

    "facing=down,powered=false": [{ "model": "block/observer", "x": 90 },
                   { "model": "block/observer2", "x": 90 }],

    "facing=north,powered=false": [{ "model": "block/observer" },
                  { "model": "block/observer2" }],

    "facing=south,powered=false": [{ "model": "block/observer", "y": 180 },
                   { "model": "block/observer2", "y": 180 }],

    "facing=west,powered=false": [{ "model": "block/observer", "y": 270 },
                  { "model": "block/observer2", "y": 270 }],

    "facing=east,powered=false": [{ "model": "block/observer", "y": 90 },
                   { "model": "block/observer2", "y": 90 }],

    "facing=up,powered=true": [{ "model": "block/observer_powered", "x": 270 },
                  { "model": "block/observer_powered2", "x": 270 }],


    "facing=down,powered=true": [{ "model": "block/observer_powered", "x": 90 },
                  { "model": "block/observer_powered2", "x": 90 }],

    "facing=north,powered=true": [{ "model": "block/observer_powered" },
                  { "model": "block/observer_powered2" }],

    "facing=south,powered=true": [{ "model": "block/observer_powered", "y": 180 },
                   { "model": "block/observer_powered2", "y": 180 }],

    "facing=west,powered=true": [{ "model": "block/observer_powered", "y": 270 },
                  { "model": "block/observer_powered2", "y": 270 }],

    "facing=east,powered=true": [{ "model": "block/observer_powered", "y": 90 }, 
                   { "model": "block/observer_powered2", "y": 90 }]

    }
}
