{
  "variants": {
    "facing=east,lit=true": { "model": "block/redstone_wall_torch" },
    "facing=south,lit=true": { "model": "block/redstone_wall_torch", "y": 90 },
    "facing=west,lit=true": { "model": "block/redstone_wall_torch", "y": 180 },
    "facing=north,lit=true": { "model": "block/redstone_wall_torch", "y": 270 },
    "facing=east,lit=false": { "model": "block/redstone_wall_torch_off" },
    "facing=south,lit=false": { "model": "block/redstone_wall_torch_off", "y": 90 },
    "facing=west,lit=false": { "model": "block/redstone_wall_torch_off", "y": 180 },
    "facing=north,lit=false": { "model": "block/redstone_wall_torch_off", "y": 270 }
  }
}
