{
    "parent": "block/andesite",
	"overrides": [
		{"predicate": {"custom_model_data":1}, "model": "block/copper_ore"},
		{"predicate": {"custom_model_data":2}, "model": "block/copper_block"},
		{"predicate": {"custom_model_data":3}, "model": "new_block/3"},
		{"predicate": {"custom_model_data":4}, "model": "new_block/4"},
		{"predicate": {"custom_model_data":5}, "model": "new_block/5"},
		{"predicate": {"custom_model_data":6}, "model": "new_block/6"},
		{"predicate": {"custom_model_data":7}, "model": "new_block/7"},
		{"predicate": {"custom_model_data":8}, "model": "new_block/8"},
		{"predicate": {"custom_model_data":9}, "model": "new_block/9"},
		{"predicate": {"custom_model_data":10}, "model": "new_block/10"},
		{"predicate": {"custom_model_data":11}, "model": "new_block/11"},
		{"predicate": {"custom_model_data":12}, "model": "new_block/12"},
		{"predicate": {"custom_model_data":13}, "model": "new_block/13"},
		{"predicate": {"custom_model_data":14}, "model": "new_block/14"},
		{"predicate": {"custom_model_data":15}, "model": "new_block/15"},
		{"predicate": {"custom_model_data":16}, "model": "new_block/16"},
		{"predicate": {"custom_model_data":17}, "model": "new_block/17"},
		{"predicate": {"custom_model_data":18}, "model": "new_block/18"},
		{"predicate": {"custom_model_data":19}, "model": "new_block/19"},
		{"predicate": {"custom_model_data":20}, "model": "new_block/20"},
		{"predicate": {"custom_model_data":21}, "model": "new_block/21"},
		{"predicate": {"custom_model_data":22}, "model": "new_block/22"},
		{"predicate": {"custom_model_data":23}, "model": "new_block/23"},
		{"predicate": {"custom_model_data":24}, "model": "new_block/24"},
		{"predicate": {"custom_model_data":25}, "model": "new_block/25"},
		{"predicate": {"custom_model_data":26}, "model": "new_block/26"},
		{"predicate": {"custom_model_data":27}, "model": "new_block/27"},
		{"predicate": {"custom_model_data":28}, "model": "new_block/28"},
		{"predicate": {"custom_model_data":29}, "model": "new_block/29"},
		{"predicate": {"custom_model_data":30}, "model": "new_block/30"},
		{"predicate": {"custom_model_data":31}, "model": "new_block/31"},
		{"predicate": {"custom_model_data":32}, "model": "new_block/32"},
		{"predicate": {"custom_model_data":33}, "model": "new_block/33"},
		{"predicate": {"custom_model_data":34}, "model": "new_block/34"},
		{"predicate": {"custom_model_data":35}, "model": "new_block/35"},
		{"predicate": {"custom_model_data":36}, "model": "new_block/36"},
		{"predicate": {"custom_model_data":37}, "model": "new_block/37"},
		{"predicate": {"custom_model_data":38}, "model": "new_block/38"},
		{"predicate": {"custom_model_data":39}, "model": "new_block/39"},
		{"predicate": {"custom_model_data":40}, "model": "new_block/40"},
		{"predicate": {"custom_model_data":41}, "model": "new_block/41"},
		{"predicate": {"custom_model_data":42}, "model": "new_block/42"},
		{"predicate": {"custom_model_data":43}, "model": "new_block/43"},
		{"predicate": {"custom_model_data":44}, "model": "new_block/44"},
		{"predicate": {"custom_model_data":45}, "model": "new_block/45"},
		{"predicate": {"custom_model_data":46}, "model": "new_block/46"},
		{"predicate": {"custom_model_data":47}, "model": "new_block/47"},
		{"predicate": {"custom_model_data":48}, "model": "new_block/48"},
		{"predicate": {"custom_model_data":49}, "model": "new_block/49"},
		{"predicate": {"custom_model_data":50}, "model": "new_block/50"},
		{"predicate": {"custom_model_data":51}, "model": "new_block/51"},
		{"predicate": {"custom_model_data":52}, "model": "new_block/52"},
		{"predicate": {"custom_model_data":53}, "model": "new_block/53"},
		{"predicate": {"custom_model_data":54}, "model": "new_block/54"},
		{"predicate": {"custom_model_data":55}, "model": "new_block/55"},
		{"predicate": {"custom_model_data":56}, "model": "new_block/56"},
		{"predicate": {"custom_model_data":57}, "model": "new_block/57"},
		{"predicate": {"custom_model_data":58}, "model": "new_block/58"},
		{"predicate": {"custom_model_data":59}, "model": "new_block/59"},
		{"predicate": {"custom_model_data":60}, "model": "new_block/60"},
		{"predicate": {"custom_model_data":61}, "model": "new_block/61"},
		{"predicate": {"custom_model_data":62}, "model": "new_block/62"},
		{"predicate": {"custom_model_data":63}, "model": "new_block/63"},
		{"predicate": {"custom_model_data":64}, "model": "new_block/64"},
		{"predicate": {"custom_model_data":65}, "model": "new_block/65"},
		{"predicate": {"custom_model_data":66}, "model": "new_block/66"},
		{"predicate": {"custom_model_data":67}, "model": "new_block/67"},
		{"predicate": {"custom_model_data":68}, "model": "new_block/68"},
		{"predicate": {"custom_model_data":69}, "model": "new_block/69"},
		{"predicate": {"custom_model_data":70}, "model": "new_block/70"},
		{"predicate": {"custom_model_data":71}, "model": "new_block/71"},
		{"predicate": {"custom_model_data":72}, "model": "new_block/72"},
		{"predicate": {"custom_model_data":73}, "model": "new_block/73"},
		{"predicate": {"custom_model_data":74}, "model": "new_block/74"},
		{"predicate": {"custom_model_data":75}, "model": "new_block/75"},
		{"predicate": {"custom_model_data":76}, "model": "new_block/76"},
		{"predicate": {"custom_model_data":77}, "model": "new_block/77"},
		{"predicate": {"custom_model_data":78}, "model": "new_block/78"},
		{"predicate": {"custom_model_data":79}, "model": "new_block/79"},
		{"predicate": {"custom_model_data":80}, "model": "new_block/80"},
		{"predicate": {"custom_model_data":81}, "model": "new_block/81"},
		{"predicate": {"custom_model_data":82}, "model": "new_block/82"},
		{"predicate": {"custom_model_data":83}, "model": "new_block/83"},
		{"predicate": {"custom_model_data":84}, "model": "new_block/84"},
		{"predicate": {"custom_model_data":85}, "model": "new_block/85"},
		{"predicate": {"custom_model_data":86}, "model": "new_block/86"},
		{"predicate": {"custom_model_data":87}, "model": "new_block/87"},
		{"predicate": {"custom_model_data":88}, "model": "new_block/88"},
		{"predicate": {"custom_model_data":89}, "model": "new_block/89"},
		{"predicate": {"custom_model_data":90}, "model": "new_block/90"},
		{"predicate": {"custom_model_data":91}, "model": "new_block/91"},
		{"predicate": {"custom_model_data":92}, "model": "new_block/92"},
		{"predicate": {"custom_model_data":93}, "model": "new_block/93"},
		{"predicate": {"custom_model_data":94}, "model": "new_block/94"},
		{"predicate": {"custom_model_data":95}, "model": "new_block/95"},
		{"predicate": {"custom_model_data":96}, "model": "new_block/96"},
		{"predicate": {"custom_model_data":97}, "model": "new_block/97"},
		{"predicate": {"custom_model_data":98}, "model": "new_block/98"},
		{"predicate": {"custom_model_data":99}, "model": "new_block/99"},
		{"predicate": {"custom_model_data":100}, "model": "new_block/100"},
		{"predicate": {"custom_model_data":101}, "model": "new_block/101"},
		{"predicate": {"custom_model_data":102}, "model": "new_block/102"},
		{"predicate": {"custom_model_data":103}, "model": "new_block/103"},
		{"predicate": {"custom_model_data":104}, "model": "new_block/104"},
		{"predicate": {"custom_model_data":105}, "model": "new_block/105"},
		{"predicate": {"custom_model_data":106}, "model": "new_block/106"},
		{"predicate": {"custom_model_data":107}, "model": "new_block/107"},
		{"predicate": {"custom_model_data":108}, "model": "new_block/108"},
		{"predicate": {"custom_model_data":109}, "model": "new_block/109"},
		{"predicate": {"custom_model_data":110}, "model": "new_block/110"},
		{"predicate": {"custom_model_data":111}, "model": "new_block/111"},
		{"predicate": {"custom_model_data":112}, "model": "new_block/112"},
		{"predicate": {"custom_model_data":113}, "model": "new_block/113"},
		{"predicate": {"custom_model_data":114}, "model": "new_block/114"},
		{"predicate": {"custom_model_data":115}, "model": "new_block/115"},
		{"predicate": {"custom_model_data":116}, "model": "new_block/116"},
		{"predicate": {"custom_model_data":117}, "model": "new_block/117"},
		{"predicate": {"custom_model_data":118}, "model": "new_block/118"},
		{"predicate": {"custom_model_data":119}, "model": "new_block/119"},
		{"predicate": {"custom_model_data":120}, "model": "new_block/120"},
		{"predicate": {"custom_model_data":121}, "model": "new_block/121"},
		{"predicate": {"custom_model_data":122}, "model": "new_block/122"},
		{"predicate": {"custom_model_data":123}, "model": "new_block/123"},
		{"predicate": {"custom_model_data":124}, "model": "new_block/124"},
		{"predicate": {"custom_model_data":125}, "model": "new_block/125"},
		{"predicate": {"custom_model_data":126}, "model": "new_block/126"},
		{"predicate": {"custom_model_data":127}, "model": "new_block/127"},
		{"predicate": {"custom_model_data":128}, "model": "new_block/128"},
		{"predicate": {"custom_model_data":129}, "model": "new_block/129"},
		{"predicate": {"custom_model_data":130}, "model": "new_block/130"},
		{"predicate": {"custom_model_data":131}, "model": "new_block/131"},
		{"predicate": {"custom_model_data":132}, "model": "new_block/132"},
		{"predicate": {"custom_model_data":133}, "model": "new_block/133"},
		{"predicate": {"custom_model_data":134}, "model": "new_block/134"},
		{"predicate": {"custom_model_data":135}, "model": "new_block/135"},
		{"predicate": {"custom_model_data":136}, "model": "new_block/136"},
		{"predicate": {"custom_model_data":137}, "model": "new_block/137"},
		{"predicate": {"custom_model_data":138}, "model": "new_block/138"},
		{"predicate": {"custom_model_data":139}, "model": "new_block/139"},
		{"predicate": {"custom_model_data":140}, "model": "new_block/140"},
		{"predicate": {"custom_model_data":141}, "model": "new_block/141"},
		{"predicate": {"custom_model_data":142}, "model": "new_block/142"},
		{"predicate": {"custom_model_data":143}, "model": "new_block/143"},
		{"predicate": {"custom_model_data":144}, "model": "new_block/144"},
		{"predicate": {"custom_model_data":145}, "model": "new_block/145"},
		{"predicate": {"custom_model_data":146}, "model": "new_block/146"},
		{"predicate": {"custom_model_data":147}, "model": "new_block/147"},
		{"predicate": {"custom_model_data":148}, "model": "new_block/148"},
		{"predicate": {"custom_model_data":149}, "model": "new_block/149"},
		{"predicate": {"custom_model_data":150}, "model": "new_block/150"},
		{"predicate": {"custom_model_data":151}, "model": "new_block/151"},
		{"predicate": {"custom_model_data":152}, "model": "new_block/152"},
		{"predicate": {"custom_model_data":153}, "model": "new_block/153"},
		{"predicate": {"custom_model_data":154}, "model": "new_block/154"},
		{"predicate": {"custom_model_data":155}, "model": "new_block/155"},
		{"predicate": {"custom_model_data":156}, "model": "new_block/156"},
		{"predicate": {"custom_model_data":157}, "model": "new_block/157"},
		{"predicate": {"custom_model_data":158}, "model": "new_block/158"},
		{"predicate": {"custom_model_data":159}, "model": "new_block/159"},
		{"predicate": {"custom_model_data":160}, "model": "new_block/160"},
		{"predicate": {"custom_model_data":161}, "model": "new_block/161"},
		{"predicate": {"custom_model_data":162}, "model": "new_block/162"},
		{"predicate": {"custom_model_data":163}, "model": "new_block/163"},
		{"predicate": {"custom_model_data":164}, "model": "new_block/164"},
		{"predicate": {"custom_model_data":165}, "model": "new_block/165"},
		{"predicate": {"custom_model_data":166}, "model": "new_block/166"},
		{"predicate": {"custom_model_data":167}, "model": "new_block/167"},
		{"predicate": {"custom_model_data":168}, "model": "new_block/168"},
		{"predicate": {"custom_model_data":169}, "model": "new_block/169"},
		{"predicate": {"custom_model_data":170}, "model": "new_block/170"},
		{"predicate": {"custom_model_data":171}, "model": "new_block/171"},
		{"predicate": {"custom_model_data":172}, "model": "new_block/172"},
		{"predicate": {"custom_model_data":173}, "model": "new_block/173"},
		{"predicate": {"custom_model_data":174}, "model": "new_block/174"},
		{"predicate": {"custom_model_data":175}, "model": "new_block/175"},
		{"predicate": {"custom_model_data":176}, "model": "new_block/176"},
		{"predicate": {"custom_model_data":177}, "model": "new_block/177"},
		{"predicate": {"custom_model_data":178}, "model": "new_block/178"},
		{"predicate": {"custom_model_data":179}, "model": "new_block/179"},
		{"predicate": {"custom_model_data":180}, "model": "new_block/180"},
		{"predicate": {"custom_model_data":181}, "model": "new_block/181"},
		{"predicate": {"custom_model_data":182}, "model": "new_block/182"},
		{"predicate": {"custom_model_data":183}, "model": "new_block/183"},
		{"predicate": {"custom_model_data":184}, "model": "new_block/184"},
		{"predicate": {"custom_model_data":185}, "model": "new_block/185"},
		{"predicate": {"custom_model_data":186}, "model": "new_block/186"},
		{"predicate": {"custom_model_data":187}, "model": "new_block/187"},
		{"predicate": {"custom_model_data":188}, "model": "new_block/188"},
		{"predicate": {"custom_model_data":189}, "model": "new_block/189"},
		{"predicate": {"custom_model_data":190}, "model": "new_block/190"},
		{"predicate": {"custom_model_data":191}, "model": "new_block/191"},
		{"predicate": {"custom_model_data":192}, "model": "new_block/192"},
		{"predicate": {"custom_model_data":193}, "model": "new_block/193"},
		{"predicate": {"custom_model_data":194}, "model": "new_block/194"},
		{"predicate": {"custom_model_data":195}, "model": "new_block/195"},
		{"predicate": {"custom_model_data":196}, "model": "new_block/196"},
		{"predicate": {"custom_model_data":197}, "model": "new_block/197"},
		{"predicate": {"custom_model_data":198}, "model": "new_block/198"},
		{"predicate": {"custom_model_data":199}, "model": "new_block/199"},
		{"predicate": {"custom_model_data":200}, "model": "new_block/200"},
		{"predicate": {"custom_model_data":201}, "model": "new_block/201"},
		{"predicate": {"custom_model_data":202}, "model": "new_block/202"},
		{"predicate": {"custom_model_data":203}, "model": "new_block/203"},
		{"predicate": {"custom_model_data":204}, "model": "new_block/204"},
		{"predicate": {"custom_model_data":205}, "model": "new_block/205"},
		{"predicate": {"custom_model_data":206}, "model": "new_block/206"},
		{"predicate": {"custom_model_data":207}, "model": "new_block/207"},
		{"predicate": {"custom_model_data":208}, "model": "new_block/208"},
		{"predicate": {"custom_model_data":209}, "model": "new_block/209"},
		{"predicate": {"custom_model_data":210}, "model": "new_block/210"},
		{"predicate": {"custom_model_data":211}, "model": "new_block/211"},
		{"predicate": {"custom_model_data":212}, "model": "new_block/212"},
		{"predicate": {"custom_model_data":213}, "model": "new_block/213"},
		{"predicate": {"custom_model_data":214}, "model": "new_block/214"},
		{"predicate": {"custom_model_data":215}, "model": "new_block/215"},
		{"predicate": {"custom_model_data":216}, "model": "new_block/216"},
		{"predicate": {"custom_model_data":217}, "model": "new_block/217"},
		{"predicate": {"custom_model_data":218}, "model": "new_block/218"},
		{"predicate": {"custom_model_data":219}, "model": "new_block/219"},
		{"predicate": {"custom_model_data":220}, "model": "new_block/220"},
		{"predicate": {"custom_model_data":221}, "model": "new_block/221"},
		{"predicate": {"custom_model_data":222}, "model": "new_block/222"},
		{"predicate": {"custom_model_data":223}, "model": "new_block/223"},
		{"predicate": {"custom_model_data":224}, "model": "new_block/224"},
		{"predicate": {"custom_model_data":225}, "model": "new_block/225"},
		{"predicate": {"custom_model_data":226}, "model": "new_block/226"},
		{"predicate": {"custom_model_data":227}, "model": "new_block/227"},
		{"predicate": {"custom_model_data":228}, "model": "new_block/228"},
		{"predicate": {"custom_model_data":229}, "model": "new_block/229"},
		{"predicate": {"custom_model_data":230}, "model": "new_block/230"},
		{"predicate": {"custom_model_data":231}, "model": "new_block/231"},
		{"predicate": {"custom_model_data":232}, "model": "new_block/232"},
		{"predicate": {"custom_model_data":233}, "model": "new_block/233"},
		{"predicate": {"custom_model_data":234}, "model": "new_block/234"},
		{"predicate": {"custom_model_data":235}, "model": "new_block/235"},
		{"predicate": {"custom_model_data":236}, "model": "new_block/236"},
		{"predicate": {"custom_model_data":237}, "model": "new_block/237"},
		{"predicate": {"custom_model_data":238}, "model": "new_block/238"},
		{"predicate": {"custom_model_data":239}, "model": "new_block/239"},
		{"predicate": {"custom_model_data":240}, "model": "new_block/240"},
		{"predicate": {"custom_model_data":241}, "model": "new_block/241"},
		{"predicate": {"custom_model_data":242}, "model": "new_block/242"},
		{"predicate": {"custom_model_data":243}, "model": "new_block/243"},
		{"predicate": {"custom_model_data":244}, "model": "new_block/244"},
		{"predicate": {"custom_model_data":245}, "model": "new_block/245"},
		{"predicate": {"custom_model_data":246}, "model": "new_block/246"},
		{"predicate": {"custom_model_data":247}, "model": "new_block/247"},
		{"predicate": {"custom_model_data":248}, "model": "new_block/248"},
		{"predicate": {"custom_model_data":249}, "model": "new_block/249"},
		{"predicate": {"custom_model_data":250}, "model": "new_block/250"},
		{"predicate": {"custom_model_data":251}, "model": "new_block/251"},
		{"predicate": {"custom_model_data":252}, "model": "new_block/252"},
		{"predicate": {"custom_model_data":253}, "model": "new_block/253"},
		{"predicate": {"custom_model_data":254}, "model": "new_block/254"},
		{"predicate": {"custom_model_data":255}, "model": "new_block/255"},
		{"predicate": {"custom_model_data":256}, "model": "new_block/256"},
		{"predicate": {"custom_model_data":257}, "model": "new_block/257"},
		{"predicate": {"custom_model_data":258}, "model": "new_block/258"},
		{"predicate": {"custom_model_data":259}, "model": "new_block/259"},
		{"predicate": {"custom_model_data":260}, "model": "new_block/260"},
		{"predicate": {"custom_model_data":261}, "model": "new_block/261"},
		{"predicate": {"custom_model_data":262}, "model": "new_block/262"},
		{"predicate": {"custom_model_data":263}, "model": "new_block/263"},
		{"predicate": {"custom_model_data":264}, "model": "new_block/264"},
		{"predicate": {"custom_model_data":265}, "model": "new_block/265"},
		{"predicate": {"custom_model_data":266}, "model": "new_block/266"},
		{"predicate": {"custom_model_data":267}, "model": "new_block/267"},
		{"predicate": {"custom_model_data":268}, "model": "new_block/268"},
		{"predicate": {"custom_model_data":269}, "model": "new_block/269"},
		{"predicate": {"custom_model_data":270}, "model": "new_block/270"},
		{"predicate": {"custom_model_data":271}, "model": "new_block/271"},
		{"predicate": {"custom_model_data":272}, "model": "new_block/272"},
		{"predicate": {"custom_model_data":273}, "model": "new_block/273"},
		{"predicate": {"custom_model_data":274}, "model": "new_block/274"},
		{"predicate": {"custom_model_data":275}, "model": "new_block/275"},
		{"predicate": {"custom_model_data":276}, "model": "new_block/276"},
		{"predicate": {"custom_model_data":277}, "model": "new_block/277"},
		{"predicate": {"custom_model_data":278}, "model": "new_block/278"},
		{"predicate": {"custom_model_data":279}, "model": "new_block/279"},
		{"predicate": {"custom_model_data":280}, "model": "new_block/280"},
		{"predicate": {"custom_model_data":281}, "model": "new_block/281"},
		{"predicate": {"custom_model_data":282}, "model": "new_block/282"},
		{"predicate": {"custom_model_data":283}, "model": "new_block/283"},
		{"predicate": {"custom_model_data":284}, "model": "new_block/284"},
		{"predicate": {"custom_model_data":285}, "model": "new_block/285"},
		{"predicate": {"custom_model_data":286}, "model": "new_block/286"},
		{"predicate": {"custom_model_data":287}, "model": "new_block/287"},
		{"predicate": {"custom_model_data":288}, "model": "new_block/288"},
		{"predicate": {"custom_model_data":289}, "model": "new_block/289"},
		{"predicate": {"custom_model_data":290}, "model": "new_block/290"},
		{"predicate": {"custom_model_data":291}, "model": "new_block/291"},
		{"predicate": {"custom_model_data":292}, "model": "new_block/292"},
		{"predicate": {"custom_model_data":293}, "model": "new_block/293"},
		{"predicate": {"custom_model_data":294}, "model": "new_block/294"},
		{"predicate": {"custom_model_data":295}, "model": "new_block/295"},
		{"predicate": {"custom_model_data":296}, "model": "new_block/296"},
		{"predicate": {"custom_model_data":297}, "model": "new_block/297"},
		{"predicate": {"custom_model_data":298}, "model": "new_block/298"},
		{"predicate": {"custom_model_data":299}, "model": "new_block/299"},
		{"predicate": {"custom_model_data":300}, "model": "new_block/300"},
		{"predicate": {"custom_model_data":301}, "model": "new_block/301"},
		{"predicate": {"custom_model_data":302}, "model": "new_block/302"},
		{"predicate": {"custom_model_data":303}, "model": "new_block/303"},
		{"predicate": {"custom_model_data":304}, "model": "new_block/304"},
		{"predicate": {"custom_model_data":305}, "model": "new_block/305"},
		{"predicate": {"custom_model_data":306}, "model": "new_block/306"},
		{"predicate": {"custom_model_data":307}, "model": "new_block/307"},
		{"predicate": {"custom_model_data":308}, "model": "new_block/308"},
		{"predicate": {"custom_model_data":309}, "model": "new_block/309"},
		{"predicate": {"custom_model_data":310}, "model": "new_block/310"},
		{"predicate": {"custom_model_data":311}, "model": "new_block/311"},
		{"predicate": {"custom_model_data":312}, "model": "new_block/312"},
		{"predicate": {"custom_model_data":313}, "model": "new_block/313"},
		{"predicate": {"custom_model_data":314}, "model": "new_block/314"},
		{"predicate": {"custom_model_data":315}, "model": "new_block/315"},
		{"predicate": {"custom_model_data":316}, "model": "new_block/316"},
		{"predicate": {"custom_model_data":317}, "model": "new_block/317"},
		{"predicate": {"custom_model_data":318}, "model": "new_block/318"},
		{"predicate": {"custom_model_data":319}, "model": "new_block/319"},
		{"predicate": {"custom_model_data":320}, "model": "new_block/320"},
		{"predicate": {"custom_model_data":321}, "model": "new_block/321"},
		{"predicate": {"custom_model_data":322}, "model": "new_block/322"},
		{"predicate": {"custom_model_data":323}, "model": "new_block/323"},
		{"predicate": {"custom_model_data":324}, "model": "new_block/324"},
		{"predicate": {"custom_model_data":325}, "model": "new_block/325"},
		{"predicate": {"custom_model_data":326}, "model": "new_block/326"},
		{"predicate": {"custom_model_data":327}, "model": "new_block/327"},
		{"predicate": {"custom_model_data":328}, "model": "new_block/328"},
		{"predicate": {"custom_model_data":329}, "model": "new_block/329"},
		{"predicate": {"custom_model_data":330}, "model": "new_block/330"},
		{"predicate": {"custom_model_data":331}, "model": "new_block/331"},
		{"predicate": {"custom_model_data":332}, "model": "new_block/332"},
		{"predicate": {"custom_model_data":333}, "model": "new_block/333"},
		{"predicate": {"custom_model_data":334}, "model": "new_block/334"},
		{"predicate": {"custom_model_data":335}, "model": "new_block/335"},
		{"predicate": {"custom_model_data":336}, "model": "new_block/336"},
		{"predicate": {"custom_model_data":337}, "model": "new_block/337"},
		{"predicate": {"custom_model_data":338}, "model": "new_block/338"},
		{"predicate": {"custom_model_data":339}, "model": "new_block/339"},
		{"predicate": {"custom_model_data":340}, "model": "new_block/340"},
		{"predicate": {"custom_model_data":341}, "model": "new_block/341"},
		{"predicate": {"custom_model_data":342}, "model": "new_block/342"},
		{"predicate": {"custom_model_data":343}, "model": "new_block/343"},
		{"predicate": {"custom_model_data":344}, "model": "new_block/344"},
		{"predicate": {"custom_model_data":345}, "model": "new_block/345"},
		{"predicate": {"custom_model_data":346}, "model": "new_block/346"},
		{"predicate": {"custom_model_data":347}, "model": "new_block/347"},
		{"predicate": {"custom_model_data":348}, "model": "new_block/348"},
		{"predicate": {"custom_model_data":349}, "model": "new_block/349"},
		{"predicate": {"custom_model_data":350}, "model": "new_block/350"},
		{"predicate": {"custom_model_data":351}, "model": "new_block/351"},
		{"predicate": {"custom_model_data":352}, "model": "new_block/352"},
		{"predicate": {"custom_model_data":353}, "model": "new_block/353"},
		{"predicate": {"custom_model_data":354}, "model": "new_block/354"},
		{"predicate": {"custom_model_data":355}, "model": "new_block/355"},
		{"predicate": {"custom_model_data":356}, "model": "new_block/356"},
		{"predicate": {"custom_model_data":357}, "model": "new_block/357"},
		{"predicate": {"custom_model_data":358}, "model": "new_block/358"},
		{"predicate": {"custom_model_data":359}, "model": "new_block/359"},
		{"predicate": {"custom_model_data":360}, "model": "new_block/360"},
		{"predicate": {"custom_model_data":361}, "model": "new_block/361"},
		{"predicate": {"custom_model_data":362}, "model": "new_block/362"},
		{"predicate": {"custom_model_data":363}, "model": "new_block/363"},
		{"predicate": {"custom_model_data":364}, "model": "new_block/364"},
		{"predicate": {"custom_model_data":365}, "model": "new_block/365"},
		{"predicate": {"custom_model_data":366}, "model": "new_block/366"},
		{"predicate": {"custom_model_data":367}, "model": "new_block/367"},
		{"predicate": {"custom_model_data":368}, "model": "new_block/368"},
		{"predicate": {"custom_model_data":369}, "model": "new_block/369"},
		{"predicate": {"custom_model_data":370}, "model": "new_block/370"},
		{"predicate": {"custom_model_data":371}, "model": "new_block/371"},
		{"predicate": {"custom_model_data":372}, "model": "new_block/372"},
		{"predicate": {"custom_model_data":373}, "model": "new_block/373"},
		{"predicate": {"custom_model_data":374}, "model": "new_block/374"},
		{"predicate": {"custom_model_data":375}, "model": "new_block/375"},
		{"predicate": {"custom_model_data":376}, "model": "new_block/376"},
		{"predicate": {"custom_model_data":377}, "model": "new_block/377"},
		{"predicate": {"custom_model_data":378}, "model": "new_block/378"},
		{"predicate": {"custom_model_data":379}, "model": "new_block/379"},
		{"predicate": {"custom_model_data":380}, "model": "new_block/380"},
		{"predicate": {"custom_model_data":381}, "model": "new_block/381"},
		{"predicate": {"custom_model_data":382}, "model": "new_block/382"},
		{"predicate": {"custom_model_data":383}, "model": "new_block/383"},
		{"predicate": {"custom_model_data":384}, "model": "new_block/384"},
		{"predicate": {"custom_model_data":385}, "model": "new_block/385"},
		{"predicate": {"custom_model_data":386}, "model": "new_block/386"},
		{"predicate": {"custom_model_data":387}, "model": "new_block/387"},
		{"predicate": {"custom_model_data":388}, "model": "new_block/388"},
		{"predicate": {"custom_model_data":389}, "model": "new_block/389"},
		{"predicate": {"custom_model_data":390}, "model": "new_block/390"},
		{"predicate": {"custom_model_data":391}, "model": "new_block/391"},
		{"predicate": {"custom_model_data":392}, "model": "new_block/392"},
		{"predicate": {"custom_model_data":393}, "model": "new_block/393"},
		{"predicate": {"custom_model_data":394}, "model": "new_block/394"},
		{"predicate": {"custom_model_data":395}, "model": "new_block/395"},
		{"predicate": {"custom_model_data":396}, "model": "new_block/396"},
		{"predicate": {"custom_model_data":397}, "model": "new_block/397"},
		{"predicate": {"custom_model_data":398}, "model": "new_block/398"},
		{"predicate": {"custom_model_data":399}, "model": "new_block/399"},
		{"predicate": {"custom_model_data":400}, "model": "new_block/400"},
		{"predicate": {"custom_model_data":401}, "model": "new_block/401"},
		{"predicate": {"custom_model_data":402}, "model": "new_block/402"},
		{"predicate": {"custom_model_data":403}, "model": "new_block/403"},
		{"predicate": {"custom_model_data":404}, "model": "new_block/404"},
		{"predicate": {"custom_model_data":405}, "model": "new_block/405"},
		{"predicate": {"custom_model_data":406}, "model": "new_block/406"},
		{"predicate": {"custom_model_data":407}, "model": "new_block/407"},
		{"predicate": {"custom_model_data":408}, "model": "new_block/408"},
		{"predicate": {"custom_model_data":409}, "model": "new_block/409"},
		{"predicate": {"custom_model_data":410}, "model": "new_block/410"},
		{"predicate": {"custom_model_data":411}, "model": "new_block/411"},
		{"predicate": {"custom_model_data":412}, "model": "new_block/412"},
		{"predicate": {"custom_model_data":413}, "model": "new_block/413"},
		{"predicate": {"custom_model_data":414}, "model": "new_block/414"},
		{"predicate": {"custom_model_data":415}, "model": "new_block/415"},
		{"predicate": {"custom_model_data":416}, "model": "new_block/416"},
		{"predicate": {"custom_model_data":417}, "model": "new_block/417"},
		{"predicate": {"custom_model_data":418}, "model": "new_block/418"},
		{"predicate": {"custom_model_data":419}, "model": "new_block/419"},
		{"predicate": {"custom_model_data":420}, "model": "new_block/420"},
		{"predicate": {"custom_model_data":421}, "model": "new_block/421"},
		{"predicate": {"custom_model_data":422}, "model": "new_block/422"},
		{"predicate": {"custom_model_data":423}, "model": "new_block/423"},
		{"predicate": {"custom_model_data":424}, "model": "new_block/424"},
		{"predicate": {"custom_model_data":425}, "model": "new_block/425"},
		{"predicate": {"custom_model_data":426}, "model": "new_block/426"},
		{"predicate": {"custom_model_data":427}, "model": "new_block/427"},
		{"predicate": {"custom_model_data":428}, "model": "new_block/428"},
		{"predicate": {"custom_model_data":429}, "model": "new_block/429"},
		{"predicate": {"custom_model_data":430}, "model": "new_block/430"},
		{"predicate": {"custom_model_data":431}, "model": "new_block/431"},
		{"predicate": {"custom_model_data":432}, "model": "new_block/432"},
		{"predicate": {"custom_model_data":433}, "model": "new_block/433"},
		{"predicate": {"custom_model_data":434}, "model": "new_block/434"},
		{"predicate": {"custom_model_data":435}, "model": "new_block/435"},
		{"predicate": {"custom_model_data":436}, "model": "new_block/436"},
		{"predicate": {"custom_model_data":437}, "model": "new_block/437"},
		{"predicate": {"custom_model_data":438}, "model": "new_block/438"},
		{"predicate": {"custom_model_data":439}, "model": "new_block/439"},
		{"predicate": {"custom_model_data":440}, "model": "new_block/440"},
		{"predicate": {"custom_model_data":441}, "model": "new_block/441"},
		{"predicate": {"custom_model_data":442}, "model": "new_block/442"},
		{"predicate": {"custom_model_data":443}, "model": "new_block/443"},
		{"predicate": {"custom_model_data":444}, "model": "new_block/444"},
		{"predicate": {"custom_model_data":445}, "model": "new_block/445"},
		{"predicate": {"custom_model_data":446}, "model": "new_block/446"},
		{"predicate": {"custom_model_data":447}, "model": "new_block/447"},
		{"predicate": {"custom_model_data":448}, "model": "new_block/448"},
		{"predicate": {"custom_model_data":449}, "model": "new_block/449"},
		{"predicate": {"custom_model_data":450}, "model": "new_block/450"},
		{"predicate": {"custom_model_data":451}, "model": "new_block/451"},
		{"predicate": {"custom_model_data":452}, "model": "new_block/452"},
		{"predicate": {"custom_model_data":453}, "model": "new_block/453"},
		{"predicate": {"custom_model_data":454}, "model": "new_block/454"},
		{"predicate": {"custom_model_data":455}, "model": "new_block/455"},
		{"predicate": {"custom_model_data":456}, "model": "new_block/456"},
		{"predicate": {"custom_model_data":457}, "model": "new_block/457"},
		{"predicate": {"custom_model_data":458}, "model": "new_block/458"},
		{"predicate": {"custom_model_data":459}, "model": "new_block/459"},
		{"predicate": {"custom_model_data":460}, "model": "new_block/460"},
		{"predicate": {"custom_model_data":461}, "model": "new_block/461"},
		{"predicate": {"custom_model_data":462}, "model": "new_block/462"},
		{"predicate": {"custom_model_data":463}, "model": "new_block/463"},
		{"predicate": {"custom_model_data":464}, "model": "new_block/464"},
		{"predicate": {"custom_model_data":465}, "model": "new_block/465"},
		{"predicate": {"custom_model_data":466}, "model": "new_block/466"},
		{"predicate": {"custom_model_data":467}, "model": "new_block/467"},
		{"predicate": {"custom_model_data":468}, "model": "new_block/468"},
		{"predicate": {"custom_model_data":469}, "model": "new_block/469"},
		{"predicate": {"custom_model_data":470}, "model": "new_block/470"},
		{"predicate": {"custom_model_data":471}, "model": "new_block/471"},
		{"predicate": {"custom_model_data":472}, "model": "new_block/472"},
		{"predicate": {"custom_model_data":473}, "model": "new_block/473"},
		{"predicate": {"custom_model_data":474}, "model": "new_block/474"},
		{"predicate": {"custom_model_data":475}, "model": "new_block/475"},
		{"predicate": {"custom_model_data":476}, "model": "new_block/476"},
		{"predicate": {"custom_model_data":477}, "model": "new_block/477"},
		{"predicate": {"custom_model_data":478}, "model": "new_block/478"},
		{"predicate": {"custom_model_data":479}, "model": "new_block/479"},
		{"predicate": {"custom_model_data":480}, "model": "new_block/480"},
		{"predicate": {"custom_model_data":481}, "model": "new_block/481"},
		{"predicate": {"custom_model_data":482}, "model": "new_block/482"},
		{"predicate": {"custom_model_data":483}, "model": "new_block/483"},
		{"predicate": {"custom_model_data":484}, "model": "new_block/484"},
		{"predicate": {"custom_model_data":485}, "model": "new_block/485"},
		{"predicate": {"custom_model_data":486}, "model": "new_block/486"},
		{"predicate": {"custom_model_data":487}, "model": "new_block/487"},
		{"predicate": {"custom_model_data":488}, "model": "new_block/488"},
		{"predicate": {"custom_model_data":489}, "model": "new_block/489"},
		{"predicate": {"custom_model_data":490}, "model": "new_block/490"},
		{"predicate": {"custom_model_data":491}, "model": "new_block/491"},
		{"predicate": {"custom_model_data":492}, "model": "new_block/492"},
		{"predicate": {"custom_model_data":493}, "model": "new_block/493"},
		{"predicate": {"custom_model_data":494}, "model": "new_block/494"},
		{"predicate": {"custom_model_data":495}, "model": "new_block/495"},
		{"predicate": {"custom_model_data":496}, "model": "new_block/496"},
		{"predicate": {"custom_model_data":497}, "model": "new_block/497"},
		{"predicate": {"custom_model_data":498}, "model": "new_block/498"},
		{"predicate": {"custom_model_data":499}, "model": "new_block/499"},
		{"predicate": {"custom_model_data":500}, "model": "new_block/500"},
		{"predicate": {"custom_model_data":501}, "model": "new_block/501"},
		{"predicate": {"custom_model_data":502}, "model": "new_block/502"},
		{"predicate": {"custom_model_data":503}, "model": "new_block/503"},
		{"predicate": {"custom_model_data":504}, "model": "new_block/504"},
		{"predicate": {"custom_model_data":505}, "model": "new_block/505"},
		{"predicate": {"custom_model_data":506}, "model": "new_block/506"},
		{"predicate": {"custom_model_data":507}, "model": "new_block/507"},
		{"predicate": {"custom_model_data":508}, "model": "new_block/508"},
		{"predicate": {"custom_model_data":509}, "model": "new_block/509"},
		{"predicate": {"custom_model_data":510}, "model": "new_block/510"},
		{"predicate": {"custom_model_data":511}, "model": "new_block/511"},
		{"predicate": {"custom_model_data":512}, "model": "new_block/512"},
		{"predicate": {"custom_model_data":513}, "model": "new_block/513"},
		{"predicate": {"custom_model_data":514}, "model": "new_block/514"},
		{"predicate": {"custom_model_data":515}, "model": "new_block/515"},
		{"predicate": {"custom_model_data":516}, "model": "new_block/516"},
		{"predicate": {"custom_model_data":517}, "model": "new_block/517"},
		{"predicate": {"custom_model_data":518}, "model": "new_block/518"},
		{"predicate": {"custom_model_data":519}, "model": "new_block/519"},
		{"predicate": {"custom_model_data":520}, "model": "new_block/520"},
		{"predicate": {"custom_model_data":521}, "model": "new_block/521"},
		{"predicate": {"custom_model_data":522}, "model": "new_block/522"},
		{"predicate": {"custom_model_data":523}, "model": "new_block/523"},
		{"predicate": {"custom_model_data":524}, "model": "new_block/524"},
		{"predicate": {"custom_model_data":525}, "model": "new_block/525"},
		{"predicate": {"custom_model_data":526}, "model": "new_block/526"},
		{"predicate": {"custom_model_data":527}, "model": "new_block/527"},
		{"predicate": {"custom_model_data":528}, "model": "new_block/528"},
		{"predicate": {"custom_model_data":529}, "model": "new_block/529"},
		{"predicate": {"custom_model_data":530}, "model": "new_block/530"},
		{"predicate": {"custom_model_data":531}, "model": "new_block/531"},
		{"predicate": {"custom_model_data":532}, "model": "new_block/532"},
		{"predicate": {"custom_model_data":533}, "model": "new_block/533"},
		{"predicate": {"custom_model_data":534}, "model": "new_block/534"},
		{"predicate": {"custom_model_data":535}, "model": "new_block/535"},
		{"predicate": {"custom_model_data":536}, "model": "new_block/536"},
		{"predicate": {"custom_model_data":537}, "model": "new_block/537"},
		{"predicate": {"custom_model_data":538}, "model": "new_block/538"},
		{"predicate": {"custom_model_data":539}, "model": "new_block/539"},
		{"predicate": {"custom_model_data":540}, "model": "new_block/540"},
		{"predicate": {"custom_model_data":541}, "model": "new_block/541"},
		{"predicate": {"custom_model_data":542}, "model": "new_block/542"},
		{"predicate": {"custom_model_data":543}, "model": "new_block/543"},
		{"predicate": {"custom_model_data":544}, "model": "new_block/544"},
		{"predicate": {"custom_model_data":545}, "model": "new_block/545"},
		{"predicate": {"custom_model_data":546}, "model": "new_block/546"},
		{"predicate": {"custom_model_data":547}, "model": "new_block/547"},
		{"predicate": {"custom_model_data":548}, "model": "new_block/548"},
		{"predicate": {"custom_model_data":549}, "model": "new_block/549"},
		{"predicate": {"custom_model_data":550}, "model": "new_block/550"},
		{"predicate": {"custom_model_data":551}, "model": "new_block/551"},
		{"predicate": {"custom_model_data":552}, "model": "new_block/552"},
		{"predicate": {"custom_model_data":553}, "model": "new_block/553"},
		{"predicate": {"custom_model_data":554}, "model": "new_block/554"},
		{"predicate": {"custom_model_data":555}, "model": "new_block/555"},
		{"predicate": {"custom_model_data":556}, "model": "new_block/556"},
		{"predicate": {"custom_model_data":557}, "model": "new_block/557"},
		{"predicate": {"custom_model_data":558}, "model": "new_block/558"},
		{"predicate": {"custom_model_data":559}, "model": "new_block/559"},
		{"predicate": {"custom_model_data":560}, "model": "new_block/560"},
		{"predicate": {"custom_model_data":561}, "model": "new_block/561"},
		{"predicate": {"custom_model_data":562}, "model": "new_block/562"},
		{"predicate": {"custom_model_data":563}, "model": "new_block/563"},
		{"predicate": {"custom_model_data":564}, "model": "new_block/564"},
		{"predicate": {"custom_model_data":565}, "model": "new_block/565"},
		{"predicate": {"custom_model_data":566}, "model": "new_block/566"},
		{"predicate": {"custom_model_data":567}, "model": "new_block/567"},
		{"predicate": {"custom_model_data":568}, "model": "new_block/568"},
		{"predicate": {"custom_model_data":569}, "model": "new_block/569"},
		{"predicate": {"custom_model_data":570}, "model": "new_block/570"},
		{"predicate": {"custom_model_data":571}, "model": "new_block/571"},
		{"predicate": {"custom_model_data":572}, "model": "new_block/572"},
		{"predicate": {"custom_model_data":573}, "model": "new_block/573"},
		{"predicate": {"custom_model_data":574}, "model": "new_block/574"},
		{"predicate": {"custom_model_data":575}, "model": "new_block/575"},
		{"predicate": {"custom_model_data":576}, "model": "new_block/576"},
		{"predicate": {"custom_model_data":577}, "model": "new_block/577"},
		{"predicate": {"custom_model_data":578}, "model": "new_block/578"},
		{"predicate": {"custom_model_data":579}, "model": "new_block/579"},
		{"predicate": {"custom_model_data":580}, "model": "new_block/580"},
		{"predicate": {"custom_model_data":581}, "model": "new_block/581"},
		{"predicate": {"custom_model_data":582}, "model": "new_block/582"},
		{"predicate": {"custom_model_data":583}, "model": "new_block/583"},
		{"predicate": {"custom_model_data":584}, "model": "new_block/584"},
		{"predicate": {"custom_model_data":585}, "model": "new_block/585"},
		{"predicate": {"custom_model_data":586}, "model": "new_block/586"},
		{"predicate": {"custom_model_data":587}, "model": "new_block/587"},
		{"predicate": {"custom_model_data":588}, "model": "new_block/588"},
		{"predicate": {"custom_model_data":589}, "model": "new_block/589"},
		{"predicate": {"custom_model_data":590}, "model": "new_block/590"},
		{"predicate": {"custom_model_data":591}, "model": "new_block/591"},
		{"predicate": {"custom_model_data":592}, "model": "new_block/592"},
		{"predicate": {"custom_model_data":593}, "model": "new_block/593"},
		{"predicate": {"custom_model_data":594}, "model": "new_block/594"},
		{"predicate": {"custom_model_data":595}, "model": "new_block/595"},
		{"predicate": {"custom_model_data":596}, "model": "new_block/596"},
		{"predicate": {"custom_model_data":597}, "model": "new_block/597"},
		{"predicate": {"custom_model_data":598}, "model": "new_block/598"},
		{"predicate": {"custom_model_data":599}, "model": "new_block/599"},
		{"predicate": {"custom_model_data":600}, "model": "new_block/600"},
		{"predicate": {"custom_model_data":601}, "model": "new_block/601"},
		{"predicate": {"custom_model_data":602}, "model": "new_block/602"},
		{"predicate": {"custom_model_data":603}, "model": "new_block/603"},
		{"predicate": {"custom_model_data":604}, "model": "new_block/604"},
		{"predicate": {"custom_model_data":605}, "model": "new_block/605"},
		{"predicate": {"custom_model_data":606}, "model": "new_block/606"},
		{"predicate": {"custom_model_data":607}, "model": "new_block/607"},
		{"predicate": {"custom_model_data":608}, "model": "new_block/608"},
		{"predicate": {"custom_model_data":609}, "model": "new_block/609"},
		{"predicate": {"custom_model_data":610}, "model": "new_block/610"},
		{"predicate": {"custom_model_data":611}, "model": "new_block/611"},
		{"predicate": {"custom_model_data":612}, "model": "new_block/612"},
		{"predicate": {"custom_model_data":613}, "model": "new_block/613"},
		{"predicate": {"custom_model_data":614}, "model": "new_block/614"},
		{"predicate": {"custom_model_data":615}, "model": "new_block/615"},
		{"predicate": {"custom_model_data":616}, "model": "new_block/616"},
		{"predicate": {"custom_model_data":617}, "model": "new_block/617"},
		{"predicate": {"custom_model_data":618}, "model": "new_block/618"},
		{"predicate": {"custom_model_data":619}, "model": "new_block/619"},
		{"predicate": {"custom_model_data":620}, "model": "new_block/620"},
		{"predicate": {"custom_model_data":621}, "model": "new_block/621"},
		{"predicate": {"custom_model_data":622}, "model": "new_block/622"},
		{"predicate": {"custom_model_data":623}, "model": "new_block/623"},
		{"predicate": {"custom_model_data":624}, "model": "new_block/624"},
		{"predicate": {"custom_model_data":625}, "model": "new_block/625"},
		{"predicate": {"custom_model_data":626}, "model": "new_block/626"},
		{"predicate": {"custom_model_data":627}, "model": "new_block/627"},
		{"predicate": {"custom_model_data":628}, "model": "new_block/628"},
		{"predicate": {"custom_model_data":629}, "model": "new_block/629"},
		{"predicate": {"custom_model_data":630}, "model": "new_block/630"},
		{"predicate": {"custom_model_data":631}, "model": "new_block/631"},
		{"predicate": {"custom_model_data":632}, "model": "new_block/632"},
		{"predicate": {"custom_model_data":633}, "model": "new_block/633"},
		{"predicate": {"custom_model_data":634}, "model": "new_block/634"},
		{"predicate": {"custom_model_data":635}, "model": "new_block/635"},
		{"predicate": {"custom_model_data":636}, "model": "new_block/636"},
		{"predicate": {"custom_model_data":637}, "model": "new_block/637"},
		{"predicate": {"custom_model_data":638}, "model": "new_block/638"},
		{"predicate": {"custom_model_data":639}, "model": "new_block/639"},
		{"predicate": {"custom_model_data":640}, "model": "new_block/640"},
		{"predicate": {"custom_model_data":641}, "model": "new_block/641"},
		{"predicate": {"custom_model_data":642}, "model": "new_block/642"},
		{"predicate": {"custom_model_data":643}, "model": "new_block/643"},
		{"predicate": {"custom_model_data":644}, "model": "new_block/644"},
		{"predicate": {"custom_model_data":645}, "model": "new_block/645"},
		{"predicate": {"custom_model_data":646}, "model": "new_block/646"},
		{"predicate": {"custom_model_data":647}, "model": "new_block/647"},
		{"predicate": {"custom_model_data":648}, "model": "new_block/648"},
		{"predicate": {"custom_model_data":649}, "model": "new_block/649"},
		{"predicate": {"custom_model_data":650}, "model": "new_block/650"},
		{"predicate": {"custom_model_data":651}, "model": "new_block/651"},
		{"predicate": {"custom_model_data":652}, "model": "new_block/652"},
		{"predicate": {"custom_model_data":653}, "model": "new_block/653"},
		{"predicate": {"custom_model_data":654}, "model": "new_block/654"},
		{"predicate": {"custom_model_data":655}, "model": "new_block/655"},
		{"predicate": {"custom_model_data":656}, "model": "new_block/656"},
		{"predicate": {"custom_model_data":657}, "model": "new_block/657"},
		{"predicate": {"custom_model_data":658}, "model": "new_block/658"},
		{"predicate": {"custom_model_data":659}, "model": "new_block/659"},
		{"predicate": {"custom_model_data":660}, "model": "new_block/660"},
		{"predicate": {"custom_model_data":661}, "model": "new_block/661"},
		{"predicate": {"custom_model_data":662}, "model": "new_block/662"},
		{"predicate": {"custom_model_data":663}, "model": "new_block/663"},
		{"predicate": {"custom_model_data":664}, "model": "new_block/664"},
		{"predicate": {"custom_model_data":665}, "model": "new_block/665"},
		{"predicate": {"custom_model_data":666}, "model": "new_block/666"},
		{"predicate": {"custom_model_data":667}, "model": "new_block/667"},
		{"predicate": {"custom_model_data":668}, "model": "new_block/668"},
		{"predicate": {"custom_model_data":669}, "model": "new_block/669"},
		{"predicate": {"custom_model_data":670}, "model": "new_block/670"},
		{"predicate": {"custom_model_data":671}, "model": "new_block/671"},
		{"predicate": {"custom_model_data":672}, "model": "new_block/672"},
		{"predicate": {"custom_model_data":673}, "model": "new_block/673"},
		{"predicate": {"custom_model_data":674}, "model": "new_block/674"},
		{"predicate": {"custom_model_data":675}, "model": "new_block/675"},
		{"predicate": {"custom_model_data":676}, "model": "new_block/676"},
		{"predicate": {"custom_model_data":677}, "model": "new_block/677"},
		{"predicate": {"custom_model_data":678}, "model": "new_block/678"},
		{"predicate": {"custom_model_data":679}, "model": "new_block/679"},
		{"predicate": {"custom_model_data":680}, "model": "new_block/680"},
		{"predicate": {"custom_model_data":681}, "model": "new_block/681"},
		{"predicate": {"custom_model_data":682}, "model": "new_block/682"},
		{"predicate": {"custom_model_data":683}, "model": "new_block/683"},
		{"predicate": {"custom_model_data":684}, "model": "new_block/684"},
		{"predicate": {"custom_model_data":685}, "model": "new_block/685"},
		{"predicate": {"custom_model_data":686}, "model": "new_block/686"},
		{"predicate": {"custom_model_data":687}, "model": "new_block/687"},
		{"predicate": {"custom_model_data":688}, "model": "new_block/688"},
		{"predicate": {"custom_model_data":689}, "model": "new_block/689"},
		{"predicate": {"custom_model_data":690}, "model": "new_block/690"},
		{"predicate": {"custom_model_data":691}, "model": "new_block/691"},
		{"predicate": {"custom_model_data":692}, "model": "new_block/692"},
		{"predicate": {"custom_model_data":693}, "model": "new_block/693"},
		{"predicate": {"custom_model_data":694}, "model": "new_block/694"},
		{"predicate": {"custom_model_data":695}, "model": "new_block/695"},
		{"predicate": {"custom_model_data":696}, "model": "new_block/696"},
		{"predicate": {"custom_model_data":697}, "model": "new_block/697"},
		{"predicate": {"custom_model_data":698}, "model": "new_block/698"},
		{"predicate": {"custom_model_data":699}, "model": "new_block/699"},
		{"predicate": {"custom_model_data":700}, "model": "new_block/700"},
		{"predicate": {"custom_model_data":701}, "model": "new_block/701"},
		{"predicate": {"custom_model_data":702}, "model": "new_block/702"},
		{"predicate": {"custom_model_data":703}, "model": "new_block/703"},
		{"predicate": {"custom_model_data":704}, "model": "new_block/704"},
		{"predicate": {"custom_model_data":705}, "model": "new_block/705"},
		{"predicate": {"custom_model_data":706}, "model": "new_block/706"},
		{"predicate": {"custom_model_data":707}, "model": "new_block/707"},
		{"predicate": {"custom_model_data":708}, "model": "new_block/708"},
		{"predicate": {"custom_model_data":709}, "model": "new_block/709"},
		{"predicate": {"custom_model_data":710}, "model": "new_block/710"},
		{"predicate": {"custom_model_data":711}, "model": "new_block/711"},
		{"predicate": {"custom_model_data":712}, "model": "new_block/712"},
		{"predicate": {"custom_model_data":713}, "model": "new_block/713"},
		{"predicate": {"custom_model_data":714}, "model": "new_block/714"},
		{"predicate": {"custom_model_data":715}, "model": "new_block/715"},
		{"predicate": {"custom_model_data":716}, "model": "new_block/716"},
		{"predicate": {"custom_model_data":717}, "model": "new_block/717"},
		{"predicate": {"custom_model_data":718}, "model": "new_block/718"},
		{"predicate": {"custom_model_data":719}, "model": "new_block/719"},
		{"predicate": {"custom_model_data":720}, "model": "new_block/720"},
		{"predicate": {"custom_model_data":721}, "model": "new_block/721"},
		{"predicate": {"custom_model_data":722}, "model": "new_block/722"},
		{"predicate": {"custom_model_data":723}, "model": "new_block/723"},
		{"predicate": {"custom_model_data":724}, "model": "new_block/724"},
		{"predicate": {"custom_model_data":725}, "model": "new_block/725"},
		{"predicate": {"custom_model_data":726}, "model": "new_block/726"},
		{"predicate": {"custom_model_data":727}, "model": "new_block/727"},
		{"predicate": {"custom_model_data":728}, "model": "new_block/728"},
		{"predicate": {"custom_model_data":729}, "model": "new_block/729"},
		{"predicate": {"custom_model_data":730}, "model": "new_block/730"},
		{"predicate": {"custom_model_data":731}, "model": "new_block/731"},
		{"predicate": {"custom_model_data":732}, "model": "new_block/732"},
		{"predicate": {"custom_model_data":733}, "model": "new_block/733"},
		{"predicate": {"custom_model_data":734}, "model": "new_block/734"},
		{"predicate": {"custom_model_data":735}, "model": "new_block/735"},
		{"predicate": {"custom_model_data":736}, "model": "new_block/736"},
		{"predicate": {"custom_model_data":737}, "model": "new_block/737"},
		{"predicate": {"custom_model_data":738}, "model": "new_block/738"},
		{"predicate": {"custom_model_data":739}, "model": "new_block/739"},
		{"predicate": {"custom_model_data":740}, "model": "new_block/740"},
		{"predicate": {"custom_model_data":741}, "model": "new_block/741"},
		{"predicate": {"custom_model_data":742}, "model": "new_block/742"},
		{"predicate": {"custom_model_data":743}, "model": "new_block/743"},
		{"predicate": {"custom_model_data":744}, "model": "new_block/744"},
		{"predicate": {"custom_model_data":745}, "model": "new_block/745"},
		{"predicate": {"custom_model_data":746}, "model": "new_block/746"},
		{"predicate": {"custom_model_data":747}, "model": "new_block/747"},
		{"predicate": {"custom_model_data":748}, "model": "new_block/748"},
		{"predicate": {"custom_model_data":749}, "model": "new_block/749"},
		{"predicate": {"custom_model_data":750}, "model": "new_block/750"},
		{"predicate": {"custom_model_data":751}, "model": "new_block/751"},
		{"predicate": {"custom_model_data":752}, "model": "new_block/752"},
		{"predicate": {"custom_model_data":753}, "model": "new_block/753"},
		{"predicate": {"custom_model_data":754}, "model": "new_block/754"},
		{"predicate": {"custom_model_data":755}, "model": "new_block/755"},
		{"predicate": {"custom_model_data":756}, "model": "new_block/756"},
		{"predicate": {"custom_model_data":757}, "model": "new_block/757"},
		{"predicate": {"custom_model_data":758}, "model": "new_block/758"},
		{"predicate": {"custom_model_data":759}, "model": "new_block/759"},
		{"predicate": {"custom_model_data":760}, "model": "new_block/760"},
		{"predicate": {"custom_model_data":761}, "model": "new_block/761"},
		{"predicate": {"custom_model_data":762}, "model": "new_block/762"},
		{"predicate": {"custom_model_data":763}, "model": "new_block/763"},
		{"predicate": {"custom_model_data":764}, "model": "new_block/764"},
		{"predicate": {"custom_model_data":765}, "model": "new_block/765"},
		{"predicate": {"custom_model_data":766}, "model": "new_block/766"},
		{"predicate": {"custom_model_data":767}, "model": "new_block/767"},
		{"predicate": {"custom_model_data":768}, "model": "new_block/768"},
		{"predicate": {"custom_model_data":769}, "model": "new_block/769"},
		{"predicate": {"custom_model_data":770}, "model": "new_block/770"},
		{"predicate": {"custom_model_data":771}, "model": "new_block/771"},
		{"predicate": {"custom_model_data":772}, "model": "new_block/772"},
		{"predicate": {"custom_model_data":773}, "model": "new_block/773"},
		{"predicate": {"custom_model_data":774}, "model": "new_block/774"},
		{"predicate": {"custom_model_data":775}, "model": "new_block/775"},
		{"predicate": {"custom_model_data":776}, "model": "new_block/776"},
		{"predicate": {"custom_model_data":777}, "model": "new_block/777"},
		{"predicate": {"custom_model_data":778}, "model": "new_block/778"},
		{"predicate": {"custom_model_data":779}, "model": "new_block/779"},
		{"predicate": {"custom_model_data":780}, "model": "new_block/780"},
		{"predicate": {"custom_model_data":781}, "model": "new_block/781"},
		{"predicate": {"custom_model_data":782}, "model": "new_block/782"},
		{"predicate": {"custom_model_data":783}, "model": "new_block/783"},
		{"predicate": {"custom_model_data":784}, "model": "new_block/784"},
		{"predicate": {"custom_model_data":785}, "model": "new_block/785"},
		{"predicate": {"custom_model_data":786}, "model": "new_block/786"},
		{"predicate": {"custom_model_data":787}, "model": "new_block/787"},
		{"predicate": {"custom_model_data":788}, "model": "new_block/788"},
		{"predicate": {"custom_model_data":789}, "model": "new_block/789"},
		{"predicate": {"custom_model_data":790}, "model": "new_block/790"},
		{"predicate": {"custom_model_data":791}, "model": "new_block/791"},
		{"predicate": {"custom_model_data":792}, "model": "new_block/792"},
		{"predicate": {"custom_model_data":793}, "model": "new_block/793"},
		{"predicate": {"custom_model_data":794}, "model": "new_block/794"},
		{"predicate": {"custom_model_data":795}, "model": "new_block/795"},
		{"predicate": {"custom_model_data":796}, "model": "new_block/796"},
		{"predicate": {"custom_model_data":797}, "model": "new_block/797"},
		{"predicate": {"custom_model_data":798}, "model": "new_block/798"},
		{"predicate": {"custom_model_data":799}, "model": "new_block/799"},
		{"predicate": {"custom_model_data":800}, "model": "new_block/800"},
		{"predicate": {"custom_model_data":801}, "model": "new_block/801"},
		{"predicate": {"custom_model_data":802}, "model": "new_block/802"},
		{"predicate": {"custom_model_data":803}, "model": "new_block/803"},
		{"predicate": {"custom_model_data":804}, "model": "new_block/804"},
		{"predicate": {"custom_model_data":805}, "model": "new_block/805"},
		{"predicate": {"custom_model_data":806}, "model": "new_block/806"},
		{"predicate": {"custom_model_data":807}, "model": "new_block/807"},
		{"predicate": {"custom_model_data":808}, "model": "new_block/808"},
		{"predicate": {"custom_model_data":809}, "model": "new_block/809"},
		{"predicate": {"custom_model_data":810}, "model": "new_block/810"},
		{"predicate": {"custom_model_data":811}, "model": "new_block/811"},
		{"predicate": {"custom_model_data":812}, "model": "new_block/812"},
		{"predicate": {"custom_model_data":813}, "model": "new_block/813"},
		{"predicate": {"custom_model_data":814}, "model": "new_block/814"},
		{"predicate": {"custom_model_data":815}, "model": "new_block/815"},
		{"predicate": {"custom_model_data":816}, "model": "new_block/816"},
		{"predicate": {"custom_model_data":817}, "model": "new_block/817"},
		{"predicate": {"custom_model_data":818}, "model": "new_block/818"},
		{"predicate": {"custom_model_data":819}, "model": "new_block/819"},
		{"predicate": {"custom_model_data":820}, "model": "new_block/820"},
		{"predicate": {"custom_model_data":821}, "model": "new_block/821"},
		{"predicate": {"custom_model_data":822}, "model": "new_block/822"},
		{"predicate": {"custom_model_data":823}, "model": "new_block/823"},
		{"predicate": {"custom_model_data":824}, "model": "new_block/824"},
		{"predicate": {"custom_model_data":825}, "model": "new_block/825"},
		{"predicate": {"custom_model_data":826}, "model": "new_block/826"},
		{"predicate": {"custom_model_data":827}, "model": "new_block/827"},
		{"predicate": {"custom_model_data":828}, "model": "new_block/828"},
		{"predicate": {"custom_model_data":829}, "model": "new_block/829"},
		{"predicate": {"custom_model_data":830}, "model": "new_block/830"},
		{"predicate": {"custom_model_data":831}, "model": "new_block/831"},
		{"predicate": {"custom_model_data":832}, "model": "new_block/832"},
		{"predicate": {"custom_model_data":833}, "model": "new_block/833"},
		{"predicate": {"custom_model_data":834}, "model": "new_block/834"},
		{"predicate": {"custom_model_data":835}, "model": "new_block/835"},
		{"predicate": {"custom_model_data":836}, "model": "new_block/836"},
		{"predicate": {"custom_model_data":837}, "model": "new_block/837"},
		{"predicate": {"custom_model_data":838}, "model": "new_block/838"},
		{"predicate": {"custom_model_data":839}, "model": "new_block/839"},
		{"predicate": {"custom_model_data":840}, "model": "new_block/840"},
		{"predicate": {"custom_model_data":841}, "model": "new_block/841"},
		{"predicate": {"custom_model_data":842}, "model": "new_block/842"},
		{"predicate": {"custom_model_data":843}, "model": "new_block/843"},
		{"predicate": {"custom_model_data":844}, "model": "new_block/844"},
		{"predicate": {"custom_model_data":845}, "model": "new_block/845"},
		{"predicate": {"custom_model_data":846}, "model": "new_block/846"},
		{"predicate": {"custom_model_data":847}, "model": "new_block/847"},
		{"predicate": {"custom_model_data":848}, "model": "new_block/848"},
		{"predicate": {"custom_model_data":849}, "model": "new_block/849"},
		{"predicate": {"custom_model_data":850}, "model": "new_block/850"},
		{"predicate": {"custom_model_data":851}, "model": "new_block/851"},
		{"predicate": {"custom_model_data":852}, "model": "new_block/852"},
		{"predicate": {"custom_model_data":853}, "model": "new_block/853"},
		{"predicate": {"custom_model_data":854}, "model": "new_block/854"},
		{"predicate": {"custom_model_data":855}, "model": "new_block/855"},
		{"predicate": {"custom_model_data":856}, "model": "new_block/856"},
		{"predicate": {"custom_model_data":857}, "model": "new_block/857"},
		{"predicate": {"custom_model_data":858}, "model": "new_block/858"},
		{"predicate": {"custom_model_data":859}, "model": "new_block/859"},
		{"predicate": {"custom_model_data":860}, "model": "new_block/860"},
		{"predicate": {"custom_model_data":861}, "model": "new_block/861"},
		{"predicate": {"custom_model_data":862}, "model": "new_block/862"},
		{"predicate": {"custom_model_data":863}, "model": "new_block/863"},
		{"predicate": {"custom_model_data":864}, "model": "new_block/864"},
		{"predicate": {"custom_model_data":865}, "model": "new_block/865"},
		{"predicate": {"custom_model_data":866}, "model": "new_block/866"},
		{"predicate": {"custom_model_data":867}, "model": "new_block/867"},
		{"predicate": {"custom_model_data":868}, "model": "new_block/868"},
		{"predicate": {"custom_model_data":869}, "model": "new_block/869"},
		{"predicate": {"custom_model_data":870}, "model": "new_block/870"},
		{"predicate": {"custom_model_data":871}, "model": "new_block/871"},
		{"predicate": {"custom_model_data":872}, "model": "new_block/872"},
		{"predicate": {"custom_model_data":873}, "model": "new_block/873"},
		{"predicate": {"custom_model_data":874}, "model": "new_block/874"},
		{"predicate": {"custom_model_data":875}, "model": "new_block/875"},
		{"predicate": {"custom_model_data":876}, "model": "new_block/876"},
		{"predicate": {"custom_model_data":877}, "model": "new_block/877"},
		{"predicate": {"custom_model_data":878}, "model": "new_block/878"},
		{"predicate": {"custom_model_data":879}, "model": "new_block/879"},
		{"predicate": {"custom_model_data":880}, "model": "new_block/880"},
		{"predicate": {"custom_model_data":881}, "model": "new_block/881"},
		{"predicate": {"custom_model_data":882}, "model": "new_block/882"},
		{"predicate": {"custom_model_data":883}, "model": "new_block/883"},
		{"predicate": {"custom_model_data":884}, "model": "new_block/884"},
		{"predicate": {"custom_model_data":885}, "model": "new_block/885"},
		{"predicate": {"custom_model_data":886}, "model": "new_block/886"},
		{"predicate": {"custom_model_data":887}, "model": "new_block/887"},
		{"predicate": {"custom_model_data":888}, "model": "new_block/888"},
		{"predicate": {"custom_model_data":889}, "model": "new_block/889"},
		{"predicate": {"custom_model_data":890}, "model": "new_block/890"},
		{"predicate": {"custom_model_data":891}, "model": "new_block/891"},
		{"predicate": {"custom_model_data":892}, "model": "new_block/892"},
		{"predicate": {"custom_model_data":893}, "model": "new_block/893"},
		{"predicate": {"custom_model_data":894}, "model": "new_block/894"},
		{"predicate": {"custom_model_data":895}, "model": "new_block/895"},
		{"predicate": {"custom_model_data":896}, "model": "new_block/896"},
		{"predicate": {"custom_model_data":897}, "model": "new_block/897"},
		{"predicate": {"custom_model_data":898}, "model": "new_block/898"},
		{"predicate": {"custom_model_data":899}, "model": "new_block/899"},
		{"predicate": {"custom_model_data":900}, "model": "new_block/900"},
		{"predicate": {"custom_model_data":901}, "model": "new_block/901"},
		{"predicate": {"custom_model_data":902}, "model": "new_block/902"},
		{"predicate": {"custom_model_data":903}, "model": "new_block/903"},
		{"predicate": {"custom_model_data":904}, "model": "new_block/904"},
		{"predicate": {"custom_model_data":905}, "model": "new_block/905"},
		{"predicate": {"custom_model_data":906}, "model": "new_block/906"},
		{"predicate": {"custom_model_data":907}, "model": "new_block/907"},
		{"predicate": {"custom_model_data":908}, "model": "new_block/908"},
		{"predicate": {"custom_model_data":909}, "model": "new_block/909"},
		{"predicate": {"custom_model_data":910}, "model": "new_block/910"},
		{"predicate": {"custom_model_data":911}, "model": "new_block/911"},
		{"predicate": {"custom_model_data":912}, "model": "new_block/912"},
		{"predicate": {"custom_model_data":913}, "model": "new_block/913"},
		{"predicate": {"custom_model_data":914}, "model": "new_block/914"},
		{"predicate": {"custom_model_data":915}, "model": "new_block/915"},
		{"predicate": {"custom_model_data":916}, "model": "new_block/916"},
		{"predicate": {"custom_model_data":917}, "model": "new_block/917"},
		{"predicate": {"custom_model_data":918}, "model": "new_block/918"},
		{"predicate": {"custom_model_data":919}, "model": "new_block/919"},
		{"predicate": {"custom_model_data":920}, "model": "new_block/920"},
		{"predicate": {"custom_model_data":921}, "model": "new_block/921"},
		{"predicate": {"custom_model_data":922}, "model": "new_block/922"},
		{"predicate": {"custom_model_data":923}, "model": "new_block/923"},
		{"predicate": {"custom_model_data":924}, "model": "new_block/924"},
		{"predicate": {"custom_model_data":925}, "model": "new_block/925"},
		{"predicate": {"custom_model_data":926}, "model": "new_block/926"},
		{"predicate": {"custom_model_data":927}, "model": "new_block/927"},
		{"predicate": {"custom_model_data":928}, "model": "new_block/928"},
		{"predicate": {"custom_model_data":929}, "model": "new_block/929"},
		{"predicate": {"custom_model_data":930}, "model": "new_block/930"},
		{"predicate": {"custom_model_data":931}, "model": "new_block/931"},
		{"predicate": {"custom_model_data":932}, "model": "new_block/932"},
		{"predicate": {"custom_model_data":933}, "model": "new_block/933"},
		{"predicate": {"custom_model_data":934}, "model": "new_block/934"},
		{"predicate": {"custom_model_data":935}, "model": "new_block/935"},
		{"predicate": {"custom_model_data":936}, "model": "new_block/936"},
		{"predicate": {"custom_model_data":937}, "model": "new_block/937"},
		{"predicate": {"custom_model_data":938}, "model": "new_block/938"},
		{"predicate": {"custom_model_data":939}, "model": "new_block/939"},
		{"predicate": {"custom_model_data":940}, "model": "new_block/940"},
		{"predicate": {"custom_model_data":941}, "model": "new_block/941"},
		{"predicate": {"custom_model_data":942}, "model": "new_block/942"},
		{"predicate": {"custom_model_data":943}, "model": "new_block/943"},
		{"predicate": {"custom_model_data":944}, "model": "new_block/944"},
		{"predicate": {"custom_model_data":945}, "model": "new_block/945"},
		{"predicate": {"custom_model_data":946}, "model": "new_block/946"},
		{"predicate": {"custom_model_data":947}, "model": "new_block/947"},
		{"predicate": {"custom_model_data":948}, "model": "new_block/948"},
		{"predicate": {"custom_model_data":949}, "model": "new_block/949"},
		{"predicate": {"custom_model_data":950}, "model": "new_block/950"},
		{"predicate": {"custom_model_data":951}, "model": "new_block/951"},
		{"predicate": {"custom_model_data":952}, "model": "new_block/952"},
		{"predicate": {"custom_model_data":953}, "model": "new_block/953"},
		{"predicate": {"custom_model_data":954}, "model": "new_block/954"},
		{"predicate": {"custom_model_data":955}, "model": "new_block/955"},
		{"predicate": {"custom_model_data":956}, "model": "new_block/956"},
		{"predicate": {"custom_model_data":957}, "model": "new_block/957"},
		{"predicate": {"custom_model_data":958}, "model": "new_block/958"},
		{"predicate": {"custom_model_data":959}, "model": "new_block/959"},
		{"predicate": {"custom_model_data":960}, "model": "new_block/960"},
		{"predicate": {"custom_model_data":961}, "model": "new_block/961"},
		{"predicate": {"custom_model_data":962}, "model": "new_block/962"},
		{"predicate": {"custom_model_data":963}, "model": "new_block/963"},
		{"predicate": {"custom_model_data":964}, "model": "new_block/964"},
		{"predicate": {"custom_model_data":965}, "model": "new_block/965"},
		{"predicate": {"custom_model_data":966}, "model": "new_block/966"},
		{"predicate": {"custom_model_data":967}, "model": "new_block/967"},
		{"predicate": {"custom_model_data":968}, "model": "new_block/968"},
		{"predicate": {"custom_model_data":969}, "model": "new_block/969"},
		{"predicate": {"custom_model_data":970}, "model": "new_block/970"},
		{"predicate": {"custom_model_data":971}, "model": "new_block/971"},
		{"predicate": {"custom_model_data":972}, "model": "new_block/972"},
		{"predicate": {"custom_model_data":973}, "model": "new_block/973"},
		{"predicate": {"custom_model_data":974}, "model": "new_block/974"},
		{"predicate": {"custom_model_data":975}, "model": "new_block/975"},
		{"predicate": {"custom_model_data":976}, "model": "new_block/976"},
		{"predicate": {"custom_model_data":977}, "model": "new_block/977"},
		{"predicate": {"custom_model_data":978}, "model": "new_block/978"},
		{"predicate": {"custom_model_data":979}, "model": "new_block/979"},
		{"predicate": {"custom_model_data":980}, "model": "new_block/980"},
		{"predicate": {"custom_model_data":981}, "model": "new_block/981"},
		{"predicate": {"custom_model_data":982}, "model": "new_block/982"},
		{"predicate": {"custom_model_data":983}, "model": "new_block/983"},
		{"predicate": {"custom_model_data":984}, "model": "new_block/984"},
		{"predicate": {"custom_model_data":985}, "model": "new_block/985"},
		{"predicate": {"custom_model_data":986}, "model": "new_block/986"},
		{"predicate": {"custom_model_data":987}, "model": "new_block/987"},
		{"predicate": {"custom_model_data":988}, "model": "new_block/988"},
		{"predicate": {"custom_model_data":989}, "model": "new_block/989"},
		{"predicate": {"custom_model_data":990}, "model": "new_block/990"},
		{"predicate": {"custom_model_data":991}, "model": "new_block/991"},
		{"predicate": {"custom_model_data":992}, "model": "new_block/992"},
		{"predicate": {"custom_model_data":993}, "model": "new_block/993"},
		{"predicate": {"custom_model_data":994}, "model": "new_block/994"},
		{"predicate": {"custom_model_data":995}, "model": "new_block/995"},
		{"predicate": {"custom_model_data":996}, "model": "new_block/996"},
		{"predicate": {"custom_model_data":997}, "model": "new_block/997"},
		{"predicate": {"custom_model_data":998}, "model": "new_block/998"},
		{"predicate": {"custom_model_data":999}, "model": "new_block/999"}
	]
}
