{
	"credit": "Made with Blockbench",
	"ambientocclusion": false,
	"textures": {
		"cross": "block/sweet_berry_bush_stage1",
		"particle": "block/sweet_berry_bush_stage1"
	},
	"elements": [
		{
			"from": [0.25, -1, -6.25],
			"to": [0.25, 31, 25.75],
			"rotation": {"angle": 22.5, "axis": "z", "origin": [0.75, 15, 16.5]},
			"faces": {
				"north": {"uv": [0, 0, 0, 16], "texture": "#cross"},
				"east": {"uv": [0, 0, 16, 16], "texture": "#cross"},
				"south": {"uv": [0, 0, 0, 16], "texture": "#cross"},
				"west": {"uv": [0, 0, 16, 16], "texture": "#cross"},
				"up": {"uv": [0, 0, 16, 0], "rotation": 90, "texture": "#cross"},
				"down": {"uv": [0, 0, 16, 0], "rotation": 270, "texture": "#cross"}
			}
		},
		{
			"from": [-10.25, -1, 3.5],
			"to": [21.75, 31, 3.5],
			"rotation": {"angle": -22.5, "axis": "x", "origin": [-0.25, 15, 4]},
			"faces": {
				"north": {"uv": [0, 0, 16, 16], "texture": "#cross"},
				"east": {"uv": [0, 0, 0, 16], "texture": "#cross"},
				"south": {"uv": [0, 0, 16, 16], "texture": "#cross"},
				"west": {"uv": [0, 0, 0, 16], "texture": "#cross"},
				"up": {"uv": [0, 0, 16, 0], "texture": "#cross"},
				"down": {"uv": [0, 0, 16, 0], "texture": "#cross"}
			}
		},
		{
			"from": [10.75, -1, -6.5],
			"to": [10.75, 31, 25.5],
			"rotation": {"angle": -22.5, "axis": "z", "origin": [10.25, 15, 2]},
			"faces": {
				"north": {"uv": [0, 0, 0, 16], "texture": "#cross"},
				"east": {"uv": [0, 0, 16, 16], "texture": "#cross"},
				"south": {"uv": [0, 0, 0, 16], "texture": "#cross"},
				"west": {"uv": [0, 0, 16, 16], "texture": "#cross"},
				"up": {"uv": [0, 0, 16, 0], "rotation": 270, "texture": "#cross"},
				"down": {"uv": [0, 0, 16, 0], "rotation": 90, "texture": "#cross"}
			}
		},
		{
			"from": [-10.25, -1, 14],
			"to": [21.75, 31, 14],
			"rotation": {"angle": 22.5, "axis": "x", "origin": [10.25, 15, 14.5]},
			"faces": {
				"north": {"uv": [0, 0, 16, 16], "texture": "#cross"},
				"east": {"uv": [0, 0, 0, 16], "texture": "#cross"},
				"south": {"uv": [0, 0, 16, 16], "texture": "#cross"},
				"west": {"uv": [0, 0, 0, 16], "texture": "#cross"},
				"up": {"uv": [0, 0, 16, 0], "rotation": 180, "texture": "#cross"},
				"down": {"uv": [0, 0, 16, 0], "rotation": 180, "texture": "#cross"}
			}
		}
	]
}