{
	"parent": "block/fence_side",
	"__comment": "Designed by Monsterfish_ with Cubik Studio - https://cubik.studio",
	"textures": {
		"particle": "block/birch_planks",
		"texture": "block/birchfence",
		"birchfence": "block/birchfence"
	},
	"elements": [ 	 
		{
			"__comment": "Center post*",
			"from": [ 7.5, 0, 3.5 ],
			"to": [ 8.5, 16, 5.5 ],
			"faces": {
				"down": { "uv": [ 8.499, 5.499001, 7.501, 3.500999 ], "texture": "#texture", "cullface": "down" },
				"up": { "uv": [ 7.501, 3.500999, 8.499, 5.499001 ], "texture": "#texture", "cullface": "up" },
				"north": { "uv": [ 7.501, 0.001000404, 8.499, 15.999 ], "texture": "#texture" },
				"south": { "uv": [ 7.501, 0.001000404, 8.499, 15.999 ], "texture": "#texture" },
				"west": { "uv": [ 3.501, 0.001000404, 5.499, 15.999 ], "texture": "#texture" },
				"east": { "uv": [ 10.501, 0.001000404, 12.499, 15.999 ], "texture": "#texture" }
			}
		},
		{
			"__comment": "Center post*",
			"from": [ 7.5, 0, 0.5 ],
			"to": [ 8.5, 16, 2.5 ],
			"faces": {
				"down": { "uv": [ 8.499, 2.499001, 7.501, 0.5010004 ], "texture": "#texture", "cullface": "down" },
				"up": { "uv": [ 7.501, 0.5010004, 8.499, 2.499001 ], "texture": "#texture", "cullface": "up" },
				"north": { "uv": [ 7.501, 0.001000404, 8.499, 15.999 ], "texture": "#texture" },
				"south": { "uv": [ 7.501, 0.001000404, 8.499, 15.999 ], "texture": "#texture" },
				"west": { "uv": [ 0.501, 0.001000404, 2.499, 15.999 ], "texture": "#texture" },
				"east": { "uv": [ 13.501, 0.001000404, 15.499, 15.999 ], "texture": "#texture" }
			}
		},
		{
			"__comment": "Center post*",
			"from": [ 7.75, 11, 0 ],
			"to": [ 8.25, 13.5, 6 ],
			"faces": {
				"down": { "uv": [ 8.249, 5.999001, 7.751, 0.001000404 ], "texture": "#texture" },
				"up": { "uv": [ 7.751, 0.001000404, 8.249, 5.999001 ], "texture": "#texture" },
				"north": { "uv": [ 7.751, 2.500999, 8.249, 4.999001 ], "texture": "#texture", "cullface": "north" },
				"south": { "uv": [ 7.751, 2.500999, 8.249, 4.999001 ], "texture": "#texture" },
				"west": { "uv": [ 0.001, 2.500999, 5.999, 4.999001 ], "texture": "#texture" },
				"east": { "uv": [ 10.001, 2.500999, 15.999, 4.999001 ], "texture": "#texture" }
			}
		},
		{
			"__comment": "Center post*",
			"from": [ 7.75, 3.5, 0 ],
			"to": [ 8.25, 6, 6 ],
			"faces": {
				"down": { "uv": [ 8.249, 5.999001, 7.751, 0.001000404 ], "texture": "#texture" },
				"up": { "uv": [ 7.751, 0.001000404, 8.249, 5.999001 ], "texture": "#texture" },
				"north": { "uv": [ 7.751, 10.001, 8.249, 12.499 ], "texture": "#texture", "cullface": "north" },
				"south": { "uv": [ 7.751, 10.001, 8.249, 12.499 ], "texture": "#texture" },
				"west": { "uv": [ 0.001, 10.001, 5.999, 12.499 ], "texture": "#texture" },
				"east": { "uv": [ 10.001, 10.001, 15.999, 12.499 ], "texture": "#texture" }
			}
		},
		{
			"__comment": "Center post*",
			"from": [ 7.5625, 14.625, 0.5 ],
			"to": [ 8.4375, 16, 1.875 ],
			"rotation": { "origin": [ 7.5625, 16, 0.5 ], "axis": "x", "angle": -45 },
			"faces": {
				"up": { "uv": [ 7.5635, 0.5010004, 8.4365, 1.874 ], "texture": "#texture", "cullface": "up" },
				"south": { "uv": [ 7.5635, 0.001000404, 8.4365, 1.374 ], "texture": "#texture" },
				"west": { "uv": [ 0.501, 0.001000404, 1.874, 1.374 ], "texture": "#texture" },
				"east": { "uv": [ 14.126, 0.001000404, 15.499, 1.374 ], "texture": "#texture" }
			}
		},
		{
			"__comment": "Center post*",
			"from": [ 7.5625, 14.625, 3.5625 ],
			"to": [ 8.4375, 16, 4.9375 ],
			"rotation": { "origin": [ 7.5625, 16, 3.5625 ], "axis": "x", "angle": -45 },
			"faces": {
				"up": { "uv": [ 7.5635, 3.563499, 8.4365, 4.936501 ], "texture": "#texture", "cullface": "up" },
				"south": { "uv": [ 7.5635, 0.001000404, 8.4365, 1.3115 ], "texture": "#texture", "cullface": "up" },
				"west": { "uv": [ 3.5635, 0.001000404, 4.9365, 1.3115 ], "texture": "#texture", "cullface": "up" },
				"east": { "uv": [ 11.0635, 0.001000404, 12.4365, 1.3115 ], "texture": "#texture", "cullface": "up" }
			}
		}
	]
}