{
	"__comment": "Designed by Monsterfish_ with Cubik Studio - https://cubik.studio",
	"parent": "block/block",
	"textures": {
		"particle": "block/birch_planks",
		"texture": "block/birchfence",
		"birchfence": "block/birchfence"
	},
	"elements": [ 	 
		{
			"__comment": "Center post*",
			"from": [ 0, 0, 6.5 ],
			"to": [ 1.5, 12.5, 9.5 ],
			"faces": {
				"down": { "uv": [ 0.5, 6.5, 2, 9.5 ], "texture": "#texture", "cullface": "down" },
				"up": { "uv": [ 0.5, 6.5, 2, 9.5 ], "texture": "#texture", "cullface": "up" },
				"north": { "uv": [ 0.5, 0, 2, 16 ], "texture": "#texture" },
				"south": { "uv": [ 0.5, 0, 2, 16 ], "texture": "#texture" },
				"west": { "uv": [ 6.5, 0, 9.5, 16 ], "texture": "#texture" },
				"east": { "uv": [ 6.5, 0, 9.5, 16 ], "texture": "#texture" }
			}
		},
		{
			"__comment": "Center post*",
			"from": [ 14.5, 0.5, 16 ],
			"to": [ 15.5, 13, 18 ],
			"faces": {
				"down": { "uv": [ 8, 7.5, 10, 8.5 ], "texture": "#texture", "cullface": "down", "rotation": 270 },
				"up": { "uv": [ 8, 7.5, 10, 8.5 ], "texture": "#texture", "cullface": "up", "rotation": 90 },
				"north": { "uv": [ 7.5, 0, 8.5, 16 ], "texture": "#texture" },
				"south": { "uv": [ 7.5, 0, 8.5, 16 ], "texture": "#texture" },
				"west": { "uv": [ 8, 0, 10, 16 ], "texture": "#texture" },
				"east": { "uv": [ 8, 0, 10, 16 ], "texture": "#texture" }
			}
		},
		{
			"__comment": "Center post*",
			"from": [ 14.5625, 14.125, 17.0348 ],
			"to": [ 15.4375, 15.5, 18.4098 ],
			"rotation": { "origin": [ 14.5625, 15.5, 17.0348 ], "axis": "x", "angle": 45 },
			"faces": {
				"down": { "uv": [ 8.4375, 1.875, 7.5625, 0.5 ], "texture": "#texture", "rotation": 180 },
				"up": { "uv": [ 7.5625, 0.5, 8.4375, 1.875 ], "texture": "#texture", "cullface": "up", "rotation": 180 },
				"north": { "uv": [ 7.5625, 0, 8.4375, 1.375 ], "texture": "#texture" },
				"south": { "uv": [ 7.5625, 0, 8.4375, 1.375 ], "texture": "#texture" },
				"west": { "uv": [ 14.125, 0, 15.5, 1.375 ], "texture": "#texture" },
				"east": { "uv": [ 0.5, 0, 1.875, 1.375 ], "texture": "#texture" }
			}
		},
		{
			"__comment": "Center post*",
			"from": [ 14.5, 0.5, 18 ],
			"to": [ 15.5, 13, 20 ],
			"faces": {
				"down": { "uv": [ 10.5, 7.5, 12.5, 8.5 ], "texture": "#texture", "cullface": "down", "rotation": 270 },
				"up": { "uv": [ 10.5, 7.5, 12.5, 8.5 ], "texture": "#texture", "cullface": "up", "rotation": 90 },
				"north": { "uv": [ 7.5, 0, 8.5, 16 ], "texture": "#texture" },
				"south": { "uv": [ 7.5, 0, 8.5, 16 ], "texture": "#texture" },
				"west": { "uv": [ 10.5, 0, 12.5, 16 ], "texture": "#texture" },
				"east": { "uv": [ 10.5, 0, 12.5, 16 ], "texture": "#texture" }
			}
		},
		{
			"__comment": "Center post*",
			"from": [ 14.5625, 13.125, 19.0348 ],
			"to": [ 15.4375, 14.5, 20.4098 ],
			"rotation": { "origin": [ 14.5625, 14.5, 19.0348 ], "axis": "x", "angle": 45 },
			"faces": {
				"down": { "uv": [ 8.4375, 1.875, 7.5625, 0.5 ], "texture": "#texture", "rotation": 180 },
				"up": { "uv": [ 7.5625, 0.5, 8.4375, 1.875 ], "texture": "#texture", "cullface": "up", "rotation": 180 },
				"north": { "uv": [ 7.5625, 0, 8.4375, 1.375 ], "texture": "#texture" },
				"south": { "uv": [ 7.5625, 0, 8.4375, 1.375 ], "texture": "#texture" },
				"west": { "uv": [ 14.125, 0, 15.5, 1.375 ], "texture": "#texture" },
				"east": { "uv": [ 0.5, 0, 1.875, 1.375 ], "texture": "#texture" }
			}
		},
		{
			"__comment": "Center post*",
			"from": [ 14.5, 0, 6.5 ],
			"to": [ 16, 12.5, 9.5 ],
			"faces": {
				"down": { "uv": [ 14, 6.5, 15.5, 9.5 ], "texture": "#texture", "cullface": "down" },
				"up": { "uv": [ 14, 6.5, 15.5, 9.5 ], "texture": "#texture", "cullface": "up" },
				"north": { "uv": [ 14, 0, 15.5, 16 ], "texture": "#texture" },
				"south": { "uv": [ 14, 0, 15.5, 16 ], "texture": "#texture" },
				"west": { "uv": [ 6.5, 0, 9.5, 16 ], "texture": "#texture" },
				"east": { "uv": [ 6.5, 0, 9.5, 16 ], "texture": "#texture" }
			}
		},
		{
			"__comment": "Center post*",
			"from": [ 14.5, 0.5, 10 ],
			"to": [ 15.5, 12.5, 12 ],
			"faces": {
				"down": { "uv": [ 2, 7.5, 4, 8.5 ], "texture": "#texture", "cullface": "down", "rotation": 270 },
				"up": { "uv": [ 2, 7.5, 4, 8.5 ], "texture": "#texture", "cullface": "up", "rotation": 90 },
				"north": { "uv": [ 7.5, 0, 8.5, 15.5 ], "texture": "#texture" },
				"south": { "uv": [ 7.5, 0, 8.5, 15.5 ], "texture": "#texture" },
				"west": { "uv": [ 0.5, 0, 2.5, 15.5 ], "texture": "#texture" },
				"east": { "uv": [ 0.5, 0, 2.5, 15.5 ], "texture": "#texture" }
			}
		},
		{
			"__comment": "Center post*",
			"from": [ 14.5625, 12.125, 11 ],
			"to": [ 15.4375, 13.5, 12.375 ],
			"rotation": { "origin": [ 14.5625, 13.5, 11 ], "axis": "x", "angle": 45 },
			"faces": {
				"down": { "uv": [ 8.4375, 1.875, 7.5625, 0.5 ], "texture": "#texture", "rotation": 180 },
				"up": { "uv": [ 7.5625, 0.5, 8.4375, 1.875 ], "texture": "#texture", "cullface": "up", "rotation": 180 },
				"north": { "uv": [ 7.5625, 0, 8.4375, 1.375 ], "texture": "#texture" },
				"south": { "uv": [ 7.5625, 0, 8.4375, 1.375 ], "texture": "#texture" },
				"west": { "uv": [ 14.125, 0, 15.5, 1.375 ], "texture": "#texture" },
				"east": { "uv": [ 0.5, 0, 1.875, 1.375 ], "texture": "#texture" }
			}
		},
		{
			"__comment": "Center post*",
			"from": [ 14.5, 0.5, 14 ],
			"to": [ 15.5, 13, 16 ],
			"faces": {
				"down": { "uv": [ 6, 7.5, 8, 8.5 ], "texture": "#texture", "cullface": "down", "rotation": 270 },
				"up": { "uv": [ 6, 7.5, 8, 8.5 ], "texture": "#texture", "cullface": "up", "rotation": 90 },
				"north": { "uv": [ 7.5, 0, 8.5, 16 ], "texture": "#texture" },
				"south": { "uv": [ 7.5, 0, 8.5, 16 ], "texture": "#texture" },
				"west": { "uv": [ 6, 0, 8, 16 ], "texture": "#texture" },
				"east": { "uv": [ 6, 0, 8, 16 ], "texture": "#texture" }
			}
		},
		{
			"__comment": "Center post*",
			"from": [ 14.5625, 14.125, 15 ],
			"to": [ 15.4375, 15.5, 16.375 ],
			"rotation": { "origin": [ 14.5625, 15.5, 15 ], "axis": "x", "angle": 45 },
			"faces": {
				"down": { "uv": [ 8.4375, 1.875, 7.5625, 0.5 ], "texture": "#texture", "rotation": 180 },
				"up": { "uv": [ 7.5625, 0.5, 8.4375, 1.875 ], "texture": "#texture", "cullface": "up", "rotation": 180 },
				"north": { "uv": [ 7.5625, 0, 8.4375, 1.375 ], "texture": "#texture" },
				"south": { "uv": [ 7.5625, 0, 8.4375, 1.375 ], "texture": "#texture" },
				"west": { "uv": [ 14.125, 0, 15.5, 1.375 ], "texture": "#texture" },
				"east": { "uv": [ 0.5, 0, 1.875, 1.375 ], "texture": "#texture" }
			}
		},
		{
			"__comment": "Center post*",
			"from": [ 14.5, 0.5, 20 ],
			"to": [ 15.5, 12.5, 22 ],
			"faces": {
				"down": { "uv": [ 13.5, 7.5, 15.5, 8.5 ], "texture": "#texture", "cullface": "down", "rotation": 270 },
				"up": { "uv": [ 13.5, 7.5, 15.5, 8.5 ], "texture": "#texture", "cullface": "up", "rotation": 90 },
				"north": { "uv": [ 7.5, 0, 8.5, 15.5 ], "texture": "#texture" },
				"south": { "uv": [ 7.5, 0, 8.5, 15.5 ], "texture": "#texture" },
				"west": { "uv": [ 13.5, 0, 15.5, 15.5 ], "texture": "#texture" },
				"east": { "uv": [ 13.5, 0, 15.5, 15.5 ], "texture": "#texture" }
			}
		},
		{
			"__comment": "Center post*",
			"from": [ 14.5625, 12.125, 21 ],
			"to": [ 15.4375, 13.5, 22.375 ],
			"rotation": { "origin": [ 14.5625, 13.5, 21 ], "axis": "x", "angle": 45 },
			"faces": {
				"down": { "uv": [ 8.4375, 1.875, 7.5625, 0.5 ], "texture": "#texture", "rotation": 180 },
				"up": { "uv": [ 7.5625, 0.5, 8.4375, 1.875 ], "texture": "#texture", "cullface": "up", "rotation": 180 },
				"north": { "uv": [ 7.5625, 0, 8.4375, 1.375 ], "texture": "#texture" },
				"south": { "uv": [ 7.5625, 0, 8.4375, 1.375 ], "texture": "#texture" },
				"west": { "uv": [ 14.125, 0, 15.5, 1.375 ], "texture": "#texture" },
				"east": { "uv": [ 0.5, 0, 1.875, 1.375 ], "texture": "#texture" }
			}
		},
		{
			"__comment": "Center post*",
			"from": [ 14.5625, 13.125, 13 ],
			"to": [ 15.4375, 14.5, 14.375 ],
			"rotation": { "origin": [ 14.5625, 14.5, 13 ], "axis": "x", "angle": 45 },
			"faces": {
				"down": { "uv": [ 8.4375, 1.875, 7.5625, 0.5 ], "texture": "#texture", "rotation": 180 },
				"up": { "uv": [ 7.5625, 0.5, 8.4375, 1.875 ], "texture": "#texture", "cullface": "up", "rotation": 180 },
				"north": { "uv": [ 7.5625, 0, 8.4375, 1.375 ], "texture": "#texture" },
				"south": { "uv": [ 7.5625, 0, 8.4375, 1.375 ], "texture": "#texture" },
				"west": { "uv": [ 14.125, 0, 15.5, 1.375 ], "texture": "#texture" },
				"east": { "uv": [ 0.5, 0, 1.875, 1.375 ], "texture": "#texture" }
			}
		},
		{
			"__comment": "Center post*",
			"from": [ 14.5, 0.5, 12 ],
			"to": [ 15.5, 13, 14 ],
			"faces": {
				"down": { "uv": [ 3.5, 7.5, 5.5, 8.5 ], "texture": "#texture", "cullface": "down", "rotation": 270 },
				"up": { "uv": [ 3.5, 7.5, 5.5, 8.5 ], "texture": "#texture", "cullface": "up", "rotation": 90 },
				"north": { "uv": [ 7.5, 0, 8.5, 16 ], "texture": "#texture" },
				"south": { "uv": [ 7.5, 0, 8.5, 16 ], "texture": "#texture" },
				"west": { "uv": [ 3.5, 0, 5.5, 16 ], "texture": "#texture" },
				"east": { "uv": [ 3.5, 0, 5.5, 16 ], "texture": "#texture" }
			}
		},
		{
			"__comment": "Center post*",
			"from": [ 14, 9, 20.5 ],
			"to": [ 15, 10, 22.5 ],
			"faces": {
				"down": { "uv": [ 13.5, 8, 15.5, 9 ], "texture": "#texture", "cullface": "down", "rotation": 270 },
				"up": { "uv": [ 13.5, 8, 15.5, 9 ], "texture": "#texture", "cullface": "up", "rotation": 90 },
				"north": { "uv": [ 8, 2.5, 9, 3.5 ], "texture": "#texture" },
				"south": { "uv": [ 8, 2.5, 9, 3.5 ], "texture": "#texture" },
				"west": { "uv": [ 13.5, 2.5, 15.5, 3.5 ], "texture": "#texture" },
				"east": { "uv": [ 13.5, 2.5, 15.5, 3.5 ], "texture": "#texture" }
			}
		},
		{
			"__comment": "Center post*",
			"from": [ 15, 9, 20.5 ],
			"to": [ 16, 10, 22.5 ],
			"faces": {
				"down": { "uv": [ 13.5, 7, 15.5, 8 ], "texture": "#texture", "cullface": "down", "rotation": 270 },
				"up": { "uv": [ 13.5, 7, 15.5, 8 ], "texture": "#texture", "cullface": "up", "rotation": 90 },
				"north": { "uv": [ 7, 2.5, 8, 3.5 ], "texture": "#texture" },
				"south": { "uv": [ 7, 2.5, 8, 3.5 ], "texture": "#texture" },
				"west": { "uv": [ 13.5, 2.5, 15.5, 3.5 ], "texture": "#texture" },
				"east": { "uv": [ 13.5, 2.5, 15.5, 3.5 ], "texture": "#texture" }
			}
		},
		{
			"__comment": "Center post*",
			"from": [ 14.5, 9, 9.5 ],
			"to": [ 15.5, 11, 10 ],
			"faces": {
				"down": { "uv": [ 1.5, 7.5, 2.5, 8.5 ], "texture": "#texture", "cullface": "down", "rotation": 270 },
				"up": { "uv": [ 1.5, 7.5, 2.5, 8.5 ], "texture": "#texture", "cullface": "up", "rotation": 90 },
				"north": { "uv": [ 7.5, 1.5, 8.5, 3.5 ], "texture": "#texture" },
				"south": { "uv": [ 7.5, 1.5, 8.5, 3.5 ], "texture": "#texture" },
				"west": { "uv": [ 1.5, 1.5, 2.5, 3.5 ], "texture": "#texture" },
				"east": { "uv": [ 1.5, 1.5, 2.5, 3.5 ], "texture": "#texture" }
			}
		},
		{
			"__comment": "Center post*",
			"from": [ 14.5, 2, 9.5 ],
			"to": [ 15.5, 4, 10 ],
			"faces": {
				"down": { "uv": [ 1.5, 7.5, 2.5, 8.5 ], "texture": "#texture", "cullface": "down", "rotation": 270 },
				"up": { "uv": [ 1.5, 7.5, 2.5, 8.5 ], "texture": "#texture", "cullface": "up", "rotation": 90 },
				"north": { "uv": [ 7.5, 12, 8.5, 14 ], "texture": "#texture" },
				"south": { "uv": [ 7.5, 12, 8.5, 14 ], "texture": "#texture" },
				"west": { "uv": [ 1.5, 12, 2.5, 14 ], "texture": "#texture" },
				"east": { "uv": [ 1.5, 12, 2.5, 14 ], "texture": "#texture" }
			}
		},
		{
			"__comment": "Center post*",
			"from": [ 14.5, 13, 16 ],
			"to": [ 15.5, 14.5, 18 ],
			"faces": {
				"down": { "uv": [ 8, 7.5, 10, 8.5 ], "texture": "#texture", "cullface": "down", "rotation": 270 },
				"up": { "uv": [ 8, 7.5, 10, 8.5 ], "texture": "#texture", "cullface": "up", "rotation": 90 },
				"north": { "uv": [ 7.5, 0, 8.5, 1.5 ], "texture": "#texture" },
				"south": { "uv": [ 7.5, 0, 8.5, 1.5 ], "texture": "#texture" },
				"west": { "uv": [ 8, 0, 10, 1.5 ], "texture": "#texture" },
				"east": { "uv": [ 8, 0, 10, 1.5 ], "texture": "#texture" }
			}
		},
		{
			"__comment": "Center post*",
			"from": [ 14.5, 13, 14 ],
			"to": [ 15.5, 14.5, 16 ],
			"faces": {
				"down": { "uv": [ 6, 7.5, 8, 8.5 ], "texture": "#texture", "cullface": "down", "rotation": 270 },
				"up": { "uv": [ 6, 7.5, 8, 8.5 ], "texture": "#texture", "cullface": "up", "rotation": 90 },
				"north": { "uv": [ 7.5, 0, 8.5, 1.5 ], "texture": "#texture" },
				"south": { "uv": [ 7.5, 0, 8.5, 1.5 ], "texture": "#texture" },
				"west": { "uv": [ 6, 0, 8, 1.5 ], "texture": "#texture" },
				"east": { "uv": [ 6, 0, 8, 1.5 ], "texture": "#texture" }
			}
		},
		{
			"__comment": "Center post*",
			"from": [ 14.5, 13, 12 ],
			"to": [ 15.5, 13.5, 14 ],
			"faces": {
				"down": { "uv": [ 3.5, 7.5, 5.5, 8.5 ], "texture": "#texture", "cullface": "down", "rotation": 270 },
				"up": { "uv": [ 3.5, 7.5, 5.5, 8.5 ], "texture": "#texture", "cullface": "up", "rotation": 90 },
				"north": { "uv": [ 7.5, 0, 8.5, 0.5 ], "texture": "#texture" },
				"south": { "uv": [ 7.5, 0, 8.5, 0.5 ], "texture": "#texture" },
				"west": { "uv": [ 3.5, 0, 5.5, 0.5 ], "texture": "#texture" },
				"east": { "uv": [ 3.5, 0, 5.5, 0.5 ], "texture": "#texture" }
			}
		},
		{
			"__comment": "Center post*",
			"from": [ 14.5, 13, 18 ],
			"to": [ 15.5, 13.5, 20 ],
			"faces": {
				"down": { "uv": [ 10.5, 7.5, 12.5, 8.5 ], "texture": "#texture", "cullface": "down", "rotation": 270 },
				"up": { "uv": [ 10.5, 7.5, 12.5, 8.5 ], "texture": "#texture", "cullface": "up", "rotation": 90 },
				"north": { "uv": [ 7.5, 0, 8.5, 0.5 ], "texture": "#texture" },
				"south": { "uv": [ 7.5, 0, 8.5, 0.5 ], "texture": "#texture" },
				"west": { "uv": [ 10.5, 0, 12.5, 0.5 ], "texture": "#texture" },
				"east": { "uv": [ 10.5, 0, 12.5, 0.5 ], "texture": "#texture" }
			}
		}
	]
}