{
	"__comment": "Conquest Reforged",
	"textures": {
		"particle": "block/stripped_birch_log",
		"texture": "block/stripped_birch_log"
	},
	"elements": [ 	 
		{
			"__comment": "Box1",
			"from": [ 0, 0, 0 ],
			"to": [ 2, 0.5, 16 ],
			"faces": {
				"down": { "uv": [ 0, 0, 2, 16 ], "texture": "#texture" },
				"up": { "uv": [ 0, 0, 2, 16 ], "texture": "#texture" },
				"north": { "uv": [ 14, 15.5, 16, 16 ], "texture": "#texture" },
				"south": { "uv": [ 0, 15.5, 2, 16 ], "texture": "#texture" },
				"west": { "uv": [ 0, 15.5, 16, 16 ], "texture": "#texture" },
				"east": { "uv": [ 0, 15.5, 16, 16 ], "texture": "#texture" }
			}
		},
		{
			"__comment": "Box1",
			"from": [ 3.5, 0, 0 ],
			"to": [ 5.5, 0.5, 16 ],
			"faces": {
				"down": { "uv": [ 3.5, 0, 5.5, 16 ], "texture": "#texture" },
				"up": { "uv": [ 3.5, 0, 5.5, 16 ], "texture": "#texture" },
				"north": { "uv": [ 10.5, 15.5, 12.5, 16 ], "texture": "#texture" },
				"south": { "uv": [ 3.5, 15.5, 5.5, 16 ], "texture": "#texture" },
				"west": { "uv": [ 0, 15.5, 16, 16 ], "texture": "#texture" },
				"east": { "uv": [ 0, 15.5, 16, 16 ], "texture": "#texture" }
			}
		},
		{
			"__comment": "Box1",
			"from": [ 10.5, 0, 0 ],
			"to": [ 12.5, 0.5, 16 ],
			"faces": {
				"down": { "uv": [ 10.5, 0, 12.5, 16 ], "texture": "#texture" },
				"up": { "uv": [ 10.5, 0, 12.5, 16 ], "texture": "#texture" },
				"north": { "uv": [ 3.5, 15.5, 5.5, 16 ], "texture": "#texture" },
				"south": { "uv": [ 10.5, 15.5, 12.5, 16 ], "texture": "#texture" },
				"west": { "uv": [ 0, 15.5, 16, 16 ], "texture": "#texture" },
				"east": { "uv": [ 0, 15.5, 16, 16 ], "texture": "#texture" }
			}
		},
		{
			"__comment": "Box1",
			"from": [ 14, 0, 0 ],
			"to": [ 16, 0.5, 16 ],
			"faces": {
				"down": { "uv": [ 14, 0, 16, 16 ], "texture": "#texture" },
				"up": { "uv": [ 14, 0, 16, 16 ], "texture": "#texture" },
				"north": { "uv": [ 0, 15.5, 2, 16 ], "texture": "#texture" },
				"south": { "uv": [ 14, 15.5, 16, 16 ], "texture": "#texture" },
				"west": { "uv": [ 0, 15.5, 16, 16 ], "texture": "#texture" },
				"east": { "uv": [ 0, 15.5, 16, 16 ], "texture": "#texture" }
			}
		},
		{
			"__comment": "Box1",
			"from": [ 7, 0, 0 ],
			"to": [ 9, 0.5, 16 ],
			"faces": {
				"down": { "uv": [ 7, 0, 9, 16 ], "texture": "#texture" },
				"up": { "uv": [ 7, 0, 9, 16 ], "texture": "#texture" },
				"north": { "uv": [ 7, 15.5, 9, 16 ], "texture": "#texture" },
				"south": { "uv": [ 7, 15.5, 9, 16 ], "texture": "#texture" },
				"west": { "uv": [ 0, 15.5, 16, 16 ], "texture": "#texture" },
				"east": { "uv": [ 0, 15.5, 16, 16 ], "texture": "#texture" }
			}
		},
		{
			"__comment": "Box1",
			"from": [ -0.001, -0.001, 13.999 ],
			"to": [ 15.999, 0.499, 15.999 ],
			"faces": {
				"down": { "uv": [ 0, 0, 2, 15 ], "texture": "#texture", "rotation": 90 },
				"up": { "uv": [ 0, 1, 2, 16 ], "texture": "#texture", "rotation": 270 },
				"north": { "uv": [ 0, 0, 1, 15.5 ], "texture": "#texture", "rotation": 90 },
				"south": { "uv": [ 0, 0, 1, 15.5 ], "texture": "#texture", "rotation": 270 },
				"west": { "uv": [ 14, 15, 16, 16 ], "texture": "#texture" },
				"east": { "uv": [ 0, 15, 2, 16 ], "texture": "#texture" }
			}
		},
		{
			"__comment": "Box1",
			"from": [ 0, -0.001, 10.5 ],
			"to": [ 16, 0.499, 12.5 ],
			"faces": {
				"down": { "uv": [ 3.5, 0, 5.5, 16 ], "texture": "#texture", "rotation": 90 },
				"up": { "uv": [ 3.5, 0, 5.5, 16 ], "texture": "#texture", "rotation": 270 },
				"north": { "uv": [ 0, 15, 16, 16 ], "texture": "#texture" },
				"south": { "uv": [ 0, 15, 16, 16 ], "texture": "#texture" },
				"west": { "uv": [ 10.5, 15, 12.5, 16 ], "texture": "#texture" },
				"east": { "uv": [ 3.5, 15, 5.5, 16 ], "texture": "#texture" }
			}
		},
		{
			"__comment": "Box1",
			"from": [ 0.0001, -0.001, 3.5 ],
			"to": [ 16.0001, 0.499, 5.5 ],
			"faces": {
				"down": { "uv": [ 10.5, 0, 12.5, 16 ], "texture": "#texture", "rotation": 90 },
				"up": { "uv": [ 10.5, 0, 12.5, 16 ], "texture": "#texture", "rotation": 270 },
				"north": { "uv": [ 0, 15, 16, 16 ], "texture": "#texture" },
				"south": { "uv": [ 0, 15, 16, 16 ], "texture": "#texture" },
				"west": { "uv": [ 3.5, 15, 5.5, 16 ], "texture": "#texture" },
				"east": { "uv": [ 10.5, 15, 12.5, 16 ], "texture": "#texture" }
			}
		},
		{
			"__comment": "Box1",
			"from": [ -0.0009, -0.001, 0.003 ],
			"to": [ 15.9991, 0.499, 2.003 ],
			"faces": {
				"down": { "uv": [ 14, 0, 16, 16 ], "texture": "#texture", "rotation": 90 },
				"up": { "uv": [ 14, 0, 16, 16 ], "texture": "#texture", "rotation": 270 },
				"north": { "uv": [ 0, 0, 1, 16 ], "texture": "#texture", "rotation": 270 },
				"south": { "uv": [ 0, 15, 16, 16 ], "texture": "#texture" },
				"west": { "uv": [ 0, 15, 2, 16 ], "texture": "#texture" },
				"east": { "uv": [ 14, 15, 16, 16 ], "texture": "#texture" }
			}
		},
		{
			"__comment": "Box1",
			"from": [ 0, -0.001, 7 ],
			"to": [ 16, 0.499, 9 ],
			"faces": {
				"down": { "uv": [ 7, 0, 9, 16 ], "texture": "#texture", "rotation": 90 },
				"up": { "uv": [ 7, 0, 9, 16 ], "texture": "#texture", "rotation": 270 },
				"north": { "uv": [ 0, 15, 16, 16 ], "texture": "#texture" },
				"south": { "uv": [ 0, 15, 16, 16 ], "texture": "#texture" },
				"west": { "uv": [ 7, 15, 9, 16 ], "texture": "#texture" },
				"east": { "uv": [ 7, 15, 9, 16 ], "texture": "#texture" }
			}
		}
	]
}