{
	"__comment": "Conquest Reforged",
	"textures": {
		"particle": "block/birchbutton",
		"texture": "block/birchbutton"
	},
	"elements": [ 	 
		{
			"__comment": "Element",
			"from": [ 6.5, 2, 6.5 ],
			"to": [ 9.5, 4, 9.5 ],
			"faces": {
				"down": { "uv": [ 1, 4.5, 4, 7.5 ], "texture": "#texture", "cullface": "down" },
				"up": { "uv": [ 1, 1, 4, 4 ], "texture": "#texture" },
				"north": { "uv": [ 0.5, 5, 3.5, 3 ], "texture": "#texture", "rotation": 180 },
				"south": { "uv": [ 0.5, 0, 3, 2 ], "texture": "#texture", "rotation": 180 },
				"west": { "uv": [ 0, 0.5, 2, 3.5 ], "texture": "#texture", "rotation": 270 },
				"east": { "uv": [ 5, 1, 3, 4 ], "texture": "#texture", "rotation": 270 }
			}
		},
		{
			"__comment": "Element",
			"from": [ 5, 0, 5 ],
			"to": [ 11, 1, 11 ],
			"faces": {
				"down": { "uv": [ 5, 1, 11, 7 ], "texture": "#texture", "cullface": "down" },
				"up": { "uv": [ 5, 1, 11, 7 ], "texture": "#texture" },
				"north": { "uv": [ 5, 6.5, 11, 7.5 ], "texture": "#texture" },
				"south": { "uv": [ 5, 6.5, 11, 7.5 ], "texture": "#texture" },
				"west": { "uv": [ 5, 6.5, 11, 7.5 ], "texture": "#texture" },
				"east": { "uv": [ 5, 6.5, 11, 7.5 ], "texture": "#texture" }
			}
		},
		{
			"__comment": "Element",
			"from": [ 7, 1, 7 ],
			"to": [ 9, 2, 9 ],
			"faces": {
				"down": { "uv": [ 1, 5, 3, 7 ], "texture": "#texture", "cullface": "down" },
				"up": { "uv": [ 1.5, 5, 3.5, 7 ], "texture": "#texture" },
				"north": { "uv": [ 0.5, 6, 2.5, 7 ], "texture": "#texture" },
				"south": { "uv": [ 0.5, 6, 2.5, 7 ], "texture": "#texture" },
				"west": { "uv": [ 0.5, 6, 2.5, 7 ], "texture": "#texture" },
				"east": { "uv": [ 0.5, 6, 2.5, 7 ], "texture": "#texture" }
			}
		},
		{
			"__comment": "Element",
			"from": [ 9.5, 2, 7 ],
			"to": [ 10, 4, 9 ],
			"faces": {
				"down": { "uv": [ 2.5, 5, 3, 7 ], "texture": "#texture", "cullface": "down" },
				"up": { "uv": [ 3.5, 1.5, 4, 3.5 ], "texture": "#texture" },
				"north": { "uv": [ 2, 2, 2.5, 0 ], "texture": "#texture" },
				"south": { "uv": [ 2, 2, 2.5, 0 ], "texture": "#texture" },
				"west": { "uv": [ 0, 1, 2, 3 ], "texture": "#texture" },
				"east": { "uv": [ 5, 3.5, 3, 1.5 ], "texture": "#texture", "rotation": 270 }
			}
		},
		{
			"__comment": "Element",
			"from": [ 6, 2, 7 ],
			"to": [ 6.5, 4, 9 ],
			"faces": {
				"down": { "uv": [ 3, 5, 3.5, 7 ], "texture": "#texture", "cullface": "down" },
				"up": { "uv": [ 0.5, 1.5, 1, 3.5 ], "texture": "#texture" },
				"north": { "uv": [ 2, 2, 2.5, 0 ], "texture": "#texture" },
				"south": { "uv": [ 2, 0, 2.5, 2 ], "texture": "#texture", "rotation": 180 },
				"west": { "uv": [ 0, 2, 2, 4 ], "texture": "#texture", "rotation": 270 },
				"east": { "uv": [ 2.5, 1.5, 4.5, 3.5 ], "texture": "#texture", "rotation": 270 }
			}
		},
		{
			"__comment": "Element",
			"from": [ 7, 2, 9.5 ],
			"to": [ 9, 4, 10 ],
			"faces": {
				"down": { "uv": [ 2.5, 5, 3, 7 ], "texture": "#texture", "cullface": "down", "rotation": 270 },
				"up": { "uv": [ 3.5, 1.5, 4, 3.5 ], "texture": "#texture", "rotation": 90 },
				"north": { "uv": [ 0, 1, 2, 3 ], "texture": "#texture" },
				"south": { "uv": [ 5, 3.5, 3, 1.5 ], "texture": "#texture", "rotation": 270 },
				"west": { "uv": [ 2, 0, 2.5, 2 ], "texture": "#texture", "rotation": 180 },
				"east": { "uv": [ 2, 2, 2.5, 0 ], "texture": "#texture" }
			}
		},
		{
			"__comment": "Element",
			"from": [ 7, 2, 6 ],
			"to": [ 9, 4, 6.5 ],
			"faces": {
				"down": { "uv": [ 3, 5, 3.5, 7 ], "texture": "#texture", "cullface": "down", "rotation": 270 },
				"up": { "uv": [ 0.5, 1.5, 1, 3.5 ], "texture": "#texture", "rotation": 90 },
				"north": { "uv": [ 0, 1, 2, 3 ], "texture": "#texture", "rotation": 270 },
				"south": { "uv": [ 2.5, 1.5, 4.5, 3.5 ], "texture": "#texture", "rotation": 270 },
				"west": { "uv": [ 2, 2, 2.5, 0 ], "texture": "#texture" },
				"east": { "uv": [ 2, 2, 2.5, 0 ], "texture": "#texture" }
			}
		},
		{
			"__comment": "Element",
			"from": [ 8, 4, 6.5 ],
			"to": [ 10, 4.5, 8.5 ],
			"rotation": { "origin": [ 8, 4, 6.5 ], "axis": "y", "angle": -45 },
			"faces": {
				"down": { "uv": [ 1.5, 1.5, 3.5, 3.5 ], "texture": "#texture", "cullface": "down" },
				"up": { "uv": [ 1, 1.5, 3, 3.5 ], "texture": "#texture" },
				"north": { "uv": [ 1, 3, 3, 3.5 ], "texture": "#texture" },
				"south": { "uv": [ 1, 3, 3, 3.5 ], "texture": "#texture" },
				"west": { "uv": [ 1.5, 2.5, 3.5, 3 ], "texture": "#texture" },
				"east": { "uv": [ 1, 1.5, 3, 2 ], "texture": "#texture" }
			}
		}
	]
}