{
	"__comment": "Conquest Reforged",
	"ambientocclusion": false,
	"textures": {
		"particle": "block/comparator_on",
		"slab": "block/stone_slab_top",
		"top": "block/comparator_on",
		"unlit": "block/redstone_torch_off",
		"lit": "block/redstone_torch"
	},
	"elements": [ 	 
		{
			"__comment": "Element",
			"from": [ 0, 0, 0 ],
			"to": [ 16, 2, 16 ],
			"faces": {
				"down": { "uv": [ 0, 0, 16, 16 ], "texture": "#slab", "cullface": "down" },
				"up": { "uv": [ 0, 0, 16, 16 ], "texture": "#top" },
				"north": { "uv": [ 0, 14, 16, 16 ], "texture": "#slab", "cullface": "north" },
				"south": { "uv": [ 0, 14, 16, 16 ], "texture": "#slab", "cullface": "south" },
				"west": { "uv": [ 0, 14, 16, 16 ], "texture": "#slab", "cullface": "west" },
				"east": { "uv": [ 0, 14, 16, 16 ], "texture": "#slab", "cullface": "east" }
			}
		},
		{
			"__comment": "Element",
			"from": [ 4, 7, 11 ],
			"to": [ 6, 7.001, 13 ],
			"faces": {
				"up": { "uv": [ 7, 6, 9, 8 ], "texture": "#lit" }
			}
		},
		{
			"__comment": "Element",
			"from": [ 4, 2, 10 ],
			"to": [ 6, 11, 14 ],
			"faces": {
				"west": { "uv": [ 6, 2.5, 10, 10.5 ], "texture": "#unlit" },
				"east": { "uv": [ 6, 2.5, 10, 10.5 ], "texture": "#unlit" }
			}
		},
		{
			"__comment": "Element",
			"from": [ 3, 2, 11 ],
			"to": [ 7, 11, 13 ],
			"faces": {
				"north": { "uv": [ 6, 2.5, 10, 10.5 ], "texture": "#unlit" },
				"south": { "uv": [ 6, 2.5, 10, 10.5 ], "texture": "#unlit" }
			}
		},
		{
			"__comment": "Element",
			"from": [ 10, 7, 11 ],
			"to": [ 12, 7.001, 13 ],
			"faces": {
				"up": { "uv": [ 7, 6, 9, 8 ], "texture": "#lit" }
			}
		},
		{
			"__comment": "Element",
			"from": [ 10, 2, 10 ],
			"to": [ 12, 11, 14 ],
			"faces": {
				"west": { "uv": [ 6, 2.5, 10, 10.5 ], "texture": "#unlit" },
				"east": { "uv": [ 6, 2.5, 10, 10.5 ], "texture": "#unlit" }
			}
		},
		{
			"__comment": "Element",
			"from": [ 9, 2, 11 ],
			"to": [ 13, 11, 13 ],
			"faces": {
				"north": { "uv": [ 6, 2.5, 10, 10.5 ], "texture": "#unlit" },
				"south": { "uv": [ 6, 2.5, 10, 10.5 ], "texture": "#unlit" }
			}
		},
		{
			"__comment": "Element",
			"from": [ 7, 5, 2 ],
			"to": [ 9, 5.001, 4 ],
			"faces": {
				"up": { "uv": [ 7, 6, 9, 8 ], "texture": "#lit" }
			}
		},
		{
			"__comment": "Element",
			"from": [ 7, 2, 1 ],
			"to": [ 9, 9, 5 ],
			"faces": {
				"west": { "uv": [ 6, 2.5, 10, 10.5 ], "texture": "#lit" },
				"east": { "uv": [ 6, 2.5, 10, 10.5 ], "texture": "#lit" }
			}
		},
		{
			"__comment": "Element",
			"from": [ 6, 2, 2 ],
			"to": [ 10, 9, 4 ],
			"faces": {
				"north": { "uv": [ 6, 2.5, 10, 10.5 ], "texture": "#lit" },
				"south": { "uv": [ 6, 2.5, 10, 10.5 ], "texture": "#lit" }
			}
		}
	]
}