{
"__comment": "Fair warning, this format is highly likely to change even more in the future!",
"ambientocclusion": false,
"textures": {
  "particle": "block/dark_oak_door_upper",
  "bottom": "block/dark_oak_door_lower",
  "top": "block/dark_oak_door_upper",
  "extra": "block/door_dark_oak_extra"
},
"elements": [ 
{
  "from": [ 0, 0, 0 ],
  "to": [ 2.5, 16, 16 ],
  "faces": {
    "down": { "uv": [ 0, 16, 2.5, 0 ], "texture": "#bottom", "cullface": "down" },
    "up":  { "uv": [ 0, 0, 2.5, 16 ], "texture": "#bottom", "cullface": "up" },
    "north": { "uv": [ 2.5, 0, 0, 16 ], "texture": "#top", "cullface": "north" },
    "south": { "uv": [ 0, 0, 2.5, 16 ], "texture": "#top", "cullface": "south" },
    "west": { "uv": [ 0, 0, 16, 16 ], "texture": "#top", "cullface": "west" },
    "east": { "uv": [ 16, 0, 0, 16 ], "texture": "#top" }
  }
},
{
  "from": [ 0.011, 16, 7.011 ],
  "to": [ 2.511, 23, 8.511 ],
  "__comment": "Extra",
  "faces": {
    "up":  { "uv": [ 0, 7, 2.5, 8.5 ], "texture": "#top" },
    "north": { "uv": [ 2.5, 9, 0, 16 ], "texture": "#top" },
    "west": { "uv": [ 7, 9, 8.5, 16 ], "texture": "#extra" },
    "east": { "uv": [ 8.5, 9, 7, 16 ], "texture": "#extra" }
  }
},
{
  "from": [ 0.011, 16, 6.011 ],
  "to": [ 2.511, 22.5, 7.011 ],
  "__comment": "Extra",
  "faces": {
    "up":  { "uv": [ 0, 6, 2.5, 7 ], "texture": "#top" },
    "north": { "uv": [ 2.5, 9.5, 0, 16 ], "texture": "#top" },
    "west": { "uv": [ 6, 9.5, 7, 16 ], "texture": "#extra" },
    "east": { "uv": [ 7, 9.5, 6, 16 ], "texture": "#extra" }
  }
},
{
  "from": [ 0.011, 16, 5.011 ],
  "to": [ 2.511, 22, 6.011 ],
  "__comment": "Extra",
  "faces": {
    "up":  { "uv": [ 0, 5, 2.5, 6 ], "texture": "#top" },
    "north": { "uv": [ 2.5, 10, 0, 16 ], "texture": "#top" },
    "west": { "uv": [ 5, 10, 6, 16 ], "texture": "#extra" },
    "east": { "uv": [ 6, 10, 5, 16 ], "texture": "#extra" }
  }
},
{
  "from": [ 0.011, 16, 4.011 ],
  "to": [ 2.511, 21.5, 5.011 ],
  "__comment": "Extra",
  "faces": {
    "up":  { "uv": [ 0, 4, 2.5, 5 ], "texture": "#top" },
    "north": { "uv": [ 2.5, 10.5, 0, 16 ], "texture": "#top" },
    "west": { "uv": [ 4, 10.5, 5, 16 ], "texture": "#extra" },
    "east": { "uv": [ 5, 10.5, 4, 16 ], "texture": "#extra" }
  }
},
{
  "from": [ 0.011, 16, 3.011 ],
  "to": [ 2.511, 21, 4.011 ],
  "__comment": "Extra",
  "faces": {
    "up":  { "uv": [ 0, 3, 2.5, 4 ], "texture": "#top" },
    "north": { "uv": [ 2.5, 11, 0, 16 ], "texture": "#top" },
    "west": { "uv": [ 3, 11, 4, 16 ], "texture": "#extra" },
    "east": { "uv": [ 4, 11, 3, 16 ], "texture": "#extra" }
  }
},
{
  "from": [ 0.011, 16, 2.511 ],
  "to": [ 2.511, 20.5, 3.011 ],
  "__comment": "Extra",
  "faces": {
    "up":  { "uv": [ 0, 2.5, 2.5, 3 ], "texture": "#top" },
    "north": { "uv": [ 2.5, 11.5, 0, 16 ], "texture": "#top" },
    "west": { "uv": [ 2.5, 11.5, 3, 16 ], "texture": "#extra" },
    "east": { "uv": [ 3, 11.5, 2.5, 16 ], "texture": "#extra" }
  }
},
{
  "from": [ 0.011, 16, 2.011 ],
  "to": [ 2.511, 20, 2.511 ],
  "__comment": "Extra",
  "faces": {
    "up":  { "uv": [ 0, 2, 2.5, 2.5 ], "texture": "#top" },
    "north": { "uv": [ 2.5, 12, 0, 16 ], "texture": "#top" },
    "west": { "uv": [ 2, 12, 2.5, 16 ], "texture": "#extra" },
    "east": { "uv": [ 2.5, 12, 2, 16 ], "texture": "#extra" }
  }
},
{
  "from": [ 0.011, 16, 1.511 ],
  "to": [ 2.511, 19.5, 2.011 ],
  "__comment": "Extra",
  "faces": {
    "up":  { "uv": [ 0, 1.5, 2.5, 2 ], "texture": "#top" },
    "north": { "uv": [ 2.5, 12.5, 0, 16 ], "texture": "#top" },
    "west": { "uv": [ 1.5, 12.5, 2, 16 ], "texture": "#extra" },
    "east": { "uv": [ 2, 12.5, 1.5, 16 ], "texture": "#extra" }
  }
},
{
  "from": [ 0.011, 16, 1.011 ],
  "to": [ 2.511, 19, 1.511 ],
  "__comment": "Extra",
  "faces": {
    "up":  { "uv": [ 0, 1, 2.5, 1.5 ], "texture": "#top" },
    "north": { "uv": [ 2.5, 13, 0, 16 ], "texture": "#top" },
    "west": { "uv": [ 1, 13, 1.5, 16 ], "texture": "#extra" },
    "east": { "uv": [ 1.5, 13, 1, 16 ], "texture": "#extra" }
  }
},
{
  "from": [ 0.011, 16, 0.511 ],
  "to": [ 2.511, 18, 1.011 ],
  "__comment": "Extra",
  "faces": {
    "up":  { "uv": [ 0, 0.5, 2.5, 1 ], "texture": "#top" },
    "north": { "uv": [ 2.5, 14, 0, 16 ], "texture": "#top" },
    "west": { "uv": [ 0.5, 14, 1, 16 ], "texture": "#extra" },
    "east": { "uv": [ 1, 14, 0.5, 16 ], "texture": "#extra" }
  }
},
{
  "from": [ 0.011, 16, 0.011 ],
  "to": [ 2.511, 17.5, 0.511 ],
  "__comment": "Extra",
  "faces": {
    "up":  { "uv": [ 0, 0, 2.5, 0.5 ], "texture": "#top" },
    "north": { "uv": [ 2.5, 14.5, 0, 16 ], "texture": "#top" },
    "west": { "uv": [ 0, 14.5, 0.5, 16 ], "texture": "#extra" },
    "east": { "uv": [ 0.5, 14.5, 0, 16 ], "texture": "#extra" }
  }
},
{
  "from": [ 0.011, 16, 11.511 ],
  "to": [ 2.511, 24, 15.989 ],
  "__comment": "Extra",
  "faces": {
    "up":  { "uv": [ 0, 11.5, 2.5, 16 ], "texture": "#top" },
    "north": { "uv": [ 2.5, 8, 0, 16 ], "texture": "#top" },
    "south": { "uv": [ 0, 8, 2.5, 16 ], "texture": "#top" },
    "west": { "uv": [ 11.5, 8, 16, 16 ], "texture": "#extra" },
    "east": { "uv": [ 16, 8, 11.5, 16 ], "texture": "#extra" }
  }
},
{
  "from": [ 0.011, 16, 8.511 ],
  "to": [ 2.511, 23.5, 11.511 ],
  "__comment": "Extra",
  "faces": {
    "up":  { "uv": [ 0, 8.5, 2.5, 11.5 ], "texture": "#top" },
    "north": { "uv": [ 2.5, 8.5, 0, 16 ], "texture": "#top" },
    "west": { "uv": [ 8.5, 8.5, 11.5, 16 ], "texture": "#extra" },
    "east": { "uv": [ 11.5, 8.5, 8.5, 16 ], "texture": "#extra" }
  }
}
]
}