{ "parent": "block/block",
    "display": {
        "gui": {
            "rotation": [ 30, 135, 0 ],
            "translation": [ 0, 0, 0],
            "scale":[ 0.625, 0.625, 0.625 ]
        },
        "fixed": {
            "rotation": [ 0, 90, 0 ],
            "translation": [ 0, 0, 0],
            "scale":[ 0.5, 0.5, 0.5 ]
        }
},
"textures": {
  "particle": "block/dark_oak_planks",
  "texture": "block/dark_oak_planks"
},
"elements": [ 
{
  "__comment": "top bar*",
  "from": [ 6, 0, 14 ],
  "to": [ 10, 16, 16 ],
  "faces": {
    "down": { "uv": [ 6, 14, 10, 16 ], "texture": "#texture", "cullface": "down" },
    "up":  { "uv": [ 6, 14, 10, 16 ], "texture": "#texture", "cullface": "up" },
    "north": { "uv": [ 6, 0, 10, 16 ], "texture": "#texture", "cullface": "north" },
    "south": { "uv": [ 6, 0, 10, 16 ], "texture": "#texture" },
    "west": { "uv": [ 14, 0, 16, 16 ], "texture": "#texture" },
    "east": { "uv": [ 14, 0, 16, 16 ], "texture": "#texture" }
  }
},
{
  "__comment": "top bar",
  "from": [ 6.75, 13, 1.5 ],
  "to": [ 9.25, 15, 15 ],
  "faces": {
    "down": { "uv": [ 0, 0, 2.5, 13.5 ], "texture": "#texture" },
    "up":  { "uv": [ 0, 0, 2.5, 13.5 ], "texture": "#texture", "cullface": "up" },
    "north": { "uv": [ 6.75, 1, 9.25, 3 ], "texture": "#texture", "cullface": "north" },
    "west": { "uv": [ 1.5, 1, 15, 3 ], "texture": "#texture" },
    "east": { "uv": [ 1.5, 1, 15, 3 ], "texture": "#texture" }
  }
},
{
  "__comment": "top bar*",
  "from": [ 6.8125, 0, 1.5 ],
  "to": [ 9.3125, 2, 14.5 ],
  "faces": {
    "down": { "uv": [ 0, 0, 2.5, 13 ], "texture": "#texture", "cullface": "down" },
    "up":  { "uv": [ 0, 0, 2.5, 13 ], "texture": "#texture" },
    "north": { "uv": [ 6.8125, 14, 9.3125, 16 ], "texture": "#texture", "cullface": "north" },
    "west": { "uv": [ 1.5, 14, 14.5, 16 ], "texture": "#texture" },
    "east": { "uv": [ 1.5, 14, 14.5, 16 ], "texture": "#texture" }
  }
},
{
  "__comment": "lower bar*",
  "from": [ 7.125, 0, 1 ],
  "to": [ 8.9375, 2, 19 ],
  "rotation": { "origin": [ 7.125, 2, 1 ], "axis": "x", "angle": -45 },
  "faces": {
    "down": { "uv": [ 8.875, 16, 7.0625, 1 ], "texture": "#texture", "cullface": "south" },
    "up":  { "uv": [ 7.125, 1, 8.9375, 16 ], "texture": "#texture", "cullface": "south" },
    "north": { "uv": [ 7.0625, 14, 8.875, 16 ], "texture": "#texture", "cullface": "south" },
    "west": { "uv": [ 1, 14, 16, 16 ], "texture": "#texture", "cullface": "south" },
    "east": { "uv": [ 0, 14, 15, 16 ], "texture": "#texture", "cullface": "south" }
  }
},
{
  "__comment": "lower bar*",
  "from": [ 7.1875, 12, 3 ],
  "to": [ 8.875, 14, 21 ],
  "rotation": { "origin": [ 7.1875, 14, 3 ], "axis": "x", "angle": 45 },
  "faces": {
    "down": { "uv": [ 8.8125, 16, 7.125, 3 ], "texture": "#texture", "cullface": "south" },
    "up":  { "uv": [ 7.1875, 3, 8.875, 16 ], "texture": "#texture", "cullface": "south" },
    "north": { "uv": [ 7.125, 2, 8.8125, 4 ], "texture": "#texture", "cullface": "south" },
    "west": { "uv": [ 3, 2, 16, 4 ], "texture": "#texture", "cullface": "south" },
    "east": { "uv": [ 0, 2, 13, 4 ], "texture": "#texture", "cullface": "south" }
  }
},
{
  "__comment": "top bar*",
  "from": [ 6, 0, 0 ],
  "to": [ 10, 16, 2 ],
  "faces": {
    "down": { "uv": [ 6, 0, 10, 2 ], "texture": "#texture", "cullface": "down" },
    "up":  { "uv": [ 6, 0, 10, 2 ], "texture": "#texture", "cullface": "up" },
    "north": { "uv": [ 6, 0, 10, 16 ], "texture": "#texture", "cullface": "north" },
    "south": { "uv": [ 6, 0, 10, 16 ], "texture": "#texture" },
    "west": { "uv": [ 0, 0, 2, 16 ], "texture": "#texture" },
    "east": { "uv": [ 0, 0, 2, 16 ], "texture": "#texture" }
  }
}
]
}