{
	"__comment": "Fair warning, this format is highly likely to change even more in the future!",
	"ambientocclusion": false,
	"textures": {
		"particle": "block/iron_door_upper",
		"top": "block/dark_oak_door_upper",
		"extra": "block/door_dark_oak_extra"
	},
	"elements": [ 	 
		{
			"__comment": "Top",
			"from": [ -0.0625, 16, 0 ],
			"to": [ 0, 26.5, 16 ],
			"faces": {
				"west": { "uv": [ 16, 5.5, 0, 16 ], "texture": "#extra" },
				"east": { "uv": [ 0, 5.5, 16, 16 ], "texture": "#extra" }
			}
		},
		{
			"__comment": "Top",
			"from": [ 0.0625, 16, 0 ],
			"to": [ 0.125, 26.5, 16 ],
			"faces": {
				"west": { "uv": [ 16, 5.5, 0, 16 ], "texture": "#extra" },
				"east": { "uv": [ 0, 5.5, 16, 16 ], "texture": "#extra" }
			}
		},
		{
			"__comment": "Top",
			"from": [ 0.1875, 16, 0 ],
			"to": [ 0.25, 26.5, 16 ],
			"faces": {
				"west": { "uv": [ 16, 5.5, 0, 16 ], "texture": "#extra" },
				"east": { "uv": [ 0, 5.5, 16, 16 ], "texture": "#extra" }
			}
		},
		{
			"__comment": "Top",
			"from": [ 0.3125, 16, 0 ],
			"to": [ 0.375, 26.5, 16 ],
			"faces": {
				"west": { "uv": [ 16, 5.5, 0, 16 ], "texture": "#extra" },
				"east": { "uv": [ 0, 5.5, 16, 16 ], "texture": "#extra" }
			}
		},
		{
			"__comment": "Top",
			"from": [ 0.499, 16, 0 ],
			"to": [ 0.5, 26.5, 16 ],
			"faces": {
				"west": { "uv": [ 16, 5.5, 0, 16 ], "texture": "#extra" },
				"east": { "uv": [ 0, 5.5, 16, 16 ], "texture": "#extra" }
			}
		},
		{
			"__comment": "Top",
			"from": [ 0.5, 16, 0 ],
			"to": [ 0.625, 26.5, 16 ],
			"faces": {
				"west": { "uv": [ 16, 5.5, 0, 16 ], "texture": "#extra" },
				"east": { "uv": [ 0, 5.5, 16, 16 ], "texture": "#extra" }
			}
		},
		{
			"__comment": "Top",
			"from": [ 0.6875, 16, 0 ],
			"to": [ 0.75, 26.5, 16 ],
			"faces": {
				"west": { "uv": [ 16, 5.5, 0, 16 ], "texture": "#extra" },
				"east": { "uv": [ 0, 5.5, 16, 16 ], "texture": "#extra" }
			}
		},
		{
			"__comment": "Top",
			"from": [ 0.8125, 16, 0 ],
			"to": [ 0.875, 26.5, 16 ],
			"faces": {
				"west": { "uv": [ 16, 5.5, 0, 16 ], "texture": "#extra" },
				"east": { "uv": [ 0, 5.5, 16, 16 ], "texture": "#extra" }
			}
		},
		{
			"__comment": "Top",
			"from": [ 0.9375, 16, 0 ],
			"to": [ 1, 26.5, 16 ],
			"faces": {
				"west": { "uv": [ 16, 5.5, 0, 16 ], "texture": "#extra" },
				"east": { "uv": [ 0, 5.5, 16, 16 ], "texture": "#extra" }
			}
		},
		{
			"__comment": "Top",
			"from": [ 1.0625, 16, 0 ],
			"to": [ 1.125, 26.5, 16 ],
			"faces": {
				"west": { "uv": [ 16, 5.5, 0, 16 ], "texture": "#extra" },
				"east": { "uv": [ 0, 5.5, 16, 16 ], "texture": "#extra" }
			}
		},
		{
			"__comment": "Top",
			"from": [ 1.1875, 16, 0 ],
			"to": [ 1.25, 26.5, 16 ],
			"faces": {
				"west": { "uv": [ 16, 5.5, 0, 16 ], "texture": "#extra" },
				"east": { "uv": [ 0, 5.5, 16, 16 ], "texture": "#extra" }
			}
		},
		{
			"__comment": "Top",
			"from": [ 1.3125, 16, 0 ],
			"to": [ 1.375, 26.5, 16 ],
			"faces": {
				"west": { "uv": [ 16, 5.5, 0, 16 ], "texture": "#extra" },
				"east": { "uv": [ 0, 5.5, 16, 16 ], "texture": "#extra" }
			}
		},
		{
			"__comment": "Base*",
			"from": [ 1.5, 0, 16 ],
			"to": [ 3, 16, 16.001 ],
			"faces": {
				"north": { "uv": [ 1.5, 0, 0, 16 ], "texture": "#top" },
				"south": { "uv": [ 1.5, 0, 0, 16 ], "texture": "#top" }
			}
		},
		{
			"__comment": "Base*",
			"from": [ 1.5, 0, 0 ],
			"to": [ 3, 16, 0.001 ],
			"faces": {
				"north": { "uv": [ 0, 0, 1.5, 16 ], "texture": "#top" },
				"south": { "uv": [ 1.5, 0, 0, 16 ], "texture": "#top" }
			}
		},
		{
			"__comment": "Base*",
			"from": [ 3, 0, 0 ],
			"to": [ 3.0625, 16, 16 ],
			"faces": {
				"west": { "uv": [ 16, 0, 0, 16 ], "texture": "#top" },
				"east": { "uv": [ 0, 0, 16, 16 ], "texture": "#top" }
			}
		},
		{
			"__comment": "Base*",
			"from": [ 2.875, 0, 0 ],
			"to": [ 2.9375, 16, 16 ],
			"faces": {
				"west": { "uv": [ 16, 0, 0, 16 ], "texture": "#top" },
				"east": { "uv": [ 0, 0, 16, 16 ], "texture": "#top" }
			}
		},
		{
			"__comment": "Base*",
			"from": [ 2.75, 0, 0 ],
			"to": [ 2.8125, 16, 16 ],
			"faces": {
				"west": { "uv": [ 16, 0, 0, 16 ], "texture": "#top" },
				"east": { "uv": [ 0, 0, 16, 16 ], "texture": "#top" }
			}
		},
		{
			"__comment": "Base*",
			"from": [ 2.625, 0, 0 ],
			"to": [ 2.6875, 16, 16 ],
			"faces": {
				"west": { "uv": [ 16, 0, 0, 16 ], "texture": "#top" },
				"east": { "uv": [ 0, 0, 16, 16 ], "texture": "#top" }
			}
		},
		{
			"__comment": "Base*",
			"from": [ 2.5, 0, 0 ],
			"to": [ 2.501, 16, 16 ],
			"faces": {
				"west": { "uv": [ 16, 0, 0, 16 ], "texture": "#top" },
				"east": { "uv": [ 0, 0, 16, 16 ], "texture": "#top" }
			}
		},
		{
			"__comment": "Base*",
			"from": [ 2.375, 0, 0 ],
			"to": [ 2.5, 16, 16 ],
			"faces": {
				"west": { "uv": [ 16, 0, 0, 16 ], "texture": "#top" },
				"east": { "uv": [ 0, 0, 16, 16 ], "texture": "#top" }
			}
		},
		{
			"__comment": "Base*",
			"from": [ 2.25, 0, 0 ],
			"to": [ 2.3125, 16, 16 ],
			"faces": {
				"west": { "uv": [ 16, 0, 0, 16 ], "texture": "#top" },
				"east": { "uv": [ 0, 0, 16, 16 ], "texture": "#top" }
			}
		},
		{
			"__comment": "Base*",
			"from": [ 2.125, 0, 0 ],
			"to": [ 2.1875, 16, 16 ],
			"faces": {
				"west": { "uv": [ 16, 0, 0, 16 ], "texture": "#top" },
				"east": { "uv": [ 0, 0, 16, 16 ], "texture": "#top" }
			}
		},
		{
			"__comment": "Base*",
			"from": [ 2, 0, 0 ],
			"to": [ 2.0625, 16, 16 ],
			"faces": {
				"west": { "uv": [ 16, 0, 0, 16 ], "texture": "#top" },
				"east": { "uv": [ 0, 0, 16, 16 ], "texture": "#top" }
			}
		},
		{
			"__comment": "Base*",
			"from": [ 1.875, 0, 0 ],
			"to": [ 1.9375, 16, 16 ],
			"faces": {
				"west": { "uv": [ 16, 0, 0, 16 ], "texture": "#top" },
				"east": { "uv": [ 0, 0, 16, 16 ], "texture": "#top" }
			}
		},
		{
			"__comment": "Base*",
			"from": [ 1.75, 0, 0 ],
			"to": [ 1.8125, 16, 16 ],
			"faces": {
				"west": { "uv": [ 16, 0, 0, 16 ], "texture": "#top" },
				"east": { "uv": [ 0, 0, 16, 16 ], "texture": "#top" }
			}
		},
		{
			"__comment": "Base*",
			"from": [ 1.625, 0, 0 ],
			"to": [ 1.6875, 16, 16 ],
			"faces": {
				"west": { "uv": [ 16, 0, 0, 16 ], "texture": "#top" },
				"east": { "uv": [ 0, 0, 16, 16 ], "texture": "#top" }
			}
		},
		{
			"__comment": "Base*",
			"from": [ 1.5, 0, 0 ],
			"to": [ 1.501, 16, 16 ],
			"faces": {
				"west": { "uv": [ 16, 0, 0, 16 ], "texture": "#top" },
				"east": { "uv": [ 0, 0, 16, 16 ], "texture": "#top" }
			}
		},
		{
			"__comment": "Top",
			"from": [ 1.5, 16, -0.0009999999 ],
			"to": [ 3, 26.5, 1.164153E-10 ],
			"faces": {
				"north": { "uv": [ 14.5, 5.5, 16, 16 ], "texture": "#extra" }
			}
		},
		{
			"__comment": "Top",
			"from": [ 1.4375, 16, 0 ],
			"to": [ 1.5, 26.5, 16 ],
			"faces": {
				"west": { "uv": [ 16, 5.5, 0, 16 ], "texture": "#extra" },
				"east": { "uv": [ 0, 5.5, 16, 16 ], "texture": "#extra" }
			}
		},
		{
			"__comment": "Top",
			"from": [ 1.5625, 16, 0 ],
			"to": [ 1.625, 26.5, 16 ],
			"faces": {
				"west": { "uv": [ 16, 5.5, 0, 16 ], "texture": "#extra" },
				"east": { "uv": [ 0, 5.5, 16, 16 ], "texture": "#extra" }
			}
		},
		{
			"__comment": "Top",
			"from": [ 1.6875, 16, 0 ],
			"to": [ 1.75, 26.5, 16 ],
			"faces": {
				"west": { "uv": [ 16, 5.5, 0, 16 ], "texture": "#extra" },
				"east": { "uv": [ 0, 5.5, 16, 16 ], "texture": "#extra" }
			}
		},
		{
			"__comment": "Top",
			"from": [ 1.8125, 16, 0 ],
			"to": [ 1.875, 26.5, 16 ],
			"faces": {
				"west": { "uv": [ 16, 5.5, 0, 16 ], "texture": "#extra" },
				"east": { "uv": [ 0, 5.5, 16, 16 ], "texture": "#extra" }
			}
		},
		{
			"__comment": "Top",
			"from": [ 1.999, 16, 0 ],
			"to": [ 2, 26.5, 16 ],
			"faces": {
				"west": { "uv": [ 16, 5.5, 0, 16 ], "texture": "#extra" },
				"east": { "uv": [ 0, 5.5, 16, 16 ], "texture": "#extra" }
			}
		},
		{
			"__comment": "Top",
			"from": [ 2, 16, 0 ],
			"to": [ 2.125, 26.5, 16 ],
			"faces": {
				"west": { "uv": [ 16, 5.5, 0, 16 ], "texture": "#extra" },
				"east": { "uv": [ 0, 5.5, 16, 16 ], "texture": "#extra" }
			}
		},
		{
			"__comment": "Top",
			"from": [ 2.1875, 16, 0 ],
			"to": [ 2.25, 26.5, 16 ],
			"faces": {
				"west": { "uv": [ 16, 5.5, 0, 16 ], "texture": "#extra" },
				"east": { "uv": [ 0, 5.5, 16, 16 ], "texture": "#extra" }
			}
		},
		{
			"__comment": "Top",
			"from": [ 2.3125, 16, 0 ],
			"to": [ 2.375, 26.5, 16 ],
			"faces": {
				"west": { "uv": [ 16, 5.5, 0, 16 ], "texture": "#extra" },
				"east": { "uv": [ 0, 5.5, 16, 16 ], "texture": "#extra" }
			}
		},
		{
			"__comment": "Top",
			"from": [ 2.4375, 16, 0 ],
			"to": [ 2.5, 26.5, 16 ],
			"faces": {
				"west": { "uv": [ 16, 5.5, 0, 16 ], "texture": "#extra" },
				"east": { "uv": [ 0, 5.5, 16, 16 ], "texture": "#extra" }
			}
		},
		{
			"__comment": "Top",
			"from": [ 2.5625, 16, 0 ],
			"to": [ 2.625, 26.5, 16 ],
			"faces": {
				"west": { "uv": [ 16, 5.5, 0, 16 ], "texture": "#extra" },
				"east": { "uv": [ 0, 5.5, 16, 16 ], "texture": "#extra" }
			}
		},
		{
			"__comment": "Top",
			"from": [ 2.6875, 16, 0 ],
			"to": [ 2.75, 26.5, 16 ],
			"faces": {
				"west": { "uv": [ 16, 5.5, 0, 16 ], "texture": "#extra" },
				"east": { "uv": [ 0, 5.5, 16, 16 ], "texture": "#extra" }
			}
		},
		{
			"__comment": "Top",
			"from": [ 2.8125, 16, 0 ],
			"to": [ 2.875, 26.5, 16 ],
			"faces": {
				"west": { "uv": [ 16, 5.5, 0, 16 ], "texture": "#extra" },
				"east": { "uv": [ 0, 5.5, 16, 16 ], "texture": "#extra" }
			}
		},
		{
			"__comment": "Base*",
			"from": [ 0, 0, 16 ],
			"to": [ 1.5, 16, 16.001 ],
			"faces": {
				"north": { "uv": [ 1.5, 0, 0, 16 ], "texture": "#top" },
				"south": { "uv": [ 0, 0, 1.5, 16 ], "texture": "#top" }
			}
		},
		{
			"__comment": "Base*",
			"from": [ 0, 0, 0 ],
			"to": [ 1.5, 16, 0.001 ],
			"faces": {
				"north": { "uv": [ 1.5, 0, 0, 16 ], "texture": "#top" },
				"south": { "uv": [ 0, 0, 1.5, 16 ], "texture": "#top" }
			}
		},
		{
			"__comment": "Base*",
			"from": [ 1.5, 0, 0 ],
			"to": [ 1.5625, 16, 16 ],
			"faces": {
				"west": { "uv": [ 16, 0, 0, 16 ], "texture": "#top" },
				"east": { "uv": [ 0, 0, 16, 16 ], "texture": "#top" }
			}
		},
		{
			"__comment": "Base*",
			"from": [ 1.375, 0, 0 ],
			"to": [ 1.4375, 16, 16 ],
			"faces": {
				"west": { "uv": [ 16, 0, 0, 16 ], "texture": "#top" },
				"east": { "uv": [ 0, 0, 16, 16 ], "texture": "#top" }
			}
		},
		{
			"__comment": "Base*",
			"from": [ 1.25, 0, 0 ],
			"to": [ 1.3125, 16, 16 ],
			"faces": {
				"west": { "uv": [ 16, 0, 0, 16 ], "texture": "#top" },
				"east": { "uv": [ 0, 0, 16, 16 ], "texture": "#top" }
			}
		},
		{
			"__comment": "Base*",
			"from": [ 1.125, 0, 0 ],
			"to": [ 1.1875, 16, 16 ],
			"faces": {
				"west": { "uv": [ 16, 0, 0, 16 ], "texture": "#top" },
				"east": { "uv": [ 0, 0, 16, 16 ], "texture": "#top" }
			}
		},
		{
			"__comment": "Base*",
			"from": [ 1, 0, 0 ],
			"to": [ 1.001, 16, 16 ],
			"faces": {
				"west": { "uv": [ 16, 0, 0, 16 ], "texture": "#top" },
				"east": { "uv": [ 0, 0, 16, 16 ], "texture": "#top" }
			}
		},
		{
			"__comment": "Base*",
			"from": [ 0.875, 0, 0 ],
			"to": [ 1, 16, 16 ],
			"faces": {
				"west": { "uv": [ 16, 0, 0, 16 ], "texture": "#top" },
				"east": { "uv": [ 0, 0, 16, 16 ], "texture": "#top" }
			}
		},
		{
			"__comment": "Base*",
			"from": [ 0.75, 0, 0 ],
			"to": [ 0.8125, 16, 16 ],
			"faces": {
				"west": { "uv": [ 16, 0, 0, 16 ], "texture": "#top" },
				"east": { "uv": [ 0, 0, 16, 16 ], "texture": "#top" }
			}
		},
		{
			"__comment": "Base*",
			"from": [ 0.625, 0, 0 ],
			"to": [ 0.6875, 16, 16 ],
			"faces": {
				"west": { "uv": [ 16, 0, 0, 16 ], "texture": "#top" },
				"east": { "uv": [ 0, 0, 16, 16 ], "texture": "#top" }
			}
		},
		{
			"__comment": "Base*",
			"from": [ 0.5, 0, 0 ],
			"to": [ 0.5625, 16, 16 ],
			"faces": {
				"west": { "uv": [ 16, 0, 0, 16 ], "texture": "#top" },
				"east": { "uv": [ 0, 0, 16, 16 ], "texture": "#top" }
			}
		},
		{
			"__comment": "Base*",
			"from": [ 0.375, 0, 0 ],
			"to": [ 0.4375, 16, 16 ],
			"faces": {
				"west": { "uv": [ 16, 0, 0, 16 ], "texture": "#top" },
				"east": { "uv": [ 0, 0, 16, 16 ], "texture": "#top" }
			}
		},
		{
			"__comment": "Base*",
			"from": [ 0.25, 0, 0 ],
			"to": [ 0.3125, 16, 16 ],
			"faces": {
				"west": { "uv": [ 16, 0, 0, 16 ], "texture": "#top" },
				"east": { "uv": [ 0, 0, 16, 16 ], "texture": "#top" }
			}
		},
		{
			"__comment": "Base*",
			"from": [ 0.125, 0, 0 ],
			"to": [ 0.1875, 16, 16 ],
			"faces": {
				"west": { "uv": [ 16, 0, 0, 16 ], "texture": "#top" },
				"east": { "uv": [ 0, 0, 16, 16 ], "texture": "#top" }
			}
		},
		{
			"__comment": "Base*",
			"from": [ 0, 0, 0 ],
			"to": [ 0.001, 16, 16 ],
			"faces": {
				"west": { "uv": [ 16, 0, 0, 16 ], "texture": "#top" },
				"east": { "uv": [ 0, 0, 16, 16 ], "texture": "#top" }
			}
		},
		{
			"__comment": "Top",
			"from": [ 1.5, 16, -0.0009999999 ],
			"to": [ 3, 26.5, 1.164153E-10 ],
			"faces": {
				"north": { "uv": [ 0, 0, 1.5, 10.5 ], "texture": "#extra" }
			}
		},
		{
			"__comment": "Top",
			"from": [ 0, 16, -0.0009999999 ],
			"to": [ 1.5, 26.5, 1.164153E-10 ],
			"faces": {
				"north": { "uv": [ 16, 5.5, 14.5, 16 ], "texture": "#extra" }
			}
		}
	]
}