{
	"__comment": "Conquest Reforged",
	"parent": "block/tinted_cross",
	"textures": {
		"cross": "block/grass",
		"roots": "block/grassroots",
		"particle": "block/grass"
	},
	"elements": [ 	 
		{
			"__comment": "PlaneZ1",
			"from": [ 1, -2.5, 10 ],
			"to": [ 17, 13.5, 10.001 ],
			"rotation": { "origin": [ 1, -18.5, 10 ], "axis": "y", "angle": -22.5 },
			"faces": {
				"north": { "uv": [ 0, 0, 16, 15.5 ], "texture": "#cross", "tintindex": 0 },
				"south": { "uv": [ 0, 0, 16, 16 ], "texture": "#cross", "tintindex": 0 }
			}
		},
		{
			"__comment": "PlaneZ1",
			"from": [ 0.875, -15.125, 9.875 ],
			"to": [ 16.875, -2.125, 9.876 ],
			"rotation": { "origin": [ 0.875, -15.125, 9.875 ], "axis": "y", "angle": -22.5 },
			"faces": {
				"north": { "uv": [ 16, 3, 0, 16 ], "texture": "#roots", "tintindex": 0 },
				"south": { "uv": [ 16, 3, 0, 16 ], "texture": "#roots", "tintindex": 0 }
			}
		},
		{
			"__comment": "PlaneZ1",
			"from": [ 7.5, 0, 13.5 ],
			"to": [ 23.5, 16, 13.501 ],
			"rotation": { "origin": [ 7.5, 0, 13.5 ], "axis": "y", "angle": 45 },
			"faces": {
				"north": { "uv": [ 0, 0, 16, 16 ], "texture": "#cross", "tintindex": 0 },
				"south": { "uv": [ 0, 0, 16, 16 ], "texture": "#cross", "tintindex": 0 }
			}
		},
		{
			"__comment": "PlaneZ1",
			"from": [ 7.5, 0, 2.5 ],
			"to": [ 23.5, 16, 2.501 ],
			"rotation": { "origin": [ 7.5, 0, 2.5 ], "axis": "y", "angle": -45 },
			"faces": {
				"north": { "uv": [ 0, 0, 16, 15.5 ], "texture": "#cross", "tintindex": 0 },
				"south": { "uv": [ 0, 0, 16, 16 ], "texture": "#cross", "tintindex": 0 }
			}
		},
		{
			"__comment": "PlaneZ1",
			"from": [ 7.25, -15.625, 2.375 ],
			"to": [ 23.25, 0.375, 2.376 ],
			"rotation": { "origin": [ 7.25, -15.625, 2.375 ], "axis": "y", "angle": -45 },
			"faces": {
				"north": { "uv": [ 16, 3, 0, 16 ], "texture": "#roots", "tintindex": 0 },
				"south": { "uv": [ 16, 3, 0, 16 ], "texture": "#roots", "tintindex": 0 }
			}
		},
		{
			"__comment": "PlaneZ1",
			"from": [ 7.375, -15.625, 13.375 ],
			"to": [ 23.375, 0.375, 13.376 ],
			"rotation": { "origin": [ 7.375, -15.625, 13.375 ], "axis": "y", "angle": 45 },
			"faces": {
				"north": { "uv": [ 16, 3, 0, 16 ], "texture": "#roots", "tintindex": 0 },
				"south": { "uv": [ 16, 3, 0, 16 ], "texture": "#roots", "tintindex": 0 }
			}
		},
		{
			"__comment": "PlaneZ1",
			"from": [ -7.2782, 0, 4.0282 ],
			"to": [ 8.7218, 16, 4.0292 ],
			"rotation": { "origin": [ 0.5, -16, -3.75 ], "axis": "y", "angle": 22.5 },
			"faces": {
				"north": { "uv": [ 0, 0, 16, 16 ], "texture": "#cross", "tintindex": 0 },
				"south": { "uv": [ 0, 0, 16, 16 ], "texture": "#cross", "tintindex": 0 }
			}
		},
		{
			"__comment": "PlaneZ1",
			"from": [ -7.4032, -15.625, 3.9032 ],
			"to": [ 8.5968, 0.375, 3.9042 ],
			"rotation": { "origin": [ 0.375, -15.625, -3.875 ], "axis": "y", "angle": 22.5 },
			"faces": {
				"north": { "uv": [ 16, 3, 0, 16 ], "texture": "#roots", "tintindex": 0 },
				"south": { "uv": [ 16, 3, 0, 16 ], "texture": "#roots", "tintindex": 0 }
			}
		},
		{
			"__comment": "PlaneZ1",
			"from": [ 5.4408, -15.125, 5.0338 ],
			"to": [ 5.4418, -2.125, 20.84772 ],
			"rotation": { "origin": [ 5.375, -15.125, 20.875 ], "axis": "y", "angle": -22.5 },
			"faces": {
				"west": { "uv": [ 16, 3, 0, 16 ], "texture": "#roots", "tintindex": 0 },
				"east": { "uv": [ 16, 3, 0, 16 ], "texture": "#roots", "tintindex": 0 }
			}
		},
		{
			"__comment": "PlaneZ1",
			"from": [ 5.5, -2.5, 5 ],
			"to": [ 5.501, 13.5, 21 ],
			"rotation": { "origin": [ 5.5, -18.5, 21 ], "axis": "y", "angle": -22.5 },
			"faces": {
				"west": { "uv": [ 0, 0, 16, 15.5 ], "texture": "#cross", "tintindex": 0 },
				"east": { "uv": [ 0, 0, 16, 16 ], "texture": "#cross", "tintindex": 0 }
			}
		},
		{
			"__comment": "PlaneZ1",
			"from": [ 4.2782, 0, -1.7218 ],
			"to": [ 4.2792, 16, 14.2782 ],
			"rotation": { "origin": [ -3.5, -16, 6.5 ], "axis": "y", "angle": 22.5 },
			"faces": {
				"west": { "uv": [ 0, 0, 16, 16 ], "texture": "#cross", "tintindex": 0 },
				"east": { "uv": [ 0, 0, 16, 16 ], "texture": "#cross", "tintindex": 0 }
			}
		},
		{
			"__comment": "PlaneZ1",
			"from": [ 4.1532, -15.625, -1.8468 ],
			"to": [ 4.1542, 0.375, 14.1532 ],
			"rotation": { "origin": [ -3.625, -15.625, 6.375 ], "axis": "y", "angle": 22.5 },
			"faces": {
				"west": { "uv": [ 16, 3, 0, 16 ], "texture": "#roots", "tintindex": 0 },
				"east": { "uv": [ 16, 3, 0, 16 ], "texture": "#roots", "tintindex": 0 }
			}
		}
	]
}