{
	"__comment": "Designed by Monsterfish_ with Cubik Studio - https://cubik.studio",
	"parent": "block/cube_all",
	"textures": {
		"particle": "block/grass_path_top",
		"texture": "block/grass_path_top"
	},
	"elements": [
		{
			"__comment": "Cube1",
			"from": [ 0, 0, 0 ],
			"to": [ 16, 15, 16 ],
			"faces": {
				"down": { "uv": [ 0, 0, 16, 16 ], "texture": "#texture" },
				"up": { "uv": [ 0, 0, 16, 16 ], "texture": "#texture" },
				"north": { "uv": [ 0, 0, 16, 16 ], "texture": "#texture" },
				"south": { "uv": [ 0, 0, 16, 16 ], "texture": "#texture" },
				"west": { "uv": [ 0, 0, 16, 16 ], "texture": "#texture" },
				"east": { "uv": [ 0, 0, 16, 16 ], "texture": "#texture" }
			}
		}
	]
}