{
	"__comment": "Designed by Monsterfish_ with Cubik Studio - https://cubik.studio",
	"parent": "block/block",
	"textures": {
		"particle": "block/dirt",
		"bettergrass": "block/best_grass",
		"top": "block/grass_top",
		"bottom": "block/dirt",
		"side": "block/grass_side",
		"overlay": "block/grass_side_overlay",
		"center": "block/best_grass_extra"
	},
	"elements": [ 	 
		{
			"__comment": "Element",
			"from": [ 0, 0, 0 ],
			"to": [ 16, 16, 16 ],
			"faces": {
				"down": { "uv": [ 0, 0, 16, 16 ], "texture": "#bottom", "cullface": "down" },
				"up": { "uv": [ 0, 0, 16, 16 ], "texture": "#top", "cullface": "up", "tintindex": 0 },
				"north": { "uv": [ 0, 0, 16, 16 ], "texture": "#side", "cullface": "north" },
				"south": { "uv": [ 0, 0, 16, 16 ], "texture": "#side", "cullface": "south" },
				"west": { "uv": [ 0, 0, 16, 16 ], "texture": "#side", "cullface": "west" },
				"east": { "uv": [ 0, 0, 16, 16 ], "texture": "#side", "cullface": "east" }
			}
		},
		{
			"__comment": "Element",
			"from": [ 0, 0, 0 ],
			"to": [ 16, 16, 16 ],
			"faces": {
				"north": { "uv": [ 0, 0, 16, 16 ], "texture": "#overlay", "cullface": "north", "tintindex": 0 },
				"south": { "uv": [ 0, 0, 16, 16 ], "texture": "#overlay", "cullface": "south", "tintindex": 0 },
				"west": { "uv": [ 0, 0, 16, 16 ], "texture": "#overlay", "cullface": "west", "tintindex": 0 },
				"east": { "uv": [ 0, 0, 16, 16 ], "texture": "#overlay", "cullface": "east", "tintindex": 0 }
			}
		},
		{
			"__comment": "PlaneY8",
			"from": [ 3.5, 16.625, 3 ],
			"to": [ 13.5, 16.626, 12.5 ],
			"shade": false,
			"faces": {
				"up": { "uv": [ 3.5, 3, 13.5, 12.5 ], "texture": "#center", "cullface": "up", "tintindex": 0 }
			}
		},
		{
			"__comment": "PlaneY8",
			"from": [ 11.625, 16.5, 0 ],
			"to": [ 18.625, 16.501, 16 ],
			"shade": false,
			"faces": {
				"up": { "uv": [ 0, 9, 16, 16 ], "texture": "#bettergrass", "cullface": "up", "rotation": 90, "tintindex": 0 }
			}
		},
		{
			"__comment": "PlaneY8",
			"from": [ 0, 16.1803, -2.4934 ],
			"to": [ 16, 16.1813, 4.5066 ],
			"shade": false,
			"faces": {
				"up": { "uv": [ 0, 9, 16, 16 ], "texture": "#bettergrass", "cullface": "up", "tintindex": 0 }
			}
		},
		{
			"__comment": "PlaneY8",
			"from": [ -2.6183, 16.8053, 0 ],
			"to": [ 4.3817, 16.8063, 16 ],
			"shade": false,
			"faces": {
				"up": { "uv": [ 0, 9, 16, 16 ], "texture": "#bettergrass", "cullface": "up", "rotation": 270, "tintindex": 0 }
			}
		},
		{
			"__comment": "PlaneY8",
			"from": [ 0, 16.625, 11.625 ],
			"to": [ 16, 16.626, 18.625 ],
			"shade": false,
			"faces": {
				"up": { "uv": [ 0, 16, 16, 9 ], "texture": "#bettergrass", "cullface": "up", "tintindex": 0 }
			}
		}
	],
	"display": {
		"thirdperson_righthand": {
			"rotation":  [ 75, 45, 0 ],
			"translation":  [ 0, 2.5, 0 ],
			"scale":  [ 0.375, 0.375, 0.375 ]
		},
		"thirdperson_lefthand": {
			"rotation":  [ 75, 45, 0 ],
			"translation":  [ 0, 2.5, 0 ],
			"scale":  [ 0.375, 0.375, 0.375 ]
		},
		"firstperson_righthand": {
			"rotation":  [ 0, 45, 0 ],
			"scale":  [ 0.4, 0.4, 0.4 ]
		},
		"firstperson_lefthand": {
			"rotation":  [ 0, 45, 0 ],
			"scale":  [ 0.4, 0.4, 0.4 ]
		},
		"gui": {
			"rotation":  [ 30, 225, 0 ],
			"scale":  [ 0.625, 0.625, 0.625 ]
		},
		"ground": {
			"translation":  [ 0, 3, 0 ],
			"scale":  [ 0.25, 0.25, 0.25 ]
		},
		"fixed": {
			"scale":  [ 0.5, 0.5, 0.5 ]
		}
	}
}