{
	"__comment": "Conquest Reforged",
	"ambientocclusion": false,
	"textures": {
		"0": "block/lectern_front",
		"1": "block/lectern_base",
		"2": "block/lectern_top",
		"3": "block/lectern_sides",
		"4": "block/lectern_bottom",
		"particle": "block/lectern_front"
	},
	"elements": [ 	 
		{
			"__comment": "Element",
			"from": [ 10, 1.5, 10.25 ],
			"to": [ 13, 16, 12.75 ],
			"faces": {
				"up": { "uv": [ 10, 6.5, 13, 4 ], "texture": "#1", "cullface": "up" },
				"north": { "uv": [ 14, 0.5, 11, 14.5 ], "texture": "#0" },
				"south": { "uv": [ 14, 0.5, 11, 14.5 ], "texture": "#0" },
				"west": { "uv": [ 14, 0.5, 11, 14.5 ], "texture": "#0" },
				"east": { "uv": [ 11, 0.5, 14, 14.5 ], "texture": "#0" }
			}
		},
		{
			"__comment": "Element",
			"from": [ 10.5312, 10.9688, 9.5 ],
			"to": [ 13.0312, 16.5938, 11.5 ],
			"rotation": { "origin": [ 9, 7.5, 10.5 ], "axis": "x", "angle": 22.5 },
			"faces": {
				"south": { "uv": [ 8, 11, 5.5, 16 ], "texture": "#3", "cullface": "up" },
				"west": { "uv": [ 5.5, 11, 8, 16 ], "texture": "#3", "cullface": "up" },
				"east": { "uv": [ 5.5, 11, 8, 16 ], "texture": "#3", "cullface": "up" }
			}
		},
		{
			"__comment": "Element",
			"from": [ 0, 0, 0 ],
			"to": [ 16, 2, 16 ],
			"faces": {
				"down": { "uv": [ 0, 16, 16, 0 ], "texture": "#1", "cullface": "down", "rotation": 270 },
				"up": { "uv": [ 0, 16, 16, 0 ], "texture": "#1", "rotation": 90 },
				"north": { "uv": [ 16, 6, 0, 8 ], "texture": "#3", "cullface": "north" },
				"south": { "uv": [ 16, 6, 0, 8 ], "texture": "#3", "cullface": "south" },
				"west": { "uv": [ 16, 4, 0, 6 ], "texture": "#3", "cullface": "west" },
				"east": { "uv": [ 16, 4, 0, 6 ], "texture": "#3", "cullface": "east" }
			}
		},
		{
			"__comment": "Element",
			"from": [ 3, 1.5, 9.75 ],
			"to": [ 6, 16.0625, 12.75 ],
			"faces": {
				"up": { "uv": [ 3, 7, 6, 4 ], "texture": "#1", "cullface": "up" },
				"north": { "uv": [ 14, 0.5, 11, 14.5 ], "texture": "#0" },
				"south": { "uv": [ 11, 0.5, 14, 14.5 ], "texture": "#0" },
				"west": { "uv": [ 14, 0.5, 11, 14.5 ], "texture": "#0" },
				"east": { "uv": [ 11, 0.5, 14, 14.5 ], "texture": "#0" }
			}
		},
		{
			"__comment": "Element",
			"from": [ 0, 12.7188, 0 ],
			"to": [ 16, 16.7188, 16 ],
			"rotation": { "origin": [ 8, 14, 8 ], "axis": "x", "angle": -22.5 },
			"faces": {
				"down": { "uv": [ 0, 16, 16, 0 ], "texture": "#4" },
				"up": { "uv": [ 16, 16, 0, 0 ], "texture": "#2" },
				"north": { "uv": [ 16, 0, 0, 4 ], "texture": "#3" },
				"south": { "uv": [ 16, 0, 0, 4 ], "texture": "#3" },
				"west": { "uv": [ 16, 0, 0, 4 ], "texture": "#3" },
				"east": { "uv": [ 16, 0, 0, 4 ], "texture": "#3" }
			}
		},
		{
			"__comment": "Element",
			"from": [ 10, 1.5, 4 ],
			"to": [ 13, 14, 6.5 ],
			"faces": {
				"north": { "uv": [ 11, 2, 14, 14.563 ], "texture": "#0" },
				"south": { "uv": [ 11, 2, 14, 14.563 ], "texture": "#0" },
				"west": { "uv": [ 11, 2, 14, 14.563 ], "texture": "#0" },
				"east": { "uv": [ 14, 2, 11, 14.563 ], "texture": "#0" }
			}
		},
		{
			"__comment": "Element",
			"from": [ 3, 1.5, 3.5 ],
			"to": [ 6, 14.0625, 6.5 ],
			"faces": {
				"north": { "uv": [ 14, 2, 11, 14.563 ], "texture": "#0" },
				"south": { "uv": [ 11, 2, 14, 14.563 ], "texture": "#0" },
				"west": { "uv": [ 11, 2, 14, 14.563 ], "texture": "#0" },
				"east": { "uv": [ 14, 2, 11, 14.563 ], "texture": "#0" }
			}
		},
		{
			"__comment": "Element",
			"from": [ 2.5, 8.5, 3.2812 ],
			"to": [ 13.5, 14.78125, 12.99995 ],
			"faces": {
				"down": { "uv": [ 2.5, 13, 13.5, 3 ], "texture": "#4" },
				"up": { "uv": [ 2.5, 13, 13.5, 3 ], "texture": "#1" },
				"north": { "uv": [ 13, 1, 2, 7 ], "texture": "#0" },
				"south": { "uv": [ 13, 1, 2, 7 ], "texture": "#0" },
				"west": { "uv": [ 13, 1, 2, 7 ], "texture": "#0" },
				"east": { "uv": [ 13, 1, 2, 7 ], "texture": "#0" }
			}
		},
		{
			"__comment": "Element",
			"from": [ 3.0625, 2, 1.5 ],
			"to": [ 5.9375, 4, 14.5 ],
			"faces": {
				"up": { "uv": [ 3, 14.5, 6, 1.5 ], "texture": "#1" },
				"north": { "uv": [ 16, 8, 13, 10 ], "texture": "#3" },
				"south": { "uv": [ 16, 8, 13, 10 ], "texture": "#3" },
				"west": { "uv": [ 13, 8, 0, 10 ], "texture": "#3" },
				"east": { "uv": [ 13, 8, 0, 10 ], "texture": "#3" }
			}
		},
		{
			"__comment": "Element",
			"from": [ 10.0625, 2, 1.5 ],
			"to": [ 12.9375, 4, 14.5 ],
			"faces": {
				"up": { "uv": [ 10, 14.5, 13, 1.5 ], "texture": "#1" },
				"north": { "uv": [ 16, 8, 13, 10 ], "texture": "#3" },
				"south": { "uv": [ 16, 8, 13, 10 ], "texture": "#3" },
				"west": { "uv": [ 13, 8, 0, 10 ], "texture": "#3" },
				"east": { "uv": [ 13, 8, 0, 10 ], "texture": "#3" }
			}
		},
		{
			"__comment": "Element",
			"from": [ 3.0312, 10.9688, 9.5 ],
			"to": [ 5.5312, 16.5938, 11.5 ],
			"rotation": { "origin": [ 9, 7.5, 10.5 ], "axis": "x", "angle": 22.5 },
			"faces": {
				"south": { "uv": [ 5.5, 11, 8, 16 ], "texture": "#3", "cullface": "up" },
				"west": { "uv": [ 5.5, 11, 8, 16 ], "texture": "#3", "cullface": "up" },
				"east": { "uv": [ 5.5, 11, 8, 16 ], "texture": "#3", "cullface": "up" }
			}
		}
	],
	
  "display": {
    "gui": {
      "rotation": [ 30, 225, 0 ],
      "translation": [ 0, 0, 0],
      "scale":[ 0.625, 0.625, 0.625 ]
    },
    "ground": {
      "rotation": [ 0, 0, 0 ],
      "translation": [ 0, 3, 0],
      "scale":[ 0.25, 0.25, 0.25 ]
    },
    "fixed": {
      "rotation": [ 0, 0, 0 ],
      "translation": [ 0, 0, 0],
      "scale":[ 0.5, 0.5, 0.5 ]
    },
    "thirdperson_righthand": {
      "rotation": [ 75, 45, 0 ],
      "translation": [ 0, 2.5, 0],
      "scale": [ 0.375, 0.375, 0.375 ]
    },
    "firstperson_righthand": {
      "rotation": [ 0, 45, 0 ],
      "translation": [ 0, 0, 0 ],
      "scale": [ 0.40, 0.40, 0.40 ]
    },
    "firstperson_lefthand": {
      "rotation": [ 0, 225, 0 ],
      "translation": [ 0, 0, 0 ],
      "scale": [ 0.40, 0.40, 0.40 ]
    }
  }


}

