{
	"credit": "Made with Blockbench",
	"parent": "block/block",
	"ambientocclusion": false,
	"textures": {
		"0": "block/loom_top",
		"1": "block/loom_sides",
		"2": "block/loom_front",
		"3": "block/loom_reed",
		"4": "block/loom_back",
		"5": "block/loom_bottom",
		"particle": "block/loom_bottom"
	},
	"elements": [
		{
			"name": "Element",
			"from": [0, 0, 0],
			"to": [16, 16, 16],
			"faces": {
				"north": {"uv": [0, 0, 16, 16], "texture": "#2", "cullface": "north"},
				"east": {"uv": [16, 0, 0, 16], "texture": "#1", "cullface": "east"},
				"south": {"uv": [16, 0, 0, 15.93805], "texture": "#4", "cullface": "south"},
				"west": {"uv": [0, 0, 16, 15.93805], "texture": "#1", "cullface": "west"},
				"up": {"uv": [0, 0, 16, 16], "rotation": 90, "texture": "#missing", "cullface": "up"},
				"down": {"uv": [0, 0, 16, 16], "rotation": 180, "texture": "#5", "cullface": "down"}
			}
		},
		{
			"name": "Element",
			"from": [0.001, 12.74081, 1.12695],
			"to": [15.999, 18.89706, 15.9082],
			"rotation": {"angle": -22.5, "axis": "x", "origin": [7.999, 14.61576, 7.84573]},
			"faces": {
				"east": {"uv": [15.782, 15.657, 1, 9.5], "texture": "#1"},
				"south": {"uv": [0, 8, 15.998, 14.157], "rotation": 180, "texture": "#0"},
				"west": {"uv": [1, 15.657, 15.782, 9.5], "texture": "#1"},
				"up": {"uv": [0, 0, 15.998, 14.78125], "texture": "#0"}
			}
		},
		{
			"name": "Element",
			"from": [-0.001, 15.8432, 7.31705],
			"to": [16.001, 23.8432, 9.56705],
			"faces": {
				"north": {"uv": [0, 7.5, 16, 0], "texture": "#3"},
				"east": {"uv": [0, 12, 8, 14], "rotation": 90, "texture": "#3"},
				"south": {"uv": [16, 7.5, 0, 0], "texture": "#3"},
				"west": {"uv": [0, 12, 8, 14], "rotation": 90, "texture": "#3"},
				"up": {"uv": [0, 14, 16, 16], "rotation": 180, "texture": "#3"}
			}
		}
	]
}