{
	"__comment": "Designed by Monsterfish_ with Cubik Studio - https://cubik.studio",
	"ambientocclusion": false,
	"textures": {
		"particle": "block/comparator_on",
		"slab": "block/stone_slab_top",
		"top": "block/comparator_on",
		"lit": "block/redstone_torch_on",
		"unlit": "block/redstone_torch",
		"top_1": "block/repeater"
	},
	"elements": [
		{
			"from": [ 7, 4, 2 ],
			"to": [ 9, 4.0625, 4 ],
			"faces": {
				"up": { "uv": [ 7, 6, 9, 8 ], "texture": "#lit" }
			}
		},
		{
			"from": [ 7, 0.0625, 1 ],
			"to": [ 9, 8.0625, 5 ],
			"faces": {
				"west": { "uv": [ 6, 2, 10, 10 ], "texture": "#lit" },
				"east": { "uv": [ 6, 2, 10, 10 ], "texture": "#lit" }
			}
		},
		{
			"from": [ 6, 0.0625, 2 ],
			"to": [ 10, 8.0625, 4 ],
			"faces": {
				"north": { "uv": [ 6, 2, 10, 10 ], "texture": "#lit" },
				"south": { "uv": [ 6, 2, 10, 10 ], "texture": "#lit" }
			}
		},
		{
			"from": [ 0, 0, 0 ],
			"to": [ 16, 2, 16 ],
			"faces": {
				"down": { "uv": [ 0, 0, 16, 16 ], "texture": "#slab", "cullface": "down" },
				"up": { "uv": [ 0, 0, 16, 16 ], "texture": "#top_1" },
				"north": { "uv": [ 0, 14, 16, 16 ], "texture": "#slab", "cullface": "north" },
				"south": { "uv": [ 0, 14, 16, 16 ], "texture": "#slab", "cullface": "south" },
				"west": { "uv": [ 0, 14, 16, 16 ], "texture": "#slab", "cullface": "west" },
				"east": { "uv": [ 0, 14, 16, 16 ], "texture": "#slab", "cullface": "east" }
			}
		},
		{
			"from": [ 7, 2, 2 ],
			"to": [ 9, 4, 4 ],
			"faces": {
				"up": { "uv": [ 7, 8.5, 9, 10.5 ], "texture": "#unlit" }
			}
		},
		{
			"from": [ 7, 5, 6.75 ],
			"to": [ 9, 5.0625, 8.75 ],
			"faces": {
				"up": { "uv": [ 7, 6, 9, 8 ], "texture": "#lit" }
			}
		},
		{
			"from": [ 7, 1.0625, 5.75 ],
			"to": [ 9, 9.0625, 9.75 ],
			"faces": {
				"west": { "uv": [ 6, 2, 10, 10 ], "texture": "#lit" },
				"east": { "uv": [ 6, 2, 10, 10 ], "texture": "#lit" }
			}
		},
		{
			"from": [ 6, 1.0625, 6.75 ],
			"to": [ 10, 9.0625, 8.75 ],
			"faces": {
				"north": { "uv": [ 6, 2, 10, 10 ], "texture": "#lit" },
				"south": { "uv": [ 6, 2, 10, 10 ], "texture": "#lit" }
			}
		}
	]
}