{
	"credit": "Made with Blockbench",
			    "parent": "block/cube_all",
	    	"ambientocclusion": false,
	"textures": {
		"2": "block/smoker_front",
		"4": "block/smoker_side",
		"5": "block/smoker_top",
		"6": "block/smoker_bottom",
		"7": "block/smoker_roof",
		"particle": "block/smoker_bottom"
	},
	"elements": [
		{
			"from": [6.97364, 17.37928, 0.002],
			"to": [16.47364, 18.87928, 15.999],
			"rotation": {"angle": -22.5, "axis": "z", "origin": [10.97364, 16.87928, 8]},
			"faces": {
				"north": {"uv": [0, 0, 9.5, 1.5], "texture": "#7"},
				"east": {"uv": [0, 0, 16, 1.5], "texture": "#7"},
				"south": {"uv": [0, 0, 9.5, 1.5], "texture": "#7"},
				"west": {"uv": [0, 0, 4, 15.996], "rotation": 90, "texture": "#missing"},
				"up": {"uv": [0, 0, 15.996, 9.5], "rotation": 270, "texture": "#7"},
				"down": {"uv": [0, 0, 15.996, 9.5], "rotation": 90, "texture": "#7"}
			}
		},
		{
			"from": [-0.38666, 17.37928, 0.001],
			"to": [9.11334, 18.87928, 15.998],
			"rotation": {"angle": 22.5, "axis": "z", "origin": [5.11334, 16.87928, 8]},
			"faces": {
				"north": {"uv": [0, 0, 9.5, 1.5], "rotation": 180, "texture": "#7"},
				"east": {"uv": [0, 0, 4, 15.996], "rotation": 90, "texture": "#missing"},
				"south": {"uv": [0, 0, 9.5, 1.5], "texture": "#7"},
				"west": {"uv": [0, 0, 16, 1.5], "texture": "#7"},
				"up": {"uv": [0, 14.5, 15.996, 5], "rotation": 270, "texture": "#7"},
				"down": {"uv": [0, 5, 15.996, 14.5], "rotation": 90, "texture": "#7"}
			}
		},
		{
			"from": [0, 0, 0],
			"to": [16, 16, 16],
			"faces": {
				"north": {"uv": [0, 0, 16, 16], "texture": "#2"},
				"east": {"uv": [0, 0, 16, 16], "texture": "#4"},
				"south": {"uv": [0, 0, 16, 16], "texture": "#4"},
				"west": {"uv": [0, 0, 16, 16], "texture": "#4"},
				"up": {"uv": [0, 0, 16, 16], "texture": "#5"},
				"down": {"uv": [0, 0, 16, 16], "texture": "#6"}
			}
		}
	]
}