{
	"__comment": "Conquest Reforged",
	"textures": {
		"particle": "block/wolfknocker",
		"texture": "block/wolfknocker"
	},
	"elements": [ 	 
		{
			"__comment": "Element",
			"from": [ 5.5, 0.125, 7.25 ],
			"to": [ 10.5, 2.125, 11.25 ],
			"faces": {
				"down": { "uv": [ 5.5, 6, 10.5, 10 ], "texture": "#texture", "cullface": "down", "rotation": 180 },
				"up": { "uv": [ 5.5, 6, 10.5, 10 ], "texture": "#texture", "rotation": 180 },
				"north": { "uv": [ 5.5, 14, 10.5, 16 ], "texture": "#texture" },
				"south": { "uv": [ 5.5, 14, 10.5, 16 ], "texture": "#texture" },
				"west": { "uv": [ 6, 14, 10, 16 ], "texture": "#texture" },
				"east": { "uv": [ 6, 14, 10, 16 ], "texture": "#texture" }
			}
		},
		{
			"__comment": "Element",
			"from": [ 7.25, 1.2794, 9.685599 ],
			"to": [ 8.75, 3.7794, 11.1856 ],
			"rotation": { "origin": [ 6.125, -0.625, 9.375 ], "axis": "x", "angle": -22.5 },
			"faces": {
				"down": { "uv": [ 7, 7.5, 9, 9 ], "texture": "#texture", "cullface": "down" },
				"up": { "uv": [ 7, 9.5, 9, 8 ], "texture": "#texture" },
				"north": { "uv": [ 7, 8.5, 9, 10.5 ], "texture": "#texture" },
				"south": { "uv": [ 7, 12.5, 9, 14.5 ], "texture": "#texture" },
				"west": { "uv": [ 7, 12.5, 8.5, 14.5 ], "texture": "#texture" },
				"east": { "uv": [ 7.5, 12.5, 9, 14.5 ], "texture": "#texture" }
			}
		},
		{
			"__comment": "Element",
			"from": [ 9, 0.875, 11.25 ],
			"to": [ 10, 1.875, 12.75 ],
			"rotation": { "origin": [ 9, 0.875, 11.25 ], "axis": "x", "angle": -22.5 },
			"faces": {
				"down": { "uv": [ 6, 10, 7, 11.5 ], "texture": "#texture", "cullface": "down", "rotation": 180 },
				"up": { "uv": [ 6, 4.5, 7, 6 ], "texture": "#texture", "rotation": 180 },
				"north": { "uv": [ 6, 14.5, 7, 15.5 ], "texture": "#texture" },
				"south": { "uv": [ 9, 14.5, 10, 15.5 ], "texture": "#texture" },
				"west": { "uv": [ 10, 14.5, 11.5, 15.5 ], "texture": "#texture" },
				"east": { "uv": [ 4.5, 14.5, 6, 15.5 ], "texture": "#texture" }
			}
		},
		{
			"__comment": "Element",
			"from": [ 6, 0.875, 11.25 ],
			"to": [ 7, 1.875, 12.75 ],
			"rotation": { "origin": [ 9, 0.875, 11.25 ], "axis": "x", "angle": -22.5 },
			"faces": {
				"down": { "uv": [ 9, 10, 10, 11.5 ], "texture": "#texture", "cullface": "down", "rotation": 180 },
				"up": { "uv": [ 9, 4.5, 10, 6 ], "texture": "#texture", "rotation": 180 },
				"north": { "uv": [ 9, 14.5, 10, 15.5 ], "texture": "#texture" },
				"south": { "uv": [ 6, 14.5, 7, 15.5 ], "texture": "#texture" },
				"west": { "uv": [ 10, 14.5, 11.5, 15.5 ], "texture": "#texture" },
				"east": { "uv": [ 4.5, 14.5, 6, 15.5 ], "texture": "#texture" }
			}
		},
		{
			"__comment": "Element",
			"from": [ 6.9375, 0.125, 7.75 ],
			"to": [ 9.104166, 3.125, 10.25 ],
			"rotation": { "origin": [ 6.9375, 0.125, 7.75 ], "axis": "x", "angle": -22.5 },
			"faces": {
				"down": { "uv": [ 6.916667, 5.5, 9.083334, 8 ], "texture": "#texture", "cullface": "down", "rotation": 180 },
				"up": { "uv": [ 7, 8.5, 9, 11 ], "texture": "#texture", "rotation": 180 },
				"north": { "uv": [ 6.916667, 13, 9.083334, 16 ], "texture": "#texture" },
				"south": { "uv": [ 6.916666, 13, 9.083333, 16 ], "texture": "#texture" },
				"west": { "uv": [ 5.5, 13, 8, 16 ], "texture": "#texture" },
				"east": { "uv": [ 8, 13, 10.5, 16 ], "texture": "#texture" }
			}
		},
		{
			"__comment": "Element",
			"from": [ 5.5, 0.875, 11.25 ],
			"to": [ 6, 1.875, 12.25 ],
			"rotation": { "origin": [ 9, 0.875, 11.25 ], "axis": "x", "angle": -22.5 },
			"faces": {
				"down": { "uv": [ 10, 10, 10.5, 11 ], "texture": "#texture", "cullface": "down", "rotation": 180 },
				"up": { "uv": [ 10, 5, 10.5, 6 ], "texture": "#texture", "rotation": 180 },
				"north": { "uv": [ 10, 14.5, 10.5, 15.5 ], "texture": "#texture" },
				"south": { "uv": [ 5.5, 14.5, 6, 15.5 ], "texture": "#texture" },
				"west": { "uv": [ 10, 14.5, 11, 15.5 ], "texture": "#texture" },
				"east": { "uv": [ 5, 14.5, 6, 15.5 ], "texture": "#texture" }
			}
		},
		{
			"__comment": "Element",
			"from": [ 10, 0.875, 11.25 ],
			"to": [ 10.5, 1.875, 12.25 ],
			"rotation": { "origin": [ 9, 0.875, 11.25 ], "axis": "x", "angle": -22.5 },
			"faces": {
				"down": { "uv": [ 5.5, 10, 6, 11 ], "texture": "#texture", "cullface": "down", "rotation": 180 },
				"up": { "uv": [ 5.5, 5, 6, 6 ], "texture": "#texture", "rotation": 180 },
				"north": { "uv": [ 5.5, 14.5, 6, 15.5 ], "texture": "#texture" },
				"south": { "uv": [ 10, 14.5, 10.5, 15.5 ], "texture": "#texture" },
				"west": { "uv": [ 10, 14.5, 11, 15.5 ], "texture": "#texture" },
				"east": { "uv": [ 5, 14.5, 6, 15.5 ], "texture": "#texture" }
			}
		},
		{
			"__comment": "Box8",
			"from": [ 4.0529, 8.3295, 7.375 ],
			"to": [ 7.0529, 9.3295, 8.375 ],
			"rotation": { "origin": [ 10.5, 9.125, 10 ], "axis": "z", "angle": 45 },
			"faces": {
				"down": { "uv": [ 9, 4, 6, 3 ], "texture": "#texture" },
				"up": { "uv": [ 7, 11.5, 10, 12.5 ], "texture": "#texture" },
				"north": { "uv": [ 9, 12.5, 6, 11.5 ], "texture": "#texture", "rotation": 180 },
				"south": { "uv": [ 7, 11.5, 10, 12.5 ], "texture": "#texture", "rotation": 180 },
				"west": { "uv": [ 8, 11.5, 9, 12.5 ], "texture": "#texture", "rotation": 270 },
				"east": { "uv": [ 8.5, 11.5, 9.5, 12.5 ], "texture": "#texture", "rotation": 90 }
			}
		},
		{
			"__comment": "Box8",
			"from": [ 3.0528, 6.3295, 7.375 ],
			"to": [ 4.052801, 9.3295, 8.375 ],
			"rotation": { "origin": [ 10.5, 9.125, 10 ], "axis": "z", "angle": 45 },
			"faces": {
				"down": { "uv": [ 5, 10, 4, 9 ], "texture": "#texture" },
				"up": { "uv": [ 4, 9.5, 5, 10.5 ], "texture": "#texture" },
				"north": { "uv": [ 5, 10, 4, 7 ], "texture": "#texture", "rotation": 180 },
				"south": { "uv": [ 4, 7, 5, 10 ], "texture": "#texture", "rotation": 180 },
				"west": { "uv": [ 6.5, 3, 9.5, 4 ], "texture": "#texture", "rotation": 270 },
				"east": { "uv": [ 7, 3, 10, 4 ], "texture": "#texture", "rotation": 90 }
			}
		},
		{
			"__comment": "Box8",
			"from": [ 6.0529, 5.3295, 7.375 ],
			"to": [ 7.0529, 8.3295, 8.375 ],
			"rotation": { "origin": [ 10.5, 9.125, 10 ], "axis": "z", "angle": 45 },
			"faces": {
				"down": { "uv": [ 6, 12.5, 5, 11.5 ], "texture": "#texture" },
				"up": { "uv": [ 11, 10.5, 12, 11.5 ], "texture": "#texture" },
				"north": { "uv": [ 12, 10.5, 11, 7.5 ], "texture": "#texture", "rotation": 180 },
				"south": { "uv": [ 4, 7, 5, 10 ], "texture": "#texture", "rotation": 180 },
				"west": { "uv": [ 6.5, 3, 9.5, 4 ], "texture": "#texture", "rotation": 270 },
				"east": { "uv": [ 6.5, 11.5, 9.5, 12.5 ], "texture": "#texture", "rotation": 90 }
			}
		},
		{
			"__comment": "Box8",
			"from": [ 3.0528, 5.3295, 7.375 ],
			"to": [ 6.052801, 6.3295, 8.375 ],
			"rotation": { "origin": [ 10.5, 9.125, 10 ], "axis": "z", "angle": 45 },
			"faces": {
				"down": { "uv": [ 10, 4, 7, 3 ], "texture": "#texture" },
				"up": { "uv": [ 6.5, 11.5, 9.5, 12.5 ], "texture": "#texture" },
				"north": { "uv": [ 9, 12.5, 6, 11.5 ], "texture": "#texture", "rotation": 180 },
				"south": { "uv": [ 6.5, 11.5, 9.5, 12.5 ], "texture": "#texture", "rotation": 180 },
				"west": { "uv": [ 8.5, 11.5, 9.5, 12.5 ], "texture": "#texture", "rotation": 270 },
				"east": { "uv": [ 8, 11.5, 9, 12.5 ], "texture": "#texture", "rotation": 90 }
			}
		},
		{
			"__comment": "Box8",
			"from": [ 4.0529, 14.9545, 7.375 ],
			"to": [ 7.0529, 15.9545, 8.375 ],
			"rotation": { "origin": [ 10.5, 15.75, 10 ], "axis": "z", "angle": 45 },
			"faces": {
				"down": { "uv": [ 9, 4, 6, 3 ], "texture": "#texture" },
				"up": { "uv": [ 7, 11.5, 10, 12.5 ], "texture": "#texture" },
				"north": { "uv": [ 9, 12.5, 6, 11.5 ], "texture": "#texture", "rotation": 180 },
				"south": { "uv": [ 7, 11.5, 10, 12.5 ], "texture": "#texture", "rotation": 180 },
				"west": { "uv": [ 8, 11.5, 9, 12.5 ], "texture": "#texture", "rotation": 270 },
				"east": { "uv": [ 8.5, 11.5, 9.5, 12.5 ], "texture": "#texture", "rotation": 90 }
			}
		},
		{
			"__comment": "Box8",
			"from": [ 3.0528, 12.9545, 7.375 ],
			"to": [ 4.052801, 15.9545, 8.375 ],
			"rotation": { "origin": [ 10.5, 15.75, 10 ], "axis": "z", "angle": 45 },
			"faces": {
				"down": { "uv": [ 5, 10, 4, 9 ], "texture": "#texture" },
				"up": { "uv": [ 4, 9.5, 5, 10.5 ], "texture": "#texture" },
				"north": { "uv": [ 5, 10, 4, 7 ], "texture": "#texture", "rotation": 180 },
				"south": { "uv": [ 4, 7, 5, 10 ], "texture": "#texture", "rotation": 180 },
				"west": { "uv": [ 6.5, 3, 9.5, 4 ], "texture": "#texture", "rotation": 270 },
				"east": { "uv": [ 7, 3, 10, 4 ], "texture": "#texture", "rotation": 90 }
			}
		},
		{
			"__comment": "Box8",
			"from": [ 6.0529, 11.9545, 7.375 ],
			"to": [ 7.0529, 14.9545, 8.375 ],
			"rotation": { "origin": [ 10.5, 15.75, 10 ], "axis": "z", "angle": 45 },
			"faces": {
				"down": { "uv": [ 6, 12.5, 5, 11.5 ], "texture": "#texture" },
				"up": { "uv": [ 11, 10.5, 12, 11.5 ], "texture": "#texture" },
				"north": { "uv": [ 12, 10.5, 11, 7.5 ], "texture": "#texture", "rotation": 180 },
				"south": { "uv": [ 4, 7, 5, 10 ], "texture": "#texture", "rotation": 180 },
				"west": { "uv": [ 6.5, 3, 9.5, 4 ], "texture": "#texture", "rotation": 270 },
				"east": { "uv": [ 6.5, 11.5, 9.5, 12.5 ], "texture": "#texture", "rotation": 90 }
			}
		},
		{
			"__comment": "Box8",
			"from": [ 3.0528, 11.9545, 7.375 ],
			"to": [ 6.052801, 12.9545, 8.375 ],
			"rotation": { "origin": [ 10.5, 15.75, 10 ], "axis": "z", "angle": 45 },
			"faces": {
				"down": { "uv": [ 10, 4, 7, 3 ], "texture": "#texture" },
				"up": { "uv": [ 6.5, 11.5, 9.5, 12.5 ], "texture": "#texture" },
				"north": { "uv": [ 9, 12.5, 6, 11.5 ], "texture": "#texture", "rotation": 180 },
				"south": { "uv": [ 6.5, 11.5, 9.5, 12.5 ], "texture": "#texture", "rotation": 180 },
				"west": { "uv": [ 8.5, 11.5, 9.5, 12.5 ], "texture": "#texture", "rotation": 270 },
				"east": { "uv": [ 8, 11.5, 9, 12.5 ], "texture": "#texture", "rotation": 90 }
			}
		},
		{
			"__comment": "Box8",
			"from": [ 7.625, 11.7045, 4.0529 ],
			"to": [ 8.625, 12.7045, 7.052899 ],
			"rotation": { "origin": [ 6, 12.5, 10.5 ], "axis": "x", "angle": -45 },
			"faces": {
				"down": { "uv": [ 9, 4, 6, 3 ], "texture": "#texture", "rotation": 270 },
				"up": { "uv": [ 7, 11.5, 10, 12.5 ], "texture": "#texture", "rotation": 90 },
				"north": { "uv": [ 8, 11.5, 9, 12.5 ], "texture": "#texture", "rotation": 270 },
				"south": { "uv": [ 8.5, 11.5, 9.5, 12.5 ], "texture": "#texture", "rotation": 90 },
				"west": { "uv": [ 7, 11.5, 10, 12.5 ], "texture": "#texture", "rotation": 180 },
				"east": { "uv": [ 9, 12.5, 6, 11.5 ], "texture": "#texture", "rotation": 180 }
			}
		},
		{
			"__comment": "Box8",
			"from": [ 7.625, 9.7045, 3.0528 ],
			"to": [ 8.625, 12.7045, 4.052801 ],
			"rotation": { "origin": [ 6, 12.5, 10.5 ], "axis": "x", "angle": -45 },
			"faces": {
				"down": { "uv": [ 5, 10, 4, 9 ], "texture": "#texture", "rotation": 270 },
				"up": { "uv": [ 4, 9.5, 5, 10.5 ], "texture": "#texture", "rotation": 90 },
				"north": { "uv": [ 6.5, 3, 9.5, 4 ], "texture": "#texture", "rotation": 270 },
				"south": { "uv": [ 7, 3, 10, 4 ], "texture": "#texture", "rotation": 90 },
				"west": { "uv": [ 4, 7, 5, 10 ], "texture": "#texture", "rotation": 180 },
				"east": { "uv": [ 5, 10, 4, 7 ], "texture": "#texture", "rotation": 180 }
			}
		},
		{
			"__comment": "Box8",
			"from": [ 7.625, 8.7045, 6.0529 ],
			"to": [ 8.625, 11.7045, 7.0529 ],
			"rotation": { "origin": [ 6, 12.5, 10.5 ], "axis": "x", "angle": -45 },
			"faces": {
				"down": { "uv": [ 6, 12.5, 5, 11.5 ], "texture": "#texture", "rotation": 270 },
				"up": { "uv": [ 11, 10.5, 12, 11.5 ], "texture": "#texture", "rotation": 90 },
				"north": { "uv": [ 6.5, 3, 9.5, 4 ], "texture": "#texture", "rotation": 270 },
				"south": { "uv": [ 6.5, 11.5, 9.5, 12.5 ], "texture": "#texture", "rotation": 90 },
				"west": { "uv": [ 4, 7, 5, 10 ], "texture": "#texture", "rotation": 180 },
				"east": { "uv": [ 12, 10.5, 11, 7.5 ], "texture": "#texture", "rotation": 180 }
			}
		},
		{
			"__comment": "Box8",
			"from": [ 7.625, 8.7045, 3.0528 ],
			"to": [ 8.625, 9.7045, 6.052801 ],
			"rotation": { "origin": [ 6, 12.5, 10.5 ], "axis": "x", "angle": -45 },
			"faces": {
				"down": { "uv": [ 10, 4, 7, 3 ], "texture": "#texture", "rotation": 270 },
				"up": { "uv": [ 6.5, 11.5, 9.5, 12.5 ], "texture": "#texture", "rotation": 90 },
				"north": { "uv": [ 8.5, 11.5, 9.5, 12.5 ], "texture": "#texture", "rotation": 270 },
				"south": { "uv": [ 8, 11.5, 9, 12.5 ], "texture": "#texture", "rotation": 90 },
				"west": { "uv": [ 6.5, 11.5, 9.5, 12.5 ], "texture": "#texture", "rotation": 180 },
				"east": { "uv": [ 9, 12.5, 6, 11.5 ], "texture": "#texture", "rotation": 180 }
			}
		},
		{
			"__comment": "Box8",
			"from": [ 7.625, 18.3295, 4.0529 ],
			"to": [ 8.625, 19.3295, 7.052899 ],
			"rotation": { "origin": [ 6, 19.125, 10.5 ], "axis": "x", "angle": -45 },
			"faces": {
				"down": { "uv": [ 9, 4, 6, 3 ], "texture": "#texture", "rotation": 270 },
				"up": { "uv": [ 7, 11.5, 10, 12.5 ], "texture": "#texture", "rotation": 90 },
				"north": { "uv": [ 8, 11.5, 9, 12.5 ], "texture": "#texture", "rotation": 270 },
				"south": { "uv": [ 8.5, 11.5, 9.5, 12.5 ], "texture": "#texture", "rotation": 90 },
				"west": { "uv": [ 7, 11.5, 10, 12.5 ], "texture": "#texture", "rotation": 180 },
				"east": { "uv": [ 9, 12.5, 6, 11.5 ], "texture": "#texture", "rotation": 180 }
			}
		},
		{
			"__comment": "Box8",
			"from": [ 7.625, 16.3295, 3.0528 ],
			"to": [ 8.625, 19.3295, 4.052801 ],
			"rotation": { "origin": [ 6, 19.125, 10.5 ], "axis": "x", "angle": -45 },
			"faces": {
				"down": { "uv": [ 5, 10, 4, 9 ], "texture": "#texture", "rotation": 270 },
				"up": { "uv": [ 4, 9.5, 5, 10.5 ], "texture": "#texture", "rotation": 90 },
				"north": { "uv": [ 6.5, 3, 9.5, 4 ], "texture": "#texture", "rotation": 270 },
				"south": { "uv": [ 7, 3, 10, 4 ], "texture": "#texture", "rotation": 90 },
				"west": { "uv": [ 4, 7, 5, 10 ], "texture": "#texture", "rotation": 180 },
				"east": { "uv": [ 5, 10, 4, 7 ], "texture": "#texture", "rotation": 180 }
			}
		},
		{
			"__comment": "Box8",
			"from": [ 7.625, 15.3295, 6.0529 ],
			"to": [ 8.625, 18.3295, 7.0529 ],
			"rotation": { "origin": [ 6, 19.125, 10.5 ], "axis": "x", "angle": -45 },
			"faces": {
				"down": { "uv": [ 6, 12.5, 5, 11.5 ], "texture": "#texture", "rotation": 270 },
				"up": { "uv": [ 11, 10.5, 12, 11.5 ], "texture": "#texture", "rotation": 90 },
				"north": { "uv": [ 6.5, 3, 9.5, 4 ], "texture": "#texture", "rotation": 270 },
				"south": { "uv": [ 6.5, 11.5, 9.5, 12.5 ], "texture": "#texture", "rotation": 90 },
				"west": { "uv": [ 4, 7, 5, 10 ], "texture": "#texture", "rotation": 180 },
				"east": { "uv": [ 12, 10.5, 11, 7.5 ], "texture": "#texture", "rotation": 180 }
			}
		},
		{
			"__comment": "Box8",
			"from": [ 7.625, 15.3295, 3.0528 ],
			"to": [ 8.625, 16.3295, 6.052801 ],
			"rotation": { "origin": [ 6, 19.125, 10.5 ], "axis": "x", "angle": -45 },
			"faces": {
				"down": { "uv": [ 10, 4, 7, 3 ], "texture": "#texture", "rotation": 270 },
				"up": { "uv": [ 6.5, 11.5, 9.5, 12.5 ], "texture": "#texture", "rotation": 90 },
				"north": { "uv": [ 8.5, 11.5, 9.5, 12.5 ], "texture": "#texture", "rotation": 270 },
				"south": { "uv": [ 8, 11.5, 9, 12.5 ], "texture": "#texture", "rotation": 90 },
				"west": { "uv": [ 6.5, 11.5, 9.5, 12.5 ], "texture": "#texture", "rotation": 180 },
				"east": { "uv": [ 9, 12.5, 6, 11.5 ], "texture": "#texture", "rotation": 180 }
			}
		}
	]
}