{
	"__comment": "Conquest Reforged",
	"textures": {
		"particle": "block/wolfknocker",
		"texture": "block/wolfknocker"
	},
	"elements": [ 	 
		{
			"__comment": "Element",
			"from": [ 5.5, -0.5, 6 ],
			"to": [ 10.5, 1.5, 10 ],
			"faces": {
				"down": { "uv": [ 5.5, 6, 10.5, 10 ], "texture": "#texture", "cullface": "down", "rotation": 180 },
				"up": { "uv": [ 5.5, 6, 10.5, 10 ], "texture": "#texture", "rotation": 180 },
				"north": { "uv": [ 5.5, 14, 10.5, 16 ], "texture": "#texture" },
				"south": { "uv": [ 5.5, 14, 10.5, 16 ], "texture": "#texture" },
				"west": { "uv": [ 6, 14, 10, 16 ], "texture": "#texture" },
				"east": { "uv": [ 6, 14, 10, 16 ], "texture": "#texture" }
			}
		},
		{
			"__comment": "Element",
			"from": [ 7.25, 0.6544, 8.435599 ],
			"to": [ 8.75, 3.1544, 9.935599 ],
			"rotation": { "origin": [ 6.125, -1.25, 8.125 ], "axis": "x", "angle": -22.5 },
			"faces": {
				"down": { "uv": [ 7, 7.5, 9, 9 ], "texture": "#texture", "cullface": "down" },
				"up": { "uv": [ 7, 9.5, 9, 8 ], "texture": "#texture" },
				"north": { "uv": [ 7, 8.5, 9, 10.5 ], "texture": "#texture" },
				"south": { "uv": [ 7, 12.5, 9, 14.5 ], "texture": "#texture" },
				"west": { "uv": [ 7, 12.5, 8.5, 14.5 ], "texture": "#texture" },
				"east": { "uv": [ 7.5, 12.5, 9, 14.5 ], "texture": "#texture" }
			}
		},
		{
			"__comment": "Element",
			"from": [ 9, 0.25, 10 ],
			"to": [ 10, 1.25, 11.5 ],
			"rotation": { "origin": [ 9, 0.25, 10 ], "axis": "x", "angle": -22.5 },
			"faces": {
				"down": { "uv": [ 6, 10, 7, 11.5 ], "texture": "#texture", "cullface": "down", "rotation": 180 },
				"up": { "uv": [ 6, 4.5, 7, 6 ], "texture": "#texture", "rotation": 180 },
				"north": { "uv": [ 6, 14.5, 7, 15.5 ], "texture": "#texture" },
				"south": { "uv": [ 9, 14.5, 10, 15.5 ], "texture": "#texture" },
				"west": { "uv": [ 10, 14.5, 11.5, 15.5 ], "texture": "#texture" },
				"east": { "uv": [ 4.5, 14.5, 6, 15.5 ], "texture": "#texture" }
			}
		},
		{
			"__comment": "Element",
			"from": [ 6, 0.25, 10 ],
			"to": [ 7, 1.25, 11.5 ],
			"rotation": { "origin": [ 9, 0.25, 10 ], "axis": "x", "angle": -22.5 },
			"faces": {
				"down": { "uv": [ 9, 10, 10, 11.5 ], "texture": "#texture", "cullface": "down", "rotation": 180 },
				"up": { "uv": [ 9, 4.5, 10, 6 ], "texture": "#texture", "rotation": 180 },
				"north": { "uv": [ 9, 14.5, 10, 15.5 ], "texture": "#texture" },
				"south": { "uv": [ 6, 14.5, 7, 15.5 ], "texture": "#texture" },
				"west": { "uv": [ 10, 14.5, 11.5, 15.5 ], "texture": "#texture" },
				"east": { "uv": [ 4.5, 14.5, 6, 15.5 ], "texture": "#texture" }
			}
		},
		{
			"__comment": "Element",
			"from": [ 6.9375, -0.5, 6.5 ],
			"to": [ 9.104166, 2.5, 9 ],
			"rotation": { "origin": [ 6.9375, -0.5, 6.5 ], "axis": "x", "angle": -22.5 },
			"faces": {
				"down": { "uv": [ 6.916667, 5.5, 9.083334, 8 ], "texture": "#texture", "cullface": "down", "rotation": 180 },
				"up": { "uv": [ 7, 8.5, 9, 11 ], "texture": "#texture", "rotation": 180 },
				"north": { "uv": [ 6.916667, 13, 9.083334, 16 ], "texture": "#texture" },
				"south": { "uv": [ 6.916666, 13, 9.083333, 16 ], "texture": "#texture" },
				"west": { "uv": [ 5.5, 13, 8, 16 ], "texture": "#texture" },
				"east": { "uv": [ 8, 13, 10.5, 16 ], "texture": "#texture" }
			}
		},
		{
			"__comment": "Element",
			"from": [ 5.5, 0.25, 10 ],
			"to": [ 6, 1.25, 11 ],
			"rotation": { "origin": [ 9, 0.25, 10 ], "axis": "x", "angle": -22.5 },
			"faces": {
				"down": { "uv": [ 10, 10, 10.5, 11 ], "texture": "#texture", "cullface": "down", "rotation": 180 },
				"up": { "uv": [ 10, 5, 10.5, 6 ], "texture": "#texture", "rotation": 180 },
				"north": { "uv": [ 10, 14.5, 10.5, 15.5 ], "texture": "#texture" },
				"south": { "uv": [ 5.5, 14.5, 6, 15.5 ], "texture": "#texture" },
				"west": { "uv": [ 10, 14.5, 11, 15.5 ], "texture": "#texture" },
				"east": { "uv": [ 5, 14.5, 6, 15.5 ], "texture": "#texture" }
			}
		},
		{
			"__comment": "Element",
			"from": [ 10, 0.25, 10 ],
			"to": [ 10.5, 1.25, 11 ],
			"rotation": { "origin": [ 9, 0.25, 10 ], "axis": "x", "angle": -22.5 },
			"faces": {
				"down": { "uv": [ 5.5, 10, 6, 11 ], "texture": "#texture", "cullface": "down", "rotation": 180 },
				"up": { "uv": [ 5.5, 5, 6, 6 ], "texture": "#texture", "rotation": 180 },
				"north": { "uv": [ 5.5, 14.5, 6, 15.5 ], "texture": "#texture" },
				"south": { "uv": [ 10, 14.5, 10.5, 15.5 ], "texture": "#texture" },
				"west": { "uv": [ 10, 14.5, 11, 15.5 ], "texture": "#texture" },
				"east": { "uv": [ 5, 14.5, 6, 15.5 ], "texture": "#texture" }
			}
		},
		{
			"__comment": "Box8",
			"from": [ 3.0528, 1.125, 7.4545 ],
			"to": [ 4.052801, 2.125, 10.4545 ],
			"rotation": { "origin": [ 10.5, -0.5, 10.25 ], "axis": "y", "angle": -45 },
			"faces": {
				"down": { "uv": [ 11, 7, 12, 10 ], "texture": "#texture", "rotation": 180 },
				"up": { "uv": [ 11, 7, 12, 10 ], "texture": "#texture", "rotation": 180 },
				"north": { "uv": [ 5, 11.5, 6, 12.5 ], "texture": "#texture" },
				"south": { "uv": [ 10, 11.5, 11, 12.5 ], "texture": "#texture" },
				"west": { "uv": [ 6.5, 11.5, 9.5, 12.5 ], "texture": "#texture" },
				"east": { "uv": [ 6.5, 3, 9.5, 4 ], "texture": "#texture" }
			}
		},
		{
			"__comment": "Box8",
			"from": [ 3.0528, 1.125, 6.4545 ],
			"to": [ 6.052801, 2.125, 7.4545 ],
			"rotation": { "origin": [ 10.5, -0.5, 10.25 ], "axis": "y", "angle": -45 },
			"faces": {
				"down": { "uv": [ 6.5, 11.5, 9.5, 12.5 ], "texture": "#texture", "rotation": 180 },
				"up": { "uv": [ 6.5, 3, 9.5, 4 ], "texture": "#texture", "rotation": 180 },
				"north": { "uv": [ 6.5, 11.5, 9.5, 12.5 ], "texture": "#texture" },
				"south": { "uv": [ 6, 11.5, 9, 12.5 ], "texture": "#texture" },
				"west": { "uv": [ 5, 11.5, 6, 12.5 ], "texture": "#texture" },
				"east": { "uv": [ 10, 11.5, 11, 12.5 ], "texture": "#texture" }
			}
		},
		{
			"__comment": "Box8",
			"from": [ 4.0529, 1.125, 9.4545 ],
			"to": [ 7.0529, 2.125, 10.4545 ],
			"rotation": { "origin": [ 10.5, -0.5, 10.25 ], "axis": "y", "angle": -45 },
			"faces": {
				"down": { "uv": [ 6.5, 11.5, 9.5, 12.5 ], "texture": "#texture", "rotation": 180 },
				"up": { "uv": [ 6.5, 11.5, 9.5, 12.5 ], "texture": "#texture", "rotation": 180 },
				"north": { "uv": [ 6.5, 3, 9.5, 4 ], "texture": "#texture" },
				"south": { "uv": [ 6.5, 11.5, 9.5, 12.5 ], "texture": "#texture" },
				"west": { "uv": [ 5, 11.5, 6, 12.5 ], "texture": "#texture" },
				"east": { "uv": [ 9.5, 11.5, 10.5, 12.5 ], "texture": "#texture" }
			}
		},
		{
			"__comment": "Box8",
			"from": [ 6.0529, 1.125, 6.4545 ],
			"to": [ 7.0529, 2.125, 9.4545 ],
			"rotation": { "origin": [ 10.5, -0.5, 10.25 ], "axis": "y", "angle": -45 },
			"faces": {
				"down": { "uv": [ 4, 7, 5, 10 ], "texture": "#texture", "rotation": 180 },
				"up": { "uv": [ 11, 7, 12, 10 ], "texture": "#texture", "rotation": 180 },
				"north": { "uv": [ 5, 11.5, 6, 12.5 ], "texture": "#texture" },
				"south": { "uv": [ 10, 11.5, 11, 12.5 ], "texture": "#texture" },
				"west": { "uv": [ 6.5, 11.5, 9.5, 12.5 ], "texture": "#texture" },
				"east": { "uv": [ 7, 11.5, 10, 12.5 ], "texture": "#texture" }
			}
		}
	]
}