{
	"credit": "Made with Blockbench",
		"parent": "block/block",

	"textures": {
		"0": "block/stonecutter_side",
		"1": "block/stonecutter_top",
		"2": "block/stonecutter_stone",
		"3": "block/stonecutter_stone_top",
		"4": "block/stonecutter_tools",
		"5": "block/stonecutter_floor",
		"particle": "block/stonecutter_side"
	},
	"elements": [
		{
			"from": [0, 12, 0],
			"to": [16, 14, 16],
			"faces": {
				"north": {"uv": [0, 2, 16, 4], "texture": "#0"},
				"east": {"uv": [0, 2, 16, 4], "texture": "#0"},
				"south": {"uv": [0, 2, 16, 4], "texture": "#0"},
				"west": {"uv": [0, 2, 16, 4], "texture": "#0"},
				"up": {"uv": [0, 0, 16, 16], "texture": "#1"},
				"down": {"uv": [0, 0, 16, 16], "texture": "#4"}
			}
		},
		{
			"from": [2, 14, 2],
			"to": [8.75, 18.5, 14],
			"rotation": {"angle": -22.5, "axis": "y", "origin": [8, 20.5, 8]},
			"faces": {
				"north": {"uv": [0, 11.5, 6.75, 16], "texture": "#3"},
				"east": {"uv": [0, 11.5, 12, 16], "texture": "#3"},
				"south": {"uv": [0, 11.5, 6.75, 16], "texture": "#3"},
				"west": {"uv": [0, 11.5, 12, 16], "texture": "#3"},
				"up": {"uv": [0, 0, 6.75, 12], "texture": "#3"},
				"down": {"uv": [0, 0, 6.75, 12], "texture": "#3"}
			}
		},
		{
			"from": [0, 0, 0],
			"to": [16, 0, 16],
			"faces": {
				"north": {"uv": [0, 2, 16, 16], "texture": "#0"},
				"east": {"uv": [0, 2, 16, 16], "texture": "#0"},
				"south": {"uv": [0, 2, 16, 16], "texture": "#0"},
				"west": {"uv": [16, 2, 0, 16], "texture": "#0"},
				"up": {"uv": [0, 0, 16, 16], "texture": "#5"},
				"down": {"uv": [0, 0, 16, 16], "texture": "#5"}
			}
		},
		{
			"from": [0, 0, 0],
			"to": [0, 14, 16],
			"faces": {
				"north": {"uv": [12.5, 2, 16, 16], "texture": "#0"},
				"east": {"uv": [0, 2, 16, 16], "texture": "#0"},
				"south": {"uv": [0, 2, 16, 16], "texture": "#0"},
				"west": {"uv": [0, 2, 16, 16], "texture": "#0"},
				"up": {"uv": [0, 12.5, 3.5, 16], "texture": "#1"},
				"down": {"uv": [0, 0, 3.5, 3.5], "texture": "#1"}
			}
		},
		{
			"from": [16, 0, 0],
			"to": [16, 14, 16],
			"faces": {
				"north": {"uv": [12.5, 2, 16, 16], "texture": "#0"},
				"east": {"uv": [0, 2, 16, 16], "texture": "#0"},
				"south": {"uv": [0, 2, 3.5, 16], "texture": "#0"},
				"west": {"uv": [0, 2, 16, 16], "texture": "#0"},
				"up": {"uv": [0, 12.5, 3.5, 16], "texture": "#1"},
				"down": {"uv": [0, 0, 3.5, 3.5], "texture": "#1"}
			}
		},
		{
			"from": [0, 0, 0],
			"to": [16, 14, 0],
			"faces": {
				"north": {"uv": [0, 2, 16, 16], "texture": "#0"},
				"east": {"uv": [0, 2, 3.5, 16], "texture": "#0"},
				"south": {"uv": [0, 2, 16, 16], "texture": "#0"},
				"west": {"uv": [12.5, 2, 16, 16], "texture": "#0"},
				"up": {"uv": [0, 12.5, 3.5, 16], "rotation": 270, "texture": "#1"},
				"down": {"uv": [0, 0, 3.5, 3.5], "rotation": 90, "texture": "#1"}
			}
		},
		{
			"from": [0, 0, 16],
			"to": [16, 14, 16],
			"faces": {
				"north": {"uv": [0, 2, 16, 16], "texture": "#0"},
				"east": {"uv": [0, 2, 0, 16], "texture": "#0"},
				"south": {"uv": [0, 2, 16, 16], "texture": "#0"},
				"west": {"uv": [12.5, 2, 16, 16], "texture": "#0"},
				"up": {"uv": [0, 12.5, 3.5, 16], "rotation": 270, "texture": "#1"},
				"down": {"uv": [0, 0, 3.5, 3.5], "rotation": 90, "texture": "#1"}
			}
		},
		{
			"from": [7.5, 14, 2],
			"to": [14.25, 17, 10.5],
			"rotation": {"angle": -45, "axis": "y", "origin": [8, 20.5, 8]},
			"faces": {
				"north": {"uv": [9, 8, 15.75, 11], "texture": "#3"},
				"east": {"uv": [7.5, 8.5, 16, 10.5], "texture": "#3"},
				"south": {"uv": [9, 8, 15.75, 11], "texture": "#3"},
				"west": {"uv": [7.5, 8.5, 16, 10.5], "texture": "#3"},
				"up": {"uv": [9, 0, 15.75, 8.5], "texture": "#3"},
				"down": {"uv": [0, 0, 6.75, 12], "texture": "#3"}
			}
		},
		{
			"from": [15, 17.501, 1],
			"to": [20.75, 19.501, 4.5],
			"rotation": {"angle": -22.5, "axis": "z", "origin": [8, 34.5, 4.5]},
			"faces": {
				"north": {"uv": [10, 14, 15.75, 16], "texture": "#2"},
				"east": {"uv": [12.5, 14, 16, 16], "texture": "#2"},
				"south": {"uv": [10, 14, 15.75, 16], "texture": "#2"},
				"west": {"uv": [12.5, 14, 16, 16], "texture": "#2"},
				"up": {"uv": [10, 12.5, 15.75, 16], "texture": "#2"},
				"down": {"uv": [10, 12.5, 15.75, 16], "texture": "#2"}
			}
		},
		{
			"from": [4.5, 14.001, 1],
			"to": [8.75, 16.001, 7.5],
			"rotation": {"angle": -22.5, "axis": "y", "origin": [8, 34.5, 4.5]},
			"faces": {
				"north": {"uv": [0, 14, 4.25, 15.999], "texture": "#2"},
				"east": {"uv": [0, 14, 6.5, 16], "texture": "#2"},
				"south": {"uv": [0, 14, 4.25, 15.999], "texture": "#2"},
				"west": {"uv": [0, 14, 6.5, 16], "texture": "#2"},
				"up": {"uv": [0, 9.5, 4.25, 16], "texture": "#2"},
				"down": {"uv": [0, 9.5, 4.25, 16], "texture": "#2"}
			}
		}
	]
}