{
	"__comment": "Conquest Reforged",
	"ambientocclusion": false,
	"textures": {
		"particle": "#rail",
		"rail": "#rail",
		"planks": "block/rail_plank_1",
		"plank": "block/rail_plank_1"
	},
	"elements": [ 	 
		{
			"__comment": "Element",
			"from": [ 0, 8.375199, -1.2501 ],
			"to": [ 16, 8.3762, 14.7499 ],
			"rotation": { "origin": [ 8, 8.375, 6.75 ], "axis": "x", "angle": 45, "rescale": true },
			"faces": {
				"down": { "uv": [ 0, 16, 16, 0 ], "texture": "#plank" },
				"up": { "uv": [ 0, 0, 16, 16 ], "texture": "#plank" }
			}
		},
		{
			"__comment": "Element",
			"from": [ 0, 8.993899, -1.3385 ],
			"to": [ 16, 8.9949, 14.6615 ],
			"rotation": { "origin": [ 8, 8.375, 6.75 ], "axis": "x", "angle": 45, "rescale": true },
			"faces": {
				"down": { "uv": [ 0, 16, 16, 0 ], "texture": "#rail" },
				"up": { "uv": [ 0, 0, 16, 16 ], "texture": "#rail" }
			}
		},
		{
			"__comment": "Box3",
			"from": [ 2.9688, -0.625, -6.875 ],
			"to": [ 4.9688, 1.375, 16.625 ],
			"rotation": { "origin": [ 2.96875, 1.375, 16.625 ], "axis": "x", "angle": 45 },
			"faces": {
				"down": { "uv": [ 3, 0, 5.5, 16 ], "texture": "#rail" },
				"up": { "uv": [ 3, 0, 5.5, 16 ], "texture": "#rail", "rotation": 180 },
				"north": { "uv": [ 3, 13.5, 5.5, 16 ], "texture": "#rail" },
				"south": { "uv": [ 3, 13.5, 5.5, 16 ], "texture": "#rail" },
				"west": { "uv": [ 3, 0, 5.5, 16 ], "texture": "#rail", "rotation": 270 },
				"east": { "uv": [ 3, 0, 5.5, 16 ], "texture": "#rail", "rotation": 270 }
			}
		},
		{
			"__comment": "Box3",
			"from": [ 10.9688, -0.625, -6.875 ],
			"to": [ 12.9688, 1.375, 16.625 ],
			"rotation": { "origin": [ 10.96875, 1.375, 16.625 ], "axis": "x", "angle": 45 },
			"faces": {
				"down": { "uv": [ 3, 0, 5.5, 16 ], "texture": "#rail" },
				"up": { "uv": [ 3, 0, 5.5, 16 ], "texture": "#rail", "rotation": 180 },
				"north": { "uv": [ 3, 13.5, 5.5, 16 ], "texture": "#rail" },
				"south": { "uv": [ 3, 13.5, 5.5, 16 ], "texture": "#rail" },
				"west": { "uv": [ 3, 0, 5.5, 16 ], "texture": "#rail", "rotation": 270 },
				"east": { "uv": [ 3, 0, 5.5, 16 ], "texture": "#rail", "rotation": 270 }
			}
		},
		{
			"__comment": "Box3",
			"from": [ 3.0625, 15.9688, -1.5 ],
			"to": [ 4.9375, 17.9688, 0 ],
			"faces": {
				"down": { "uv": [ 10.5, 13.5, 13, 16 ], "texture": "#rail" },
				"up": { "uv": [ 10.5, 13.5, 13, 16 ], "texture": "#rail", "rotation": 180 },
				"north": { "uv": [ 10.5, 13.5, 13, 16 ], "texture": "#rail" },
				"south": { "uv": [ 10.5, 13.5, 13, 16 ], "texture": "#rail" },
				"west": { "uv": [ 10.5, 13.5, 13, 16 ], "texture": "#rail", "rotation": 90 },
				"east": { "uv": [ 10.5, 13.5, 13, 16 ], "texture": "#rail" }
			}
		},
		{
			"__comment": "Box3",
			"from": [ 11.0625, 15.9688, -1.5 ],
			"to": [ 12.96875, 17.9688, 0 ],
			"faces": {
				"down": { "uv": [ 10.5, 13.5, 13, 16 ], "texture": "#rail" },
				"up": { "uv": [ 10.5, 13.5, 13, 16 ], "texture": "#rail", "rotation": 180 },
				"north": { "uv": [ 10.5, 13.5, 13, 16 ], "texture": "#rail" },
				"south": { "uv": [ 10.5, 13.5, 13, 16 ], "texture": "#rail" },
				"west": { "uv": [ 10.5, 13.5, 13, 16 ], "texture": "#rail", "rotation": 90 },
				"east": { "uv": [ 10.5, 13.5, 13, 16 ], "texture": "#rail" }
			}
		},
		{
			"__comment": "Box3",
			"from": [ 3.0625, 0, 15.125 ],
			"to": [ 4.9375, 1.4375, 16.5625 ],
			"faces": {
				"down": { "uv": [ 10.5, 13.5, 13, 16 ], "texture": "#rail" },
				"up": { "uv": [ 10.5, 13.5, 13, 16 ], "texture": "#rail", "rotation": 180 },
				"north": { "uv": [ 10.5, 13.5, 13, 16 ], "texture": "#rail" },
				"south": { "uv": [ 10.5, 13.5, 13, 16 ], "texture": "#rail" },
				"west": { "uv": [ 10.5, 13.5, 13, 16 ], "texture": "#rail", "rotation": 90 },
				"east": { "uv": [ 10.5, 13.5, 13, 16 ], "texture": "#rail" }
			}
		},
		{
			"__comment": "Box3",
			"from": [ 11.0938, 0, 15.125 ],
			"to": [ 12.9688, 1.4375, 16.5625 ],
			"faces": {
				"down": { "uv": [ 10.5, 13.5, 13, 16 ], "texture": "#rail" },
				"up": { "uv": [ 10.5, 13.5, 13, 16 ], "texture": "#rail", "rotation": 180 },
				"north": { "uv": [ 10.5, 13.5, 13, 16 ], "texture": "#rail" },
				"south": { "uv": [ 10.5, 13.5, 13, 16 ], "texture": "#rail" },
				"west": { "uv": [ 10.5, 13.5, 13, 16 ], "texture": "#rail", "rotation": 90 },
				"east": { "uv": [ 10.5, 13.5, 13, 16 ], "texture": "#rail" }
			}
		}
	]
}