{
  "__createdwith": "opl's Model Creator",
  "ambientocclusion": false,
  "textures": {
    "0": "block/wheat_stage6",
    "1": "block/wheat_stage_6_extra",
    "particle": "block/wheat_stage6"
  },
  "elements": [
    {
      "from": [4,-1,0],
      "to": [4,15,16],
      "faces": {
        "west": {
          "uv": [0,0,16,16],
          "texture": "#0"
        },
        "east": {
          "uv": [0,0,16,16],
          "texture": "#0"
        }
      }
    },
    {
      "from": [12,-1,0],
      "to": [12,15,16],
      "faces": {
        "west": {
          "uv": [0,0,16,16],
          "texture": "#0"
        },
        "east": {
          "uv": [0,0,16,16],
          "texture": "#0"
        }
      }
    },
    {
      "from": [0,-1,4],
      "to": [16,15,4],
      "faces": {
        "north": {
          "uv": [0,0,16,16],
          "texture": "#0"
        },
        "south": {
          "uv": [0,0,16,16],
          "texture": "#0"
        }
      }
    },
    {
      "from": [0,-1,12],
      "to": [16,15,12],
      "faces": {
        "north": {
          "uv": [0,0,16,16],
          "texture": "#0"
        },
        "south": {
          "uv": [0,0,16,16],
          "texture": "#0"
        }
      }
    },
    {
      "from": [4,15,0],
      "to": [4,31,16],
      "faces": {
        "west": {
          "uv": [0,0,16,16],
          "texture": "#1"
        },
        "east": {
          "uv": [0,0,16,16],
          "texture": "#1"
        }
      }
    },
    {
      "from": [12,15,0],
      "to": [12,31,16],
      "faces": {
        "west": {
          "uv": [0,0,16,16],
          "texture": "#1"
        },
        "east": {
          "uv": [0,0,16,16],
          "texture": "#1"
        }
      }
    },
    {
      "from": [0,15,4],
      "to": [16,31,4],
      "faces": {
        "north": {
          "uv": [0,0,16,16],
          "texture": "#1"
        },
        "south": {
          "uv": [0,0,16,16],
          "texture": "#1"
        }
      }
    },
    {
      "from": [0,15,12],
      "to": [16,31,12],
      "faces": {
        "north": {
          "uv": [0,0,16,16],
          "texture": "#1"
        },
        "south": {
          "uv": [0,0,16,16],
          "texture": "#1"
        }
      }
    }
  ]
}