{
	"__comment": "Designed by Randamonium with Cubik Studio - https://cubik.studio",
	"textures": {
		"main": "light_gray_concrete",
		"handle": "black_concrete",
		"metal": "anvil"
	},
	"elements": [ 	 
		{
			"__comment": "Main1",
			"from": [ 0, 0, 2 ],
			"to": [ 16, 7, 5.5 ],
			"faces": {
				"down": { "uv": [ 0, 10.5, 16, 14 ], "texture": "#main" },
				"up": { "uv": [ 0, 2, 16, 5.5 ], "texture": "#main" },
				"north": { "uv": [ 16, 9, 0, 16 ], "texture": "#main" },
				"south": { "uv": [ 0, 9, 16, 16 ], "texture": "#main" },
				"west": { "uv": [ 2, 9, 5.5, 16 ], "texture": "#main" },
				"east": { "uv": [ 5.5, 9, 2, 16 ], "texture": "#main" }
			}
		},
		{
			"__comment": "Main2",
			"from": [ 0, 0, 5.5 ],
			"to": [ 16, 3, 14 ],
			"faces": {
				"down": { "uv": [ 0, 2, 16, 10.5 ], "texture": "#main" },
				"up": { "uv": [ 0, 5.5, 16, 14 ], "texture": "#main" },
				"north": { "uv": [ 16, 13, 0, 16 ], "texture": "#main" },
				"south": { "uv": [ 0, 13, 16, 16 ], "texture": "#main" },
				"west": { "uv": [ 5.5, 13, 14, 16 ], "texture": "#main" },
				"east": { "uv": [ 14, 13, 5.5, 16 ], "texture": "#main" }
			}
		},
		{
			"__comment": "Main3",
			"from": [ 0, 3, 6 ],
			"to": [ 16, 10, 6.5 ],
			"faces": {
				"down": { "uv": [ 0, 9.5, 16, 10 ], "texture": "#main" },
				"up": { "uv": [ 0, 6, 16, 6.5 ], "texture": "#main" },
				"north": { "uv": [ 16, 6, 0, 13 ], "texture": "#main" },
				"south": { "uv": [ 0, 6, 16, 13 ], "texture": "#main" },
				"west": { "uv": [ 6, 6, 6.5, 13 ], "texture": "#main" },
				"east": { "uv": [ 6.5, 6, 6, 13 ], "texture": "#main" }
			}
		},
		{
			"__comment": "Main4",
			"from": [ 0, 3, 9 ],
			"to": [ 16, 10, 9.5 ],
			"faces": {
				"down": { "uv": [ 0, 6.5, 16, 7 ], "texture": "#main" },
				"up": { "uv": [ 0, 9, 16, 9.5 ], "texture": "#main" },
				"north": { "uv": [ 16, 6, 0, 13 ], "texture": "#main" },
				"south": { "uv": [ 0, 6, 16, 13 ], "texture": "#main" },
				"west": { "uv": [ 9, 6, 9.5, 13 ], "texture": "#main" },
				"east": { "uv": [ 9.5, 6, 9, 13 ], "texture": "#main" }
			}
		},
		{
			"__comment": "Main5",
			"from": [ 0, 3, 9.5 ],
			"to": [ 16, 4, 14 ],
			"faces": {
				"down": { "uv": [ 0, 2, 16, 6.5 ], "texture": "#main" },
				"up": { "uv": [ 0, 9.5, 16, 14 ], "texture": "#main" },
				"north": { "uv": [ 16, 12, 0, 13 ], "texture": "#main" },
				"south": { "uv": [ 0, 12, 16, 13 ], "texture": "#main" },
				"west": { "uv": [ 9.5, 12, 14, 13 ], "texture": "#main" },
				"east": { "uv": [ 14, 12, 9.5, 13 ], "texture": "#main" }
			}
		},
		{
			"__comment": "Main6",
			"from": [ 0, 3.5, 5.5 ],
			"to": [ 16, 4, 6 ],
			"faces": {
				"down": { "uv": [ 0, 10, 16, 10.5 ], "texture": "#main" },
				"up": { "uv": [ 0, 5.5, 16, 6 ], "texture": "#main" },
				"north": { "uv": [ 16, 12, 0, 12.5 ], "texture": "#main" },
				"south": { "uv": [ 0, 12, 16, 12.5 ], "texture": "#main" },
				"west": { "uv": [ 5.5, 12, 6, 12.5 ], "texture": "#main" },
				"east": { "uv": [ 6, 12, 5.5, 12.5 ], "texture": "#main" }
			}
		},
		{
			"__comment": "Main7",
			"from": [ 0, 4, 6.5 ],
			"to": [ 16, 4.5, 9 ],
			"faces": {
				"down": { "uv": [ 0, 7, 16, 9.5 ], "texture": "#main" },
				"up": { "uv": [ 0, 6.5, 16, 9 ], "texture": "#main" },
				"north": { "uv": [ 16, 11.5, 0, 12 ], "texture": "#main" },
				"south": { "uv": [ 0, 11.5, 16, 12 ], "texture": "#main" },
				"west": { "uv": [ 6.5, 11.5, 9, 12 ], "texture": "#main" },
				"east": { "uv": [ 9, 11.5, 6.5, 12 ], "texture": "#main" }
			}
		},
		{
			"__comment": "Main8",
			"from": [ 0, 4, 10 ],
			"to": [ 16, 10, 11 ],
			"faces": {
				"down": { "uv": [ 0, 5, 16, 6 ], "texture": "#main" },
				"up": { "uv": [ 0, 10, 16, 11 ], "texture": "#main" },
				"north": { "uv": [ 16, 6, 0, 12 ], "texture": "#main" },
				"south": { "uv": [ 0, 6, 16, 12 ], "texture": "#main" },
				"west": { "uv": [ 10, 6, 11, 12 ], "texture": "#main" },
				"east": { "uv": [ 11, 6, 10, 12 ], "texture": "#main" }
			}
		},
		{
			"__comment": "Main9",
			"from": [ 0, 4, 11 ],
			"to": [ 16, 9.5, 12.5 ],
			"faces": {
				"down": { "uv": [ 0, 3.5, 16, 5 ], "texture": "#main" },
				"up": { "uv": [ 0, 11, 16, 12.5 ], "texture": "#main" },
				"north": { "uv": [ 16, 6.5, 0, 12 ], "texture": "#main" },
				"south": { "uv": [ 0, 6.5, 16, 12 ], "texture": "#main" },
				"west": { "uv": [ 11, 6.5, 12.5, 12 ], "texture": "#main" },
				"east": { "uv": [ 12.5, 6.5, 11, 12 ], "texture": "#main" }
			}
		},
		{
			"__comment": "Main10",
			"from": [ 0, 4, 12.5 ],
			"to": [ 16, 9, 13 ],
			"faces": {
				"down": { "uv": [ 0, 3, 16, 3.5 ], "texture": "#main" },
				"up": { "uv": [ 0, 12.5, 16, 13 ], "texture": "#main" },
				"north": { "uv": [ 16, 7, 0, 12 ], "texture": "#main" },
				"south": { "uv": [ 0, 7, 16, 12 ], "texture": "#main" },
				"west": { "uv": [ 12.5, 7, 13, 12 ], "texture": "#main" },
				"east": { "uv": [ 13, 7, 12.5, 12 ], "texture": "#main" }
			}
		},
		{
			"__comment": "Main11",
			"from": [ 0, 4, 13 ],
			"to": [ 16, 8.5, 13.5 ],
			"faces": {
				"down": { "uv": [ 0, 2.5, 16, 3 ], "texture": "#main" },
				"up": { "uv": [ 0, 13, 16, 13.5 ], "texture": "#main" },
				"north": { "uv": [ 16, 7.5, 0, 12 ], "texture": "#main" },
				"south": { "uv": [ 0, 7.5, 16, 12 ], "texture": "#main" },
				"west": { "uv": [ 13, 7.5, 13.5, 12 ], "texture": "#main" },
				"east": { "uv": [ 13.5, 7.5, 13, 12 ], "texture": "#main" }
			}
		},
		{
			"__comment": "Main12",
			"from": [ 0, 4, 13.5 ],
			"to": [ 16, 7, 14 ],
			"faces": {
				"down": { "uv": [ 0, 2, 16, 2.5 ], "texture": "#main" },
				"up": { "uv": [ 0, 13.5, 16, 14 ], "texture": "#main" },
				"north": { "uv": [ 16, 9, 0, 12 ], "texture": "#main" },
				"south": { "uv": [ 0, 9, 16, 12 ], "texture": "#main" },
				"west": { "uv": [ 13.5, 9, 14, 12 ], "texture": "#main" },
				"east": { "uv": [ 14, 9, 13.5, 12 ], "texture": "#main" }
			}
		},
		{
			"__comment": "Main13",
			"from": [ 0, 4.5, 7 ],
			"to": [ 16, 10, 7.5 ],
			"faces": {
				"down": { "uv": [ 0, 8.5, 16, 9 ], "texture": "#main" },
				"up": { "uv": [ 0, 7, 16, 7.5 ], "texture": "#main" },
				"north": { "uv": [ 16, 6, 0, 11.5 ], "texture": "#main" },
				"south": { "uv": [ 0, 6, 16, 11.5 ], "texture": "#main" },
				"west": { "uv": [ 7, 6, 7.5, 11.5 ], "texture": "#main" },
				"east": { "uv": [ 7.5, 6, 7, 11.5 ], "texture": "#main" }
			}
		},
		{
			"__comment": "Main14",
			"from": [ 0, 4.5, 8 ],
			"to": [ 16, 10, 8.5 ],
			"faces": {
				"down": { "uv": [ 0, 7.5, 16, 8 ], "texture": "#main" },
				"up": { "uv": [ 0, 8, 16, 8.5 ], "texture": "#main" },
				"north": { "uv": [ 16, 6, 0, 11.5 ], "texture": "#main" },
				"south": { "uv": [ 0, 6, 16, 11.5 ], "texture": "#main" },
				"west": { "uv": [ 8, 6, 8.5, 11.5 ], "texture": "#main" },
				"east": { "uv": [ 8.5, 6, 8, 11.5 ], "texture": "#main" }
			}
		},
		{
			"__comment": "Main15",
			"from": [ 0, 5.5, 6.5 ],
			"to": [ 16, 6, 7 ],
			"faces": {
				"down": { "uv": [ 0, 9, 16, 9.5 ], "texture": "#main" },
				"up": { "uv": [ 0, 6.5, 16, 7 ], "texture": "#main" },
				"north": { "uv": [ 16, 10, 0, 10.5 ], "texture": "#main" },
				"south": { "uv": [ 0, 10, 16, 10.5 ], "texture": "#main" },
				"west": { "uv": [ 6.5, 10, 7, 10.5 ], "texture": "#main" },
				"east": { "uv": [ 7, 10, 6.5, 10.5 ], "texture": "#main" }
			}
		},
		{
			"__comment": "Main16",
			"from": [ 0, 5.5, 7.5 ],
			"to": [ 16, 6, 8 ],
			"faces": {
				"down": { "uv": [ 0, 8, 16, 8.5 ], "texture": "#main" },
				"up": { "uv": [ 0, 7.5, 16, 8 ], "texture": "#main" },
				"north": { "uv": [ 16, 10, 0, 10.5 ], "texture": "#main" },
				"south": { "uv": [ 0, 10, 16, 10.5 ], "texture": "#main" },
				"west": { "uv": [ 7.5, 10, 8, 10.5 ], "texture": "#main" },
				"east": { "uv": [ 8, 10, 7.5, 10.5 ], "texture": "#main" }
			}
		},
		{
			"__comment": "Main17",
			"from": [ 0, 5.5, 8.5 ],
			"to": [ 16, 6, 9 ],
			"faces": {
				"down": { "uv": [ 0, 7, 16, 7.5 ], "texture": "#main" },
				"up": { "uv": [ 0, 8.5, 16, 9 ], "texture": "#main" },
				"north": { "uv": [ 16, 10, 0, 10.5 ], "texture": "#main" },
				"south": { "uv": [ 0, 10, 16, 10.5 ], "texture": "#main" },
				"west": { "uv": [ 8.5, 10, 9, 10.5 ], "texture": "#main" },
				"east": { "uv": [ 9, 10, 8.5, 10.5 ], "texture": "#main" }
			}
		},
		{
			"__comment": "Main18",
			"from": [ 0, 6, 5.5 ],
			"to": [ 16, 10, 6 ],
			"faces": {
				"down": { "uv": [ 0, 10, 16, 10.5 ], "texture": "#main" },
				"up": { "uv": [ 0, 5.5, 16, 6 ], "texture": "#main" },
				"north": { "uv": [ 16, 6, 0, 10 ], "texture": "#main" },
				"south": { "uv": [ 0, 6, 16, 10 ], "texture": "#main" },
				"west": { "uv": [ 5.5, 6, 6, 10 ], "texture": "#main" },
				"east": { "uv": [ 6, 6, 5.5, 10 ], "texture": "#main" }
			}
		},
		{
			"__comment": "Main19",
			"from": [ 0, 6, 9.5 ],
			"to": [ 16, 10, 10 ],
			"faces": {
				"down": { "uv": [ 0, 6, 16, 6.5 ], "texture": "#main" },
				"up": { "uv": [ 0, 9.5, 16, 10 ], "texture": "#main" },
				"north": { "uv": [ 16, 6, 0, 10 ], "texture": "#main" },
				"south": { "uv": [ 0, 6, 16, 10 ], "texture": "#main" },
				"west": { "uv": [ 9.5, 6, 10, 10 ], "texture": "#main" },
				"east": { "uv": [ 10, 6, 9.5, 10 ], "texture": "#main" }
			}
		},
		{
			"__comment": "Main20",
			"from": [ 0, 6.5, 7.5 ],
			"to": [ 16, 10, 8 ],
			"faces": {
				"down": { "uv": [ 0, 8, 16, 8.5 ], "texture": "#main" },
				"up": { "uv": [ 0, 7.5, 16, 8 ], "texture": "#main" },
				"north": { "uv": [ 16, 6, 0, 9.5 ], "texture": "#main" },
				"south": { "uv": [ 0, 6, 16, 9.5 ], "texture": "#main" },
				"west": { "uv": [ 7.5, 6, 8, 9.5 ], "texture": "#main" },
				"east": { "uv": [ 8, 6, 7.5, 9.5 ], "texture": "#main" }
			}
		},
		{
			"__comment": "Main21",
			"from": [ 0, 7, 2.5 ],
			"to": [ 16, 8.5, 5.5 ],
			"faces": {
				"down": { "uv": [ 0, 10.5, 16, 13.5 ], "texture": "#main" },
				"up": { "uv": [ 0, 2.5, 16, 5.5 ], "texture": "#main" },
				"north": { "uv": [ 16, 7.5, 0, 9 ], "texture": "#main" },
				"south": { "uv": [ 0, 7.5, 16, 9 ], "texture": "#main" },
				"west": { "uv": [ 2.5, 7.5, 5.5, 9 ], "texture": "#main" },
				"east": { "uv": [ 5.5, 7.5, 2.5, 9 ], "texture": "#main" }
			}
		},
		{
			"__comment": "Main22",
			"from": [ 0, 7, 6.5 ],
			"to": [ 16, 10, 7 ],
			"faces": {
				"down": { "uv": [ 0, 9, 16, 9.5 ], "texture": "#main" },
				"up": { "uv": [ 0, 6.5, 16, 7 ], "texture": "#main" },
				"north": { "uv": [ 16, 6, 0, 9 ], "texture": "#main" },
				"south": { "uv": [ 0, 6, 16, 9 ], "texture": "#main" },
				"west": { "uv": [ 6.5, 6, 7, 9 ], "texture": "#main" },
				"east": { "uv": [ 7, 6, 6.5, 9 ], "texture": "#main" }
			}
		},
		{
			"__comment": "Main23",
			"from": [ 0, 7, 8.5 ],
			"to": [ 16, 10, 9 ],
			"faces": {
				"down": { "uv": [ 0, 7, 16, 7.5 ], "texture": "#main" },
				"up": { "uv": [ 0, 8.5, 16, 9 ], "texture": "#main" },
				"north": { "uv": [ 16, 6, 0, 9 ], "texture": "#main" },
				"south": { "uv": [ 0, 6, 16, 9 ], "texture": "#main" },
				"west": { "uv": [ 8.5, 6, 9, 9 ], "texture": "#main" },
				"east": { "uv": [ 9, 6, 8.5, 9 ], "texture": "#main" }
			}
		},
		{
			"__comment": "Main24",
			"from": [ 0, 8.5, 3 ],
			"to": [ 16, 9, 5.5 ],
			"faces": {
				"down": { "uv": [ 0, 10.5, 16, 13 ], "texture": "#main" },
				"up": { "uv": [ 0, 3, 16, 5.5 ], "texture": "#main" },
				"north": { "uv": [ 16, 7, 0, 7.5 ], "texture": "#main" },
				"south": { "uv": [ 0, 7, 16, 7.5 ], "texture": "#main" },
				"west": { "uv": [ 3, 7, 5.5, 7.5 ], "texture": "#main" },
				"east": { "uv": [ 5.5, 7, 3, 7.5 ], "texture": "#main" }
			}
		},
		{
			"__comment": "Main25",
			"from": [ 0, 9, 3.5 ],
			"to": [ 16, 9.5, 5.5 ],
			"faces": {
				"down": { "uv": [ 0, 10.5, 16, 12.5 ], "texture": "#main" },
				"up": { "uv": [ 0, 3.5, 16, 5.5 ], "texture": "#main" },
				"north": { "uv": [ 16, 6.5, 0, 7 ], "texture": "#main" },
				"south": { "uv": [ 0, 6.5, 16, 7 ], "texture": "#main" },
				"west": { "uv": [ 3.5, 6.5, 5.5, 7 ], "texture": "#main" },
				"east": { "uv": [ 5.5, 6.5, 3.5, 7 ], "texture": "#main" }
			}
		},
		{
			"__comment": "Main26",
			"from": [ 0, 9.5, 5 ],
			"to": [ 16, 10, 5.5 ],
			"faces": {
				"down": { "uv": [ 0, 10.5, 16, 11 ], "texture": "#main" },
				"up": { "uv": [ 0, 5, 16, 5.5 ], "texture": "#main" },
				"north": { "uv": [ 16, 6, 0, 6.5 ], "texture": "#main" },
				"south": { "uv": [ 0, 6, 16, 6.5 ], "texture": "#main" },
				"west": { "uv": [ 5, 6, 5.5, 6.5 ], "texture": "#main" },
				"east": { "uv": [ 5.5, 6, 5, 6.5 ], "texture": "#main" }
			}
		},
		{
			"__comment": "Main27",
			"from": [ 15.5, 3, 5.5 ],
			"to": [ 16, 3.5, 6 ],
			"faces": {
				"down": { "uv": [ 15.5, 10, 16, 10.5 ], "texture": "#main" },
				"up": { "uv": [ 15.5, 5.5, 16, 6 ], "texture": "#main" },
				"north": { "uv": [ 16, 12.5, 15.5, 13 ], "texture": "#main" },
				"south": { "uv": [ 15.5, 12.5, 16, 13 ], "texture": "#main" },
				"west": { "uv": [ 5.5, 12.5, 6, 13 ], "texture": "#main" },
				"east": { "uv": [ 6, 12.5, 5.5, 13 ], "texture": "#main" }
			}
		},
		{
			"__comment": "Main28",
			"from": [ 15.5, 3, 6.5 ],
			"to": [ 16, 4, 9 ],
			"faces": {
				"down": { "uv": [ 15.5, 7, 16, 9.5 ], "texture": "#main" },
				"up": { "uv": [ 15.5, 6.5, 16, 9 ], "texture": "#main" },
				"north": { "uv": [ 16, 12, 15.5, 13 ], "texture": "#main" },
				"south": { "uv": [ 15.5, 12, 16, 13 ], "texture": "#main" },
				"west": { "uv": [ 6.5, 12, 9, 13 ], "texture": "#main" },
				"east": { "uv": [ 9, 12, 6.5, 13 ], "texture": "#main" }
			}
		},
		{
			"__comment": "Main29",
			"from": [ 15.5, 4, 5.5 ],
			"to": [ 16, 6, 6 ],
			"faces": {
				"down": { "uv": [ 15.5, 10, 16, 10.5 ], "texture": "#main" },
				"up": { "uv": [ 15.5, 5.5, 16, 6 ], "texture": "#main" },
				"north": { "uv": [ 16, 10, 15.5, 12 ], "texture": "#main" },
				"south": { "uv": [ 15.5, 10, 16, 12 ], "texture": "#main" },
				"west": { "uv": [ 5.5, 10, 6, 12 ], "texture": "#main" },
				"east": { "uv": [ 6, 10, 5.5, 12 ], "texture": "#main" }
			}
		},
		{
			"__comment": "Main30",
			"from": [ 15.5, 4, 9.5 ],
			"to": [ 16, 6, 10 ],
			"faces": {
				"down": { "uv": [ 15.5, 6, 16, 6.5 ], "texture": "#main" },
				"up": { "uv": [ 15.5, 9.5, 16, 10 ], "texture": "#main" },
				"north": { "uv": [ 16, 10, 15.5, 12 ], "texture": "#main" },
				"south": { "uv": [ 15.5, 10, 16, 12 ], "texture": "#main" },
				"west": { "uv": [ 9.5, 10, 10, 12 ], "texture": "#main" },
				"east": { "uv": [ 10, 10, 9.5, 12 ], "texture": "#main" }
			}
		},
		{
			"__comment": "Main31",
			"from": [ 15.5, 4.5, 6.5 ],
			"to": [ 16, 5.5, 7 ],
			"faces": {
				"down": { "uv": [ 15.5, 9, 16, 9.5 ], "texture": "#main" },
				"up": { "uv": [ 15.5, 6.5, 16, 7 ], "texture": "#main" },
				"north": { "uv": [ 16, 10.5, 15.5, 11.5 ], "texture": "#main" },
				"south": { "uv": [ 15.5, 10.5, 16, 11.5 ], "texture": "#main" },
				"west": { "uv": [ 6.5, 10.5, 7, 11.5 ], "texture": "#main" },
				"east": { "uv": [ 7, 10.5, 6.5, 11.5 ], "texture": "#main" }
			}
		},
		{
			"__comment": "Main32",
			"from": [ 15.5, 4.5, 7.5 ],
			"to": [ 16, 5.5, 8 ],
			"faces": {
				"down": { "uv": [ 15.5, 8, 16, 8.5 ], "texture": "#main" },
				"up": { "uv": [ 15.5, 7.5, 16, 8 ], "texture": "#main" },
				"north": { "uv": [ 16, 10.5, 15.5, 11.5 ], "texture": "#main" },
				"south": { "uv": [ 15.5, 10.5, 16, 11.5 ], "texture": "#main" },
				"west": { "uv": [ 7.5, 10.5, 8, 11.5 ], "texture": "#main" },
				"east": { "uv": [ 8, 10.5, 7.5, 11.5 ], "texture": "#main" }
			}
		},
		{
			"__comment": "Main33",
			"from": [ 15.5, 4.5, 8.5 ],
			"to": [ 16, 5.5, 9 ],
			"faces": {
				"down": { "uv": [ 15.5, 7, 16, 7.5 ], "texture": "#main" },
				"up": { "uv": [ 15.5, 8.5, 16, 9 ], "texture": "#main" },
				"north": { "uv": [ 16, 10.5, 15.5, 11.5 ], "texture": "#main" },
				"south": { "uv": [ 15.5, 10.5, 16, 11.5 ], "texture": "#main" },
				"west": { "uv": [ 8.5, 10.5, 9, 11.5 ], "texture": "#main" },
				"east": { "uv": [ 9, 10.5, 8.5, 11.5 ], "texture": "#main" }
			}
		},
		{
			"__comment": "Main34",
			"from": [ 15.5, 6, 6.5 ],
			"to": [ 16, 7, 7 ],
			"faces": {
				"down": { "uv": [ 15.5, 9, 16, 9.5 ], "texture": "#main" },
				"up": { "uv": [ 15.5, 6.5, 16, 7 ], "texture": "#main" },
				"north": { "uv": [ 16, 9, 15.5, 10 ], "texture": "#main" },
				"south": { "uv": [ 15.5, 9, 16, 10 ], "texture": "#main" },
				"west": { "uv": [ 6.5, 9, 7, 10 ], "texture": "#main" },
				"east": { "uv": [ 7, 9, 6.5, 10 ], "texture": "#main" }
			}
		},
		{
			"__comment": "Main",
			"from": [ 15.5, 6, 8.5 ],
			"to": [ 16, 7, 9 ],
			"faces": {
				"down": { "uv": [ 15.5, 7, 16, 7.5 ], "texture": "#main" },
				"up": { "uv": [ 15.5, 8.5, 16, 9 ], "texture": "#main" },
				"north": { "uv": [ 16, 9, 15.5, 10 ], "texture": "#main" },
				"south": { "uv": [ 15.5, 9, 16, 10 ], "texture": "#main" },
				"west": { "uv": [ 8.5, 9, 9, 10 ], "texture": "#main" },
				"east": { "uv": [ 9, 9, 8.5, 10 ], "texture": "#main" }
			}
		},
		{
			"__comment": "Handle-Crank3",
			"from": [ 16, 5.5, 7.5 ],
			"to": [ 17.5, 6.5, 8.5 ],
			"faces": {
				"down": { "uv": [ 0, 7.5, 1.5, 8.5 ], "texture": "#metal" },
				"up": { "uv": [ 0, 7.5, 1.5, 8.5 ], "texture": "#metal" },
				"north": { "uv": [ 1.5, 9.5, 16, 10.5 ], "texture": "#metal" },
				"south": { "uv": [ 0, 9.5, 1.5, 10.5 ], "texture": "#metal" },
				"west": { "uv": [ 7.5, 9.5, 8.5, 10.5 ], "texture": "#metal" },
				"east": { "uv": [ 8.5, 9.5, 7.5, 10.5 ], "texture": "#metal" }
			}
		},
		{
			"__comment": "Handle-Crank2",
			"from": [ 17, 6.5, 7.5 ],
			"to": [ 18, 8.5, 8.5 ],
			"faces": {
				"down": { "uv": [ 1, 7.5, 2, 8.5 ], "texture": "#metal" },
				"up": { "uv": [ 1, 7.5, 2, 8.5 ], "texture": "#metal" },
				"north": { "uv": [ 2, 7.5, 1, 9.5 ], "texture": "#metal" },
				"south": { "uv": [ 1, 7.5, 2, 9.5 ], "texture": "#metal" },
				"west": { "uv": [ 7.5, 7.5, 8.5, 9.5 ], "texture": "#metal" },
				"east": { "uv": [ 8.5, 7.5, 7.5, 9.5 ], "texture": "#metal" }
			}
		},
		{
			"__comment": "Handle-Crank1",
			"from": [ 17, 8.5, 7.5 ],
			"to": [ 17.5, 9.5, 8.5 ],
			"faces": {
				"down": { "uv": [ 1, 7.5, 1.5, 8.5 ], "texture": "#metal" },
				"up": { "uv": [ 1, 7.5, 1.5, 8.5 ], "texture": "#metal" },
				"north": { "uv": [ 1.5, 6.5, 1, 7.5 ], "texture": "#metal" },
				"south": { "uv": [ 1, 6.5, 1.5, 7.5 ], "texture": "#metal" },
				"west": { "uv": [ 7.5, 6.5, 8.5, 7.5 ], "texture": "#metal" },
				"east": { "uv": [ 8.5, 6.5, 7.5, 7.5 ], "texture": "#metal" }
			}
		},
		{
			"__comment": "Handle-Crank",
			"from": [ 17.5, 6, 7.5 ],
			"to": [ 18, 6.5, 8.5 ],
			"faces": {
				"down": { "uv": [ 1.5, 7.5, 2, 8.5 ], "texture": "#metal" },
				"up": { "uv": [ 1.5, 7.5, 2, 8.5 ], "texture": "#metal" },
				"north": { "uv": [ 2, 9.5, 1.5, 10 ], "texture": "#metal" },
				"south": { "uv": [ 1.5, 9.5, 2, 10 ], "texture": "#metal" },
				"west": { "uv": [ 7.5, 9.5, 8.5, 10 ], "texture": "#metal" },
				"east": { "uv": [ 8.5, 9.5, 7.5, 10 ], "texture": "#metal" }
			}
		},
		{
			"__comment": "Handle4",
			"from": [ 17.5, 8.5, 7.5 ],
			"to": [ 21, 10, 8.5 ],
			"faces": {
				"down": { "uv": [ 1.5, 7.5, 5, 8.5 ], "texture": "#handle" },
				"up": { "uv": [ 1.5, 7.5, 5, 8.5 ], "texture": "#handle" },
				"north": { "uv": [ 5, 6, 1.5, 7.5 ], "texture": "#handle" },
				"south": { "uv": [ 1.5, 6, 5, 7.5 ], "texture": "#handle" },
				"west": { "uv": [ 7.5, 6, 8.5, 7.5 ], "texture": "#handle" },
				"east": { "uv": [ 8.5, 6, 7.5, 7.5 ], "texture": "#handle" }
			}
		},
		{
			"__comment": "Handle3",
			"from": [ 18, 9, 7 ],
			"to": [ 21, 10, 7.5 ],
			"faces": {
				"down": { "uv": [ 2, 8.5, 5, 9 ], "texture": "#handle" },
				"up": { "uv": [ 2, 7, 5, 7.5 ], "texture": "#handle" },
				"north": { "uv": [ 5, 6, 2, 7 ], "texture": "#handle" },
				"south": { "uv": [ 2, 6, 5, 7 ], "texture": "#handle" },
				"west": { "uv": [ 7, 6, 7.5, 7 ], "texture": "#handle" },
				"east": { "uv": [ 7.5, 6, 7, 7 ], "texture": "#handle" }
			}
		},
		{
			"__comment": "Handle2",
			"from": [ 18, 9, 8.5 ],
			"to": [ 21, 10, 9 ],
			"faces": {
				"down": { "uv": [ 2, 7, 5, 7.5 ], "texture": "#handle" },
				"up": { "uv": [ 2, 8.5, 5, 9 ], "texture": "#handle" },
				"north": { "uv": [ 5, 6, 2, 7 ], "texture": "#handle" },
				"south": { "uv": [ 2, 6, 5, 7 ], "texture": "#handle" },
				"west": { "uv": [ 8.5, 6, 9, 7 ], "texture": "#handle" },
				"east": { "uv": [ 9, 6, 8.5, 7 ], "texture": "#handle" }
			}
		},
		{
			"__comment": "Handle1",
			"from": [ 18, 10, 7.5 ],
			"to": [ 21, 10.5, 8.5 ],
			"faces": {
				"down": { "uv": [ 2, 7.5, 5, 8.5 ], "texture": "#handle" },
				"up": { "uv": [ 2, 7.5, 5, 8.5 ], "texture": "#handle" },
				"north": { "uv": [ 5, 5.5, 2, 6 ], "texture": "#handle" },
				"south": { "uv": [ 2, 5.5, 5, 6 ], "texture": "#handle" },
				"west": { "uv": [ 7.5, 5.5, 8.5, 6 ], "texture": "#handle" },
				"east": { "uv": [ 8.5, 5.5, 7.5, 6 ], "texture": "#handle" }
			}
		},
		{
			"__comment": "Handle",
			"from": [ 21, 9, 7.5 ],
			"to": [ 21.5, 10, 8.5 ],
			"faces": {
				"down": { "uv": [ 5, 7.5, 5.5, 8.5 ], "texture": "#handle" },
				"up": { "uv": [ 5, 7.5, 5.5, 8.5 ], "texture": "#handle" },
				"north": { "uv": [ 5.5, 6, 5, 7 ], "texture": "#handle" },
				"south": { "uv": [ 5, 6, 5.5, 7 ], "texture": "#handle" },
				"west": { "uv": [ 7.5, 6, 8.5, 7 ], "texture": "#handle" },
				"east": { "uv": [ 8.5, 6, 7.5, 7 ], "texture": "#handle" }
			}
		},
		{
			"__comment": "Metal",
			"from": [ -1.5, 3, 6.5 ],
			"to": [ 15.5, 4, 9 ],
			"faces": {
				"down": { "uv": [ 0, 7, 15.5, 9.5 ], "texture": "#metal" },
				"up": { "uv": [ 0, 6.5, 15.5, 9 ], "texture": "#metal" },
				"north": { "uv": [ 15.5, 12, 14.5, 13 ], "texture": "#metal" },
				"south": { "uv": [ 0, 12, 15.5, 13 ], "texture": "#metal" },
				"west": { "uv": [ 6.5, 12, 9, 13 ], "texture": "#metal" },
				"east": { "uv": [ 9, 12, 6.5, 13 ], "texture": "#metal" }
			}
		},
		{
			"__comment": "Metal1",
			"from": [ -1.5, 3.5, 6 ],
			"to": [ 0, 6.5, 6.5 ],
			"faces": {
				"down": { "uv": [ 14.5, 9.5, 16, 10 ], "texture": "#metal" },
				"up": { "uv": [ 14.5, 6, 16, 6.5 ], "texture": "#metal" },
				"north": { "uv": [ 0, 9.5, 14.5, 12.5 ], "texture": "#metal" },
				"south": { "uv": [ 14.5, 9.5, 16, 12.5 ], "texture": "#metal" },
				"west": { "uv": [ 6, 9.5, 6.5, 12.5 ], "texture": "#metal" },
				"east": { "uv": [ 6.5, 9.5, 6, 12.5 ], "texture": "#metal" }
			}
		},
		{
			"__comment": "Metal2",
			"from": [ -1.5, 3.5, 9 ],
			"to": [ 0, 6.5, 9.5 ],
			"faces": {
				"down": { "uv": [ 14.5, 6.5, 16, 7 ], "texture": "#metal" },
				"up": { "uv": [ 14.5, 9, 16, 9.5 ], "texture": "#metal" },
				"north": { "uv": [ 0, 9.5, 14.5, 12.5 ], "texture": "#metal" },
				"south": { "uv": [ 14.5, 9.5, 16, 12.5 ], "texture": "#metal" },
				"west": { "uv": [ 9, 9.5, 9.5, 12.5 ], "texture": "#metal" },
				"east": { "uv": [ 9.5, 9.5, 9, 12.5 ], "texture": "#metal" }
			}
		},
		{
			"__comment": "Metal3",
			"from": [ -1.5, 4, 5.5 ],
			"to": [ 15.5, 6, 6 ],
			"faces": {
				"down": { "uv": [ 0, 10, 15.5, 10.5 ], "texture": "#metal" },
				"up": { "uv": [ 0, 5.5, 15.5, 6 ], "texture": "#metal" },
				"north": { "uv": [ 15.5, 10, 14.5, 12 ], "texture": "#metal" },
				"south": { "uv": [ 0, 10, 15.5, 12 ], "texture": "#metal" },
				"west": { "uv": [ 5.5, 10, 6, 12 ], "texture": "#metal" },
				"east": { "uv": [ 6, 10, 5.5, 12 ], "texture": "#metal" }
			}
		},
		{
			"__comment": "Metal4",
			"from": [ -1.5, 4, 7 ],
			"to": [ 0, 7, 7.5 ],
			"faces": {
				"down": { "uv": [ 14.5, 8.5, 16, 9 ], "texture": "#metal" },
				"up": { "uv": [ 14.5, 7, 16, 7.5 ], "texture": "#metal" },
				"north": { "uv": [ 0, 9, 14.5, 12 ], "texture": "#metal" },
				"south": { "uv": [ 14.5, 9, 16, 12 ], "texture": "#metal" },
				"west": { "uv": [ 7, 9, 7.5, 12 ], "texture": "#metal" },
				"east": { "uv": [ 7.5, 9, 7, 12 ], "texture": "#metal" }
			}
		},
		{
			"__comment": "Metal5",
			"from": [ -1.5, 4, 8 ],
			"to": [ 0, 7, 8.5 ],
			"faces": {
				"down": { "uv": [ 14.5, 7.5, 16, 8 ], "texture": "#metal" },
				"up": { "uv": [ 14.5, 8, 16, 8.5 ], "texture": "#metal" },
				"north": { "uv": [ 0, 9, 14.5, 12 ], "texture": "#metal" },
				"south": { "uv": [ 14.5, 9, 16, 12 ], "texture": "#metal" },
				"west": { "uv": [ 8, 9, 8.5, 12 ], "texture": "#metal" },
				"east": { "uv": [ 8.5, 9, 8, 12 ], "texture": "#metal" }
			}
		},
		{
			"__comment": "Metal6",
			"from": [ -1.5, 4, 9.5 ],
			"to": [ 15.5, 6, 10 ],
			"faces": {
				"down": { "uv": [ 0, 6, 15.5, 6.5 ], "texture": "#metal" },
				"up": { "uv": [ 0, 9.5, 15.5, 10 ], "texture": "#metal" },
				"north": { "uv": [ 15.5, 10, 14.5, 12 ], "texture": "#metal" },
				"south": { "uv": [ 0, 10, 15.5, 12 ], "texture": "#metal" },
				"west": { "uv": [ 9.5, 10, 10, 12 ], "texture": "#metal" },
				"east": { "uv": [ 10, 10, 9.5, 12 ], "texture": "#metal" }
			}
		},
		{
			"__comment": "Metal7",
			"from": [ -1.5, 4.5, 6.5 ],
			"to": [ 15.5, 5.5, 7 ],
			"faces": {
				"down": { "uv": [ 0, 9, 15.5, 9.5 ], "texture": "#metal" },
				"up": { "uv": [ 0, 6.5, 15.5, 7 ], "texture": "#metal" },
				"north": { "uv": [ 15.5, 10.5, 14.5, 11.5 ], "texture": "#metal" },
				"south": { "uv": [ 0, 10.5, 15.5, 11.5 ], "texture": "#metal" },
				"west": { "uv": [ 6.5, 10.5, 7, 11.5 ], "texture": "#metal" },
				"east": { "uv": [ 7, 10.5, 6.5, 11.5 ], "texture": "#metal" }
			}
		},
		{
			"__comment": "Metal8",
			"from": [ -1.5, 4.5, 7.5 ],
			"to": [ 15.5, 5.5, 8 ],
			"faces": {
				"down": { "uv": [ 0, 8, 15.5, 8.5 ], "texture": "#metal" },
				"up": { "uv": [ 0, 7.5, 15.5, 8 ], "texture": "#metal" },
				"north": { "uv": [ 15.5, 10.5, 14.5, 11.5 ], "texture": "#metal" },
				"south": { "uv": [ 0, 10.5, 15.5, 11.5 ], "texture": "#metal" },
				"west": { "uv": [ 7.5, 10.5, 8, 11.5 ], "texture": "#metal" },
				"east": { "uv": [ 8, 10.5, 7.5, 11.5 ], "texture": "#metal" }
			}
		},
		{
			"__comment": "Metal9",
			"from": [ -1.5, 4.5, 8.5 ],
			"to": [ 15.5, 5.5, 9 ],
			"faces": {
				"down": { "uv": [ 0, 7, 15.5, 7.5 ], "texture": "#metal" },
				"up": { "uv": [ 0, 8.5, 15.5, 9 ], "texture": "#metal" },
				"north": { "uv": [ 15.5, 10.5, 14.5, 11.5 ], "texture": "#metal" },
				"south": { "uv": [ 0, 10.5, 15.5, 11.5 ], "texture": "#metal" },
				"west": { "uv": [ 8.5, 10.5, 9, 11.5 ], "texture": "#metal" },
				"east": { "uv": [ 9, 10.5, 8.5, 11.5 ], "texture": "#metal" }
			}
		},
		{
			"__comment": "Metal10",
			"from": [ -1.5, 6, 6.5 ],
			"to": [ 15.5, 7, 7 ],
			"faces": {
				"down": { "uv": [ 0, 9, 15.5, 9.5 ], "texture": "#metal" },
				"up": { "uv": [ 0, 6.5, 15.5, 7 ], "texture": "#metal" },
				"north": { "uv": [ 15.5, 9, 14.5, 10 ], "texture": "#metal" },
				"south": { "uv": [ 0, 9, 15.5, 10 ], "texture": "#metal" },
				"west": { "uv": [ 6.5, 9, 7, 10 ], "texture": "#metal" },
				"east": { "uv": [ 7, 9, 6.5, 10 ], "texture": "#metal" }
			}
		},
		{
			"__comment": "Metal11",
			"from": [ -1.5, 6, 7.5 ],
			"to": [ 16, 6.5, 8 ],
			"faces": {
				"down": { "uv": [ 0, 8, 16, 8.5 ], "texture": "#metal" },
				"up": { "uv": [ 0, 7.5, 16, 8 ], "texture": "#metal" },
				"north": { "uv": [ 16, 9.5, 14.5, 10 ], "texture": "#metal" },
				"south": { "uv": [ 0, 9.5, 16, 10 ], "texture": "#metal" },
				"west": { "uv": [ 7.5, 9.5, 8, 10 ], "texture": "#metal" },
				"east": { "uv": [ 8, 9.5, 7.5, 10 ], "texture": "#metal" }
			}
		},
		{
			"__comment": "Metal12",
			"from": [ -1.5, 6, 8.5 ],
			"to": [ 15.5, 7, 9 ],
			"faces": {
				"down": { "uv": [ 0, 7, 15.5, 7.5 ], "texture": "#metal" },
				"up": { "uv": [ 0, 8.5, 15.5, 9 ], "texture": "#metal" },
				"north": { "uv": [ 15.5, 9, 14.5, 10 ], "texture": "#metal" },
				"south": { "uv": [ 0, 9, 15.5, 10 ], "texture": "#metal" },
				"west": { "uv": [ 8.5, 9, 9, 10 ], "texture": "#metal" },
				"east": { "uv": [ 9, 9, 8.5, 10 ], "texture": "#metal" }
			}
		},
		{
			"__comment": "Metal13",
			"from": [ -1.5, 6.5, 7.5 ],
			"to": [ 0, 7, 8 ],
			"faces": {
				"down": { "uv": [ 14.5, 8, 16, 8.5 ], "texture": "#metal" },
				"up": { "uv": [ 14.5, 7.5, 16, 8 ], "texture": "#metal" },
				"north": { "uv": [ 0, 9, 14.5, 9.5 ], "texture": "#metal" },
				"south": { "uv": [ 14.5, 9, 16, 9.5 ], "texture": "#metal" },
				"west": { "uv": [ 7.5, 9, 8, 9.5 ], "texture": "#metal" },
				"east": { "uv": [ 8, 9, 7.5, 9.5 ], "texture": "#metal" }
			}
		},
		{
			"__comment": "Metal14",
			"from": [ -1, 2.5, 6.5 ],
			"to": [ 0, 3, 9 ],
			"faces": {
				"down": { "uv": [ 15, 7, 16, 9.5 ], "texture": "#metal" },
				"up": { "uv": [ 15, 6.5, 16, 9 ], "texture": "#metal" },
				"north": { "uv": [ 0, 13, 15, 13.5 ], "texture": "#metal" },
				"south": { "uv": [ 15, 13, 16, 13.5 ], "texture": "#metal" },
				"west": { "uv": [ 6.5, 13, 9, 13.5 ], "texture": "#metal" },
				"east": { "uv": [ 9, 13, 6.5, 13.5 ], "texture": "#metal" }
			}
		},
		{
			"__comment": "Metal15",
			"from": [ -1, 3, 5.5 ],
			"to": [ 15.5, 3.5, 6 ],
			"faces": {
				"down": { "uv": [ 0, 10, 15.5, 10.5 ], "texture": "#metal" },
				"up": { "uv": [ 0, 5.5, 15.5, 6 ], "texture": "#metal" },
				"north": { "uv": [ 15.5, 12.5, 15, 13 ], "texture": "#metal" },
				"south": { "uv": [ 0, 12.5, 15.5, 13 ], "texture": "#metal" },
				"west": { "uv": [ 5.5, 12.5, 6, 13 ], "texture": "#metal" },
				"east": { "uv": [ 6, 12.5, 5.5, 13 ], "texture": "#metal" }
			}
		},
		{
			"__comment": "Metal16",
			"from": [ -1, 3, 6 ],
			"to": [ 0, 3.5, 6.5 ],
			"faces": {
				"down": { "uv": [ 15, 9.5, 16, 10 ], "texture": "#metal" },
				"up": { "uv": [ 15, 6, 16, 6.5 ], "texture": "#metal" },
				"north": { "uv": [ 0, 12.5, 15, 13 ], "texture": "#metal" },
				"south": { "uv": [ 15, 12.5, 16, 13 ], "texture": "#metal" },
				"west": { "uv": [ 6, 12.5, 6.5, 13 ], "texture": "#metal" },
				"east": { "uv": [ 6.5, 12.5, 6, 13 ], "texture": "#metal" }
			}
		},
		{
			"__comment": "Metal17",
			"from": [ -1, 3, 9 ],
			"to": [ 0, 3.5, 10 ],
			"faces": {
				"down": { "uv": [ 15, 6, 16, 7 ], "texture": "#metal" },
				"up": { "uv": [ 15, 9, 16, 10 ], "texture": "#metal" },
				"north": { "uv": [ 0, 12.5, 15, 13 ], "texture": "#metal" },
				"south": { "uv": [ 15, 12.5, 16, 13 ], "texture": "#metal" },
				"west": { "uv": [ 9, 12.5, 10, 13 ], "texture": "#metal" },
				"east": { "uv": [ 10, 12.5, 9, 13 ], "texture": "#metal" }
			}
		},
		{
			"__comment": "Metal18",
			"from": [ -1, 3.5, 5.5 ],
			"to": [ 0, 4, 6 ],
			"faces": {
				"down": { "uv": [ 15, 10, 16, 10.5 ], "texture": "#metal" },
				"up": { "uv": [ 15, 5.5, 16, 6 ], "texture": "#metal" },
				"north": { "uv": [ 0, 12, 15, 12.5 ], "texture": "#metal" },
				"south": { "uv": [ 15, 12, 16, 12.5 ], "texture": "#metal" },
				"west": { "uv": [ 5.5, 12, 6, 12.5 ], "texture": "#metal" },
				"east": { "uv": [ 6, 12, 5.5, 12.5 ], "texture": "#metal" }
			}
		},
		{
			"__comment": "Metal19",
			"from": [ -1, 3.5, 9.5 ],
			"to": [ 0, 4, 10 ],
			"faces": {
				"down": { "uv": [ 15, 6, 16, 6.5 ], "texture": "#metal" },
				"up": { "uv": [ 15, 9.5, 16, 10 ], "texture": "#metal" },
				"north": { "uv": [ 0, 12, 15, 12.5 ], "texture": "#metal" },
				"south": { "uv": [ 15, 12, 16, 12.5 ], "texture": "#metal" },
				"west": { "uv": [ 9.5, 12, 10, 12.5 ], "texture": "#metal" },
				"east": { "uv": [ 10, 12, 9.5, 12.5 ], "texture": "#metal" }
			}
		},
		{
			"__comment": "Metal20",
			"from": [ -1, 4, 5 ],
			"to": [ 0, 6, 5.5 ],
			"faces": {
				"down": { "uv": [ 15, 10.5, 16, 11 ], "texture": "#metal" },
				"up": { "uv": [ 15, 5, 16, 5.5 ], "texture": "#metal" },
				"north": { "uv": [ 0, 10, 15, 12 ], "texture": "#metal" },
				"south": { "uv": [ 15, 10, 16, 12 ], "texture": "#metal" },
				"west": { "uv": [ 5, 10, 5.5, 12 ], "texture": "#metal" },
				"east": { "uv": [ 5.5, 10, 5, 12 ], "texture": "#metal" }
			}
		},
		{
			"__comment": "Metal21",
			"from": [ -1, 4, 6.5 ],
			"to": [ 0, 4.5, 7 ],
			"faces": {
				"down": { "uv": [ 15, 9, 16, 9.5 ], "texture": "#metal" },
				"up": { "uv": [ 15, 6.5, 16, 7 ], "texture": "#metal" },
				"north": { "uv": [ 0, 11.5, 15, 12 ], "texture": "#metal" },
				"south": { "uv": [ 15, 11.5, 16, 12 ], "texture": "#metal" },
				"west": { "uv": [ 6.5, 11.5, 7, 12 ], "texture": "#metal" },
				"east": { "uv": [ 7, 11.5, 6.5, 12 ], "texture": "#metal" }
			}
		},
		{
			"__comment": "Metal22",
			"from": [ -1, 4, 7.5 ],
			"to": [ 0, 4.5, 8 ],
			"faces": {
				"down": { "uv": [ 15, 8, 16, 8.5 ], "texture": "#metal" },
				"up": { "uv": [ 15, 7.5, 16, 8 ], "texture": "#metal" },
				"north": { "uv": [ 0, 11.5, 15, 12 ], "texture": "#metal" },
				"south": { "uv": [ 15, 11.5, 16, 12 ], "texture": "#metal" },
				"west": { "uv": [ 7.5, 11.5, 8, 12 ], "texture": "#metal" },
				"east": { "uv": [ 8, 11.5, 7.5, 12 ], "texture": "#metal" }
			}
		},
		{
			"__comment": "Metal23",
			"from": [ -1, 4, 8.5 ],
			"to": [ 0, 4.5, 9 ],
			"faces": {
				"down": { "uv": [ 15, 7, 16, 7.5 ], "texture": "#metal" },
				"up": { "uv": [ 15, 8.5, 16, 9 ], "texture": "#metal" },
				"north": { "uv": [ 0, 11.5, 15, 12 ], "texture": "#metal" },
				"south": { "uv": [ 15, 11.5, 16, 12 ], "texture": "#metal" },
				"west": { "uv": [ 8.5, 11.5, 9, 12 ], "texture": "#metal" },
				"east": { "uv": [ 9, 11.5, 8.5, 12 ], "texture": "#metal" }
			}
		},
		{
			"__comment": "Metal24",
			"from": [ -1, 4, 10 ],
			"to": [ 0, 6, 10.5 ],
			"faces": {
				"down": { "uv": [ 15, 5.5, 16, 6 ], "texture": "#metal" },
				"up": { "uv": [ 15, 10, 16, 10.5 ], "texture": "#metal" },
				"north": { "uv": [ 0, 10, 15, 12 ], "texture": "#metal" },
				"south": { "uv": [ 15, 10, 16, 12 ], "texture": "#metal" },
				"west": { "uv": [ 10, 10, 10.5, 12 ], "texture": "#metal" },
				"east": { "uv": [ 10.5, 10, 10, 12 ], "texture": "#metal" }
			}
		},
		{
			"__comment": "Metal25",
			"from": [ -1, 5.5, 6.5 ],
			"to": [ 0, 6, 7 ],
			"faces": {
				"down": { "uv": [ 15, 9, 16, 9.5 ], "texture": "#metal" },
				"up": { "uv": [ 15, 6.5, 16, 7 ], "texture": "#metal" },
				"north": { "uv": [ 0, 10, 15, 10.5 ], "texture": "#metal" },
				"south": { "uv": [ 15, 10, 16, 10.5 ], "texture": "#metal" },
				"west": { "uv": [ 6.5, 10, 7, 10.5 ], "texture": "#metal" },
				"east": { "uv": [ 7, 10, 6.5, 10.5 ], "texture": "#metal" }
			}
		},
		{
			"__comment": "Metal26",
			"from": [ -1, 5.5, 7.5 ],
			"to": [ 0, 6, 8 ],
			"faces": {
				"down": { "uv": [ 15, 8, 16, 8.5 ], "texture": "#metal" },
				"up": { "uv": [ 15, 7.5, 16, 8 ], "texture": "#metal" },
				"north": { "uv": [ 0, 10, 15, 10.5 ], "texture": "#metal" },
				"south": { "uv": [ 15, 10, 16, 10.5 ], "texture": "#metal" },
				"west": { "uv": [ 7.5, 10, 8, 10.5 ], "texture": "#metal" },
				"east": { "uv": [ 8, 10, 7.5, 10.5 ], "texture": "#metal" }
			}
		},
		{
			"__comment": "Metal27",
			"from": [ -1, 5.5, 8.5 ],
			"to": [ 0, 6, 9 ],
			"faces": {
				"down": { "uv": [ 15, 7, 16, 7.5 ], "texture": "#metal" },
				"up": { "uv": [ 15, 8.5, 16, 9 ], "texture": "#metal" },
				"north": { "uv": [ 0, 10, 15, 10.5 ], "texture": "#metal" },
				"south": { "uv": [ 15, 10, 16, 10.5 ], "texture": "#metal" },
				"west": { "uv": [ 8.5, 10, 9, 10.5 ], "texture": "#metal" },
				"east": { "uv": [ 9, 10, 8.5, 10.5 ], "texture": "#metal" }
			}
		},
		{
			"__comment": "Metal28",
			"from": [ -1, 6, 5.5 ],
			"to": [ 0, 7, 6 ],
			"faces": {
				"down": { "uv": [ 15, 10, 16, 10.5 ], "texture": "#metal" },
				"up": { "uv": [ 15, 5.5, 16, 6 ], "texture": "#metal" },
				"north": { "uv": [ 0, 9, 15, 10 ], "texture": "#metal" },
				"south": { "uv": [ 15, 9, 16, 10 ], "texture": "#metal" },
				"west": { "uv": [ 5.5, 9, 6, 10 ], "texture": "#metal" },
				"east": { "uv": [ 6, 9, 5.5, 10 ], "texture": "#metal" }
			}
		},
		{
			"__comment": "Metal29",
			"from": [ -1, 6, 9.5 ],
			"to": [ 0, 7, 10 ],
			"faces": {
				"down": { "uv": [ 15, 6, 16, 6.5 ], "texture": "#metal" },
				"up": { "uv": [ 15, 9.5, 16, 10 ], "texture": "#metal" },
				"north": { "uv": [ 0, 9, 15, 10 ], "texture": "#metal" },
				"south": { "uv": [ 15, 9, 16, 10 ], "texture": "#metal" },
				"west": { "uv": [ 9.5, 9, 10, 10 ], "texture": "#metal" },
				"east": { "uv": [ 10, 9, 9.5, 10 ], "texture": "#metal" }
			}
		},
		{
			"__comment": "Metal30",
			"from": [ -1, 6.5, 6 ],
			"to": [ 0, 7, 6.5 ],
			"faces": {
				"down": { "uv": [ 15, 9.5, 16, 10 ], "texture": "#metal" },
				"up": { "uv": [ 15, 6, 16, 6.5 ], "texture": "#metal" },
				"north": { "uv": [ 0, 9, 15, 9.5 ], "texture": "#metal" },
				"south": { "uv": [ 15, 9, 16, 9.5 ], "texture": "#metal" },
				"west": { "uv": [ 6, 9, 6.5, 9.5 ], "texture": "#metal" },
				"east": { "uv": [ 6.5, 9, 6, 9.5 ], "texture": "#metal" }
			}
		},
		{
			"__comment": "Metal31",
			"from": [ -1, 6.5, 9 ],
			"to": [ 0, 7, 9.5 ],
			"faces": {
				"down": { "uv": [ 15, 6.5, 16, 7 ], "texture": "#metal" },
				"up": { "uv": [ 15, 9, 16, 9.5 ], "texture": "#metal" },
				"north": { "uv": [ 0, 9, 15, 9.5 ], "texture": "#metal" },
				"south": { "uv": [ 15, 9, 16, 9.5 ], "texture": "#metal" },
				"west": { "uv": [ 9, 9, 9.5, 9.5 ], "texture": "#metal" },
				"east": { "uv": [ 9.5, 9, 9, 9.5 ], "texture": "#metal" }
			}
		},
		{
			"__comment": "Metal32",
			"from": [ -1, 7, 6.5 ],
			"to": [ 0, 7.5, 9 ],
			"faces": {
				"down": { "uv": [ 15, 7, 16, 9.5 ], "texture": "#metal" },
				"up": { "uv": [ 15, 6.5, 16, 9 ], "texture": "#metal" },
				"north": { "uv": [ 0, 8.5, 15, 9 ], "texture": "#metal" },
				"south": { "uv": [ 15, 8.5, 16, 9 ], "texture": "#metal" },
				"west": { "uv": [ 6.5, 8.5, 9, 9 ], "texture": "#metal" },
				"east": { "uv": [ 9, 8.5, 6.5, 9 ], "texture": "#metal" }
			}
		},
		{
			"__comment": "Metal33",
			"from": [ 9.5, 10, 7.5 ],
			"to": [ 10, 10.5, 9 ],
			"faces": {
				"down": { "uv": [ 9.5, 7, 10, 8.5 ], "texture": "#metal" },
				"up": { "uv": [ 9.5, 7.5, 10, 9 ], "texture": "#metal" },
				"north": { "uv": [ 10, 5.5, 9.5, 6 ], "texture": "#metal" },
				"south": { "uv": [ 9.5, 5.5, 10, 6 ], "texture": "#metal" },
				"west": { "uv": [ 7.5, 5.5, 9, 6 ], "texture": "#metal" },
				"east": { "uv": [ 9, 5.5, 7.5, 6 ], "texture": "#metal" }
			}
		},
		{
			"__comment": "Metal34",
			"from": [ 10, 10, 7 ],
			"to": [ 10.5, 10.5, 7.5 ],
			"faces": {
				"down": { "uv": [ 10, 8.5, 10.5, 9 ], "texture": "#metal" },
				"up": { "uv": [ 10, 7, 10.5, 7.5 ], "texture": "#metal" },
				"north": { "uv": [ 10.5, 5.5, 10, 6 ], "texture": "#metal" },
				"south": { "uv": [ 10, 5.5, 10.5, 6 ], "texture": "#metal" },
				"west": { "uv": [ 7, 5.5, 7.5, 6 ], "texture": "#metal" },
				"east": { "uv": [ 7.5, 5.5, 7, 6 ], "texture": "#metal" }
			}
		},
		{
			"__comment": "Metal35",
			"from": [ 10, 10, 9 ],
			"to": [ 10.5, 10.5, 9.5 ],
			"faces": {
				"down": { "uv": [ 10, 6.5, 10.5, 7 ], "texture": "#metal" },
				"up": { "uv": [ 10, 9, 10.5, 9.5 ], "texture": "#metal" },
				"north": { "uv": [ 10.5, 5.5, 10, 6 ], "texture": "#metal" },
				"south": { "uv": [ 10, 5.5, 10.5, 6 ], "texture": "#metal" },
				"west": { "uv": [ 9, 5.5, 9.5, 6 ], "texture": "#metal" },
				"east": { "uv": [ 9.5, 5.5, 9, 6 ], "texture": "#metal" }
			}
		},
		{
			"__comment": "Metal36",
			"from": [ 10.5, 10, 6.5 ],
			"to": [ 13, 10.5, 7 ],
			"faces": {
				"down": { "uv": [ 10.5, 9, 13, 9.5 ], "texture": "#metal" },
				"up": { "uv": [ 10.5, 6.5, 13, 7 ], "texture": "#metal" },
				"north": { "uv": [ 13, 5.5, 10.5, 6 ], "texture": "#metal" },
				"south": { "uv": [ 10.5, 5.5, 13, 6 ], "texture": "#metal" },
				"west": { "uv": [ 6.5, 5.5, 7, 6 ], "texture": "#metal" },
				"east": { "uv": [ 7, 5.5, 6.5, 6 ], "texture": "#metal" }
			}
		},
		{
			"__comment": "Metal37",
			"from": [ 10.5, 10, 9.5 ],
			"to": [ 13, 10.5, 10 ],
			"faces": {
				"down": { "uv": [ 10.5, 6, 13, 6.5 ], "texture": "#metal" },
				"up": { "uv": [ 10.5, 9.5, 13, 10 ], "texture": "#metal" },
				"north": { "uv": [ 13, 5.5, 10.5, 6 ], "texture": "#metal" },
				"south": { "uv": [ 10.5, 5.5, 13, 6 ], "texture": "#metal" },
				"west": { "uv": [ 9.5, 5.5, 10, 6 ], "texture": "#metal" },
				"east": { "uv": [ 10, 5.5, 9.5, 6 ], "texture": "#metal" }
			}
		},
		{
			"__comment": "Metal38",
			"from": [ 13, 10, 7 ],
			"to": [ 13.5, 10.5, 7.5 ],
			"faces": {
				"down": { "uv": [ 13, 8.5, 13.5, 9 ], "texture": "#metal" },
				"up": { "uv": [ 13, 7, 13.5, 7.5 ], "texture": "#metal" },
				"north": { "uv": [ 13.5, 5.5, 13, 6 ], "texture": "#metal" },
				"south": { "uv": [ 13, 5.5, 13.5, 6 ], "texture": "#metal" },
				"west": { "uv": [ 7, 5.5, 7.5, 6 ], "texture": "#metal" },
				"east": { "uv": [ 7.5, 5.5, 7, 6 ], "texture": "#metal" }
			}
		},
		{
			"__comment": "Metal39",
			"from": [ 13, 10, 9 ],
			"to": [ 13.5, 10.5, 9.5 ],
			"faces": {
				"down": { "uv": [ 13, 6.5, 13.5, 7 ], "texture": "#metal" },
				"up": { "uv": [ 13, 9, 13.5, 9.5 ], "texture": "#metal" },
				"north": { "uv": [ 13.5, 5.5, 13, 6 ], "texture": "#metal" },
				"south": { "uv": [ 13, 5.5, 13.5, 6 ], "texture": "#metal" },
				"west": { "uv": [ 9, 5.5, 9.5, 6 ], "texture": "#metal" },
				"east": { "uv": [ 9.5, 5.5, 9, 6 ], "texture": "#metal" }
			}
		},
		{
			"__comment": "Metal40",
			"from": [ 13.5, 10, 7.5 ],
			"to": [ 14, 10.5, 9 ],
			"faces": {
				"down": { "uv": [ 13.5, 7, 14, 8.5 ], "texture": "#metal" },
				"up": { "uv": [ 13.5, 7.5, 14, 9 ], "texture": "#metal" },
				"north": { "uv": [ 14, 5.5, 13.5, 6 ], "texture": "#metal" },
				"south": { "uv": [ 13.5, 5.5, 14, 6 ], "texture": "#metal" },
				"west": { "uv": [ 7.5, 5.5, 9, 6 ], "texture": "#metal" },
				"east": { "uv": [ 9, 5.5, 7.5, 6 ], "texture": "#metal" }
			}
		}
	],
	"display": {
		"thirdperson_righthand": {
			"rotation":  [ 75, 45, 0 ],
			"translation":  [ 0, 2.5, 0 ],
			"scale":  [ 0.375, 0.375, 0.375 ]
		},
		"thirdperson_lefthand": {
			"rotation":  [ 75, 45, 0 ],
			"translation":  [ 0, 2.5, 0 ],
			"scale":  [ 0.375, 0.375, 0.375 ]
		},
		"firstperson_righthand": {
			"rotation":  [ 0, 90, -25 ],
			"translation":  [ 1.13, 3.2, 1.13 ],
			"scale":  [ 0.68, 0.68, 0.68 ]
		},
		"firstperson_lefthand": {
			"rotation":  [ 0, -90, 25 ],
			"translation":  [ 1.13, 3.2, 1.13 ],
			"scale":  [ 0.68, 0.68, 0.68 ]
		},
		"gui": {
			"rotation":  [ 30, 225, 0 ],
			"scale":  [ 0.625, 0.625, 0.625 ]
		},
		"ground": {
			"translation":  [ 0, 3, 0 ],
			"scale":  [ 0.25, 0.25, 0.25 ]
		},
		"fixed": {
			"scale":  [ 0.5, 0.5, 0.5 ]
		}
	}
}