{
"textures": {
  "particle": "block/stripped_acacia_log",
  "texture": "block/stripped_acacia_log"
},
"elements": [ 
{
  "__comment": "Center post",
  "from": [ 6, 0, 6 ],
  "to": [ 10, 16, 10 ],
  "faces": {
    "down": { "uv": [ 8, 6, 12, 10 ], "texture": "#texture", "cullface": "down" },
    "up":  { "uv": [ 8, 6, 12, 10 ], "texture": "#texture", "cullface": "up" },
    "north": { "uv": [ 6, 0, 10, 16 ], "texture": "#texture" },
    "south": { "uv": [ 6, 0, 10, 16 ], "texture": "#texture" },
    "west": { "uv": [ 6, 0, 10, 16 ], "texture": "#texture" },
    "east": { "uv": [ 6, 0, 10, 16 ], "texture": "#texture" }
  }
}
]
}