{
	"__comment": "Conquest Reforged",
	"textures": {
		"particle": "block/acacia_button",
		"texture": "block/acacia_button",
		"texture1": "block/tripwire"
	},
	"elements": [ 	 
		{
			"__comment": "Element",
			"from": [ 5, 0, 5 ],
			"to": [ 11, 2, 11 ],
			"faces": {
				"down": { "uv": [ 5, 5, 11, 11 ], "texture": "#texture", "cullface": "down" },
				"up": { "uv": [ 5, 5, 11, 11 ], "texture": "#texture" },
				"north": { "uv": [ 5, 14, 11, 16 ], "texture": "#texture" },
				"south": { "uv": [ 5, 14, 11, 16 ], "texture": "#texture" },
				"west": { "uv": [ 5, 14, 11, 16 ], "texture": "#texture" },
				"east": { "uv": [ 5, 14, 11, 16 ], "texture": "#texture" }
			}
		},
		{
			"__comment": "Element",
			"from": [ 7, 1, 7 ],
			"to": [ 9, 7, 9 ],
			"rotation": { "origin": [ 7, 1, 7 ], "axis": "x", "angle": -22.5 },
			"faces": {
				"down": { "uv": [ 7, 7, 9, 9 ], "texture": "#texture", "cullface": "down" },
				"up": { "uv": [ 7, 7, 9, 9 ], "texture": "#texture" },
				"north": { "uv": [ 7, 8.5, 9, 14 ], "texture": "#texture" },
				"south": { "uv": [ 7, 8.5, 9, 14 ], "texture": "#texture" },
				"west": { "uv": [ 7, 8.5, 9, 14 ], "texture": "#texture" },
				"east": { "uv": [ 7, 8.5, 9, 14 ], "texture": "#texture" }
			}
		},
		{
			"__comment": "PlaneX5",
			"from": [ 8, 6.5, 0 ],
			"to": [ 8.001, 7.5, 6.5 ],
			"faces": {
				"west": { "uv": [ 0, 0.5, 9, 1.5 ], "texture": "#texture1" },
				"east": { "uv": [ 0, 0.5, 9.5, 1.5 ], "texture": "#texture1" }
			}
		},
		{
			"__comment": "PlaneY8",
			"from": [ 7.5, 7, 0 ],
			"to": [ 8.401001, 7.001, 6.5 ],
			"faces": {
				"down": { "uv": [ 0, 0.5, 9, 1.5 ], "texture": "#texture1", "rotation": 270 },
				"up": { "uv": [ 0, 0.5, 9, 1.5 ], "texture": "#texture1", "rotation": 270 }
			}
		}
	]
}