{
	"__comment": "Conquest Reforged",
	"textures": {
		"particle": "block/acacia_button",
		"texture": "block/acacia_button",
		"texture1": "block/tripwire"
	},
	"elements": [ 	 
		{
			"__comment": "Element",
			"from": [ 5, 0, 5 ],
			"to": [ 11, 2, 11 ],
			"faces": {
				"down": { "uv": [ 5, 5, 11, 11 ], "texture": "#texture", "cullface": "down" },
				"up": { "uv": [ 5, 5, 11, 11 ], "texture": "#texture" },
				"north": { "uv": [ 5, 14, 11, 16 ], "texture": "#texture" },
				"south": { "uv": [ 5, 14, 11, 16 ], "texture": "#texture" },
				"west": { "uv": [ 5, 14, 11, 16 ], "texture": "#texture" },
				"east": { "uv": [ 5, 14, 11, 16 ], "texture": "#texture" }
			}
		},
		{
			"__comment": "Element",
			"from": [ 7, 1.375, 7 ],
			"to": [ 9, 7.375, 9 ],
			"faces": {
				"down": { "uv": [ 7, 7, 9, 9 ], "texture": "#texture", "cullface": "down" },
				"up": { "uv": [ 7, 7, 9, 9 ], "texture": "#texture" },
				"north": { "uv": [ 7, 8.5, 9, 14 ], "texture": "#texture" },
				"south": { "uv": [ 7, 8.5, 9, 14 ], "texture": "#texture" },
				"west": { "uv": [ 7, 8.5, 9, 14 ], "texture": "#texture" },
				"east": { "uv": [ 7, 8.5, 9, 14 ], "texture": "#texture" }
			}
		},
		{
			"__comment": "PlaneX5",
			"from": [ 8, 7.0227, 7.4372 ],
			"to": [ 8.001, 16.0227, 8.4372 ],
			"rotation": { "origin": [ 8, 6.75, 8.5 ], "axis": "x", "angle": 0 },
			"faces": {
				"west": { "uv": [ 0, 0.5, 8.5, 1.5 ], "texture": "#texture1", "rotation": 270 },
				"east": { "uv": [ 0, 0.5, 8.5, 1.5 ], "texture": "#texture1", "rotation": 270 }
			}
		},
		{
			"__comment": "PlaneY8",
			"from": [ 7.5745, 7.0759, 8 ],
			"to": [ 8.425501, 16.0759, 8.094998 ],
			"rotation": { "origin": [ 8, 6, 8 ], "axis": "x", "angle": 0 },
			"faces": {
				"north": { "uv": [ 0, 0.5, 8.5, 1.5 ], "texture": "#texture1", "rotation": 270 },
				"south": { "uv": [ 0, 0.5, 8.5, 1.5 ], "texture": "#texture1", "rotation": 270 }
			}
		}
	]
}