{
	"credit": "Made with Blockbench",
	"parent": "block/block",
	"textures": {
		"1": "block/stripped_acacia_log",
		"particle": "block/red_wool"
	},
	"elements": [
		{
			"name": "Right-hand post",
			"from": [14, 0, 6.8125],
			"to": [16, 16, 9.3125],
			"faces": {
				"north": {"uv": [7, 0, 9, 16], "texture": "#1"},
				"east": {"uv": [7, 0, 9, 16], "texture": "#1"},
				"south": {"uv": [7, 0, 9, 16], "texture": "#1"},
				"west": {"uv": [7, 0, 9, 16], "texture": "#1"},
				"up": {"uv": [14, 7, 16, 9], "texture": "#1"},
				"down": {"uv": [14, 7, 16, 9], "texture": "#1"}
			}
		},
		{
			"name": "top bar",
			"from": [12, 10.375, 7.0625],
			"to": [15, 12.375, 9.0625],
			"rotation": {"angle": 45, "axis": "z", "origin": [12, 12.375, 7.0625]},
			"faces": {
				"north": {"uv": [11.5, 1, 14.5, 3], "texture": "#particle"},
				"east": {"uv": [12.5, 1, 14.5, 3], "texture": "#particle"},
				"south": {"uv": [11.5, 1, 14.5, 3], "texture": "#particle"},
				"west": {"uv": [13, 1, 15, 3], "texture": "#particle"},
				"up": {"uv": [11.875, 7, 14.875, 9], "texture": "#particle"},
				"down": {"uv": [11.875, 7, 14.875, 9], "texture": "#particle"}
			}
		},
		{
			"name": "top bar*",
			"from": [9.9375, 9.75, 7.125],
			"to": [12.9375, 11.75, 8.9375],
			"rotation": {"angle": 22.5, "axis": "z", "origin": [9.9375, 11.75, 7.125]},
			"faces": {
				"north": {"uv": [11.5, 7, 14.5, 9], "texture": "#particle"},
				"east": {"uv": [11.5, 7, 13.5, 9], "texture": "#particle"},
				"south": {"uv": [11, 7.5, 14, 9.5], "texture": "#particle"},
				"west": {"uv": [11.5, 7, 13.5, 9], "texture": "#particle"},
				"up": {"uv": [11, 7, 14, 9], "texture": "#particle"},
				"down": {"uv": [9.8125, 7, 12.8125, 9], "texture": "#particle"}
			}
		},
		{
			"name": "top bar*",
			"from": [5.5, 10, 7],
			"to": [11, 12, 9],
			"faces": {
				"north": {"uv": [0, 1, 5.5, 3], "texture": "#particle"},
				"east": {"uv": [1.5, 7, 3.5, 9], "texture": "#particle"},
				"south": {"uv": [0, 1.5, 5.5, 3.5], "texture": "#particle"},
				"west": {"uv": [1.5, 7.5, 3.5, 9.5], "texture": "#particle"},
				"up": {"uv": [0, 6.5, 5.5, 8.5], "texture": "#particle"},
				"down": {"uv": [0, 7, 5.5, 9], "texture": "#particle"}
			}
		},
		{
			"name": "top bar*",
			"from": [1.875, 13, 7],
			"to": [5.375, 15, 9.0625],
			"rotation": {"angle": -45, "axis": "z", "origin": [1.875, 15, 7]},
			"faces": {
				"north": {"uv": [1.8125, 1, 5.3125, 3], "texture": "#particle"},
				"east": {"uv": [7, 1, 9, 3], "texture": "#particle"},
				"south": {"uv": [1.8125, 1, 5.3125, 3], "texture": "#particle"},
				"west": {"uv": [7, 1, 9, 3], "texture": "#particle"},
				"up": {"uv": [1.8125, 7, 5.3125, 9], "texture": "#particle"},
				"down": {"uv": [1.8125, 7, 5.3125, 9], "texture": "#particle"}
			}
		},
		{
			"name": "top bar*",
			"from": [3.6875, 10.9375, 7.0625],
			"to": [6.6875, 12.9375, 8.9375],
			"rotation": {"angle": -22.5, "axis": "z", "origin": [3.6875, 12.9375, 7.0625]},
			"faces": {
				"north": {"uv": [1, 1, 4, 3], "texture": "#particle"},
				"east": {"uv": [0.5, 1, 2.5, 3], "texture": "#particle"},
				"south": {"uv": [1, 1, 4, 3], "texture": "#particle"},
				"west": {"uv": [1, 1, 3, 3], "texture": "#particle"},
				"up": {"uv": [1, 7, 4, 9], "texture": "#particle"},
				"down": {"uv": [1, 7, 4, 9], "texture": "#particle"}
			}
		},
		{
			"name": "Right-hand post*",
			"from": [0, 0, 6.8125],
			"to": [2, 16, 9.3125],
			"faces": {
				"north": {"uv": [7, 0, 9, 16], "texture": "#1"},
				"east": {"uv": [7, 0, 9, 16], "texture": "#1"},
				"south": {"uv": [7, 0, 9, 16], "texture": "#1"},
				"west": {"uv": [7, 0, 9, 16], "texture": "#1"},
				"up": {"uv": [14, 7, 16, 9], "texture": "#1"},
				"down": {"uv": [14, 7, 16, 9], "texture": "#1"}
			}
		}
	]
}