{
	"credit": "Made with Blockbench",
	"textures": {
		"texture": "block/red_wool",
		"red_wool": "block/red_wool"
	},
	"elements": [
		{
			"name": "top bar",
			"from": [7, 11, 0],
			"to": [9, 13, 3.5],
			"faces": {
				"north": {"uv": [0, 1, 2, 3], "texture": "#texture", "cullface": "north"},
				"east": {"uv": [0, 1, 3, 3], "texture": "#texture"},
				"west": {"uv": [0, 1, 3, 3], "texture": "#texture"},
				"up": {"uv": [7, 1, 9, 4], "texture": "#red_wool"},
				"down": {"uv": [7, 1, 9, 4], "texture": "#red_wool"}
			}
		},
		{
			"name": "top bar*",
			"from": [7.0625, 10.75, 2.5],
			"to": [8.9375, 12.75, 5.5],
			"rotation": {"angle": -22.5, "axis": "x", "origin": [7.0625, 12.75, 2.5]},
			"faces": {
				"north": {"uv": [0, 1, 1.875, 3], "texture": "#texture", "cullface": "north"},
				"east": {"uv": [1.5, 1, 4.5, 3], "texture": "#texture"},
				"west": {"uv": [1.5, 1, 4.5, 3], "texture": "#texture"},
				"up": {"uv": [7, 0.5, 8.875, 3.5], "texture": "#red_wool"},
				"down": {"uv": [9, 4, 7.125, 1], "texture": "#red_wool"}
			}
		},
		{
			"name": "top bar*",
			"from": [7, 11.5, 4.5],
			"to": [9, 13.5, 7],
			"rotation": {"angle": -45, "axis": "x", "origin": [7, 13.5, 4.5]},
			"faces": {
				"north": {"uv": [0, 1, 2, 3], "texture": "#red_wool", "cullface": "north"},
				"east": {"uv": [3.5, 1, 6, 3], "texture": "#texture"},
				"west": {"uv": [3.5, 1, 6, 3], "texture": "#texture"},
				"up": {"uv": [7, 1, 9, 3.5], "texture": "#red_wool"},
				"down": {"uv": [8.5, 3.5, 6.5, 1], "texture": "#red_wool"}
			}
		},
		{
			"name": "top bar*",
			"from": [7, 5, 0],
			"to": [9, 7, 3.5],
			"faces": {
				"north": {"uv": [0, 7, 2, 9], "texture": "#texture", "cullface": "north"},
				"east": {"uv": [0, 7, 3, 9], "texture": "#texture"},
				"west": {"uv": [0, 7, 3, 9], "texture": "#texture"},
				"up": {"uv": [10, 7, 12, 10], "texture": "#texture"},
				"down": {"uv": [16, 10, 14, 7], "texture": "#texture"}
			}
		},
		{
			"name": "top bar*",
			"from": [7.0625, 4.75, 2.375],
			"to": [8.9375, 6.75, 5.375],
			"rotation": {"angle": -22.5, "axis": "x", "origin": [7.0625, 6.75, 2.375]},
			"faces": {
				"north": {"uv": [0, 7, 1.875, 9], "texture": "#texture", "cullface": "north"},
				"east": {"uv": [0, 7, 3, 9], "texture": "#texture"},
				"west": {"uv": [0, 7, 3, 9], "texture": "#texture"},
				"up": {"uv": [0, 7, 1.875, 10], "texture": "#texture"},
				"down": {"uv": [1.875, 10, 0, 7], "texture": "#texture"}
			}
		},
		{
			"name": "top bar*",
			"from": [7, 5.5, 4.5],
			"to": [9, 7.5, 7],
			"rotation": {"angle": -45, "axis": "x", "origin": [7, 7.5, 4.5]},
			"faces": {
				"north": {"uv": [0, 7, 2, 9], "texture": "#texture", "cullface": "north"},
				"east": {"uv": [0, 7, 2.5, 9], "texture": "#texture"},
				"west": {"uv": [0, 7, 2.5, 9], "texture": "#texture"},
				"up": {"uv": [0, 7, 2, 9.5], "texture": "#texture"},
				"down": {"uv": [2, 9.5, 0, 7], "texture": "#texture"}
			}
		}
	]
}