{
	"credit": "Made with Blockbench",
	"textures": {
		"1": "block/bamboo_singleleaf",
		"all": "block/bamboo_stalk",
		"particle": "block/bamboo_stalk"
	},
	"elements": [
		{
			"from": [6.5, 0, 6.5],
			"to": [9.5, 16, 9.5],
			"faces": {
				"north": {"uv": [0, 0, 3, 16], "texture": "#all"},
				"east": {"uv": [0, 0, 3, 16], "texture": "#all"},
				"south": {"uv": [0, 0, 3, 16], "texture": "#all"},
				"west": {"uv": [0, 0, 3, 16], "texture": "#all"},
				"up": {"uv": [13, 0, 16, 3], "texture": "#all", "cullface": "up"},
				"down": {"uv": [13, 4, 16, 7], "texture": "#all", "cullface": "down"}
			}
		},
		{
			"from": [0.25, -1.25, 8.25],
			"to": [16.25, 14.75, 8.25],
			"rotation": {"angle": 22.5, "axis": "y", "origin": [8, 8, 8.5]},
			"faces": {
				"north": {"uv": [0, 0, 16, 16], "texture": "#1"},
				"east": {"uv": [0, 0, 0, 16], "texture": "#1"},
				"south": {"uv": [16, 0, 0, 16], "texture": "#1"},
				"west": {"uv": [0, 0, 0, 16], "texture": "#1"},
				"up": {"uv": [0, 0, 16, 0], "texture": "#1"},
				"down": {"uv": [0, 0, 16, 0], "texture": "#1"}
			}
		}
	]
}