{
	"credit": "Made with Blockbench",
	"textures": {
		"1": "block/iron_block",
		"particle": "block/iron_block",
		"bar": "block/dark_oak_planks"
	},
	"elements": [
		{
			"from": [0.03125, 13.28125, 7],
			"to": [16.03125, 15.28125, 9],
			"faces": {
				"north": {"uv": [0.5, 0, 2.5, 16], "rotation": 90, "texture": "#bar"},
				"east": {"uv": [0, 0, 2, 2], "texture": "#bar"},
				"south": {"uv": [4, 0, 6, 16], "rotation": 90, "texture": "#bar"},
				"west": {"uv": [0, 0, 2, 2], "rotation": 180, "texture": "#bar"},
				"up": {"uv": [2, 0, 4, 16], "rotation": 90, "texture": "#bar"},
				"down": {"uv": [5, 0, 7, 16], "rotation": 90, "texture": "#bar"}
			}
		},
		{
			"from": [0.90625, 13, 6.84375],
			"to": [3.0625, 16, 9.09375],
			"faces": {
				"north": {"uv": [7.75, 0.75, 10.25, 3.25], "texture": "#1"},
				"east": {"uv": [7.75, 0.75, 10.25, 3.25], "texture": "#1"},
				"south": {"uv": [7.75, 0.75, 10.25, 3.25], "texture": "#1"},
				"west": {"uv": [7.75, 0.75, 10.25, 3.25], "rotation": 180, "texture": "#1"},
				"up": {"uv": [6.75, 5.75, 9.25, 8.25], "texture": "#1"},
				"down": {"uv": [6.75, 0.75, 9.25, 3.25], "texture": "#1"}
			}
		},
		{
			"from": [6.90625, 12.90625, 6.84375],
			"to": [9.0625, 15.40625, 9.09375],
			"faces": {
				"north": {"uv": [7.75, 0.75, 10.25, 3.25], "texture": "#1"},
				"east": {"uv": [7.75, 0.75, 10.25, 3.25], "texture": "#1"},
				"south": {"uv": [7.75, 0.75, 10.25, 3.25], "texture": "#1"},
				"west": {"uv": [7.75, 0.75, 10.25, 3.25], "rotation": 180, "texture": "#1"},
				"up": {"uv": [6.75, 5.75, 9.25, 8.25], "texture": "#1"},
				"down": {"uv": [6.75, 0.75, 9.25, 3.25], "texture": "#1"}
			}
		},
		{
			"from": [13.15625, 13, 6.84375],
			"to": [15.3125, 16, 9.09375],
			"faces": {
				"north": {"uv": [7.75, 0.75, 10.25, 3.25], "texture": "#1"},
				"east": {"uv": [7.75, 0.75, 10.25, 3.25], "texture": "#1"},
				"south": {"uv": [7.75, 0.75, 10.25, 3.25], "texture": "#1"},
				"west": {"uv": [7.75, 0.75, 10.25, 3.25], "rotation": 180, "texture": "#1"},
				"up": {"uv": [6.75, 5.75, 9.25, 8.25], "texture": "#1"},
				"down": {"uv": [6.75, 0.75, 9.25, 3.25], "texture": "#1"}
			}
		}
	]
}