{
	"credit": "Made with Blockbench",
	"ambientocclusion": false,
	"textures": {
		"cross": "block/sweet_berry_bush_stage1",
		"particle": "block/sweet_berry_bush_stage1"
	},
	"elements": [
		{
			"from": [1, -2.75, -9.5],
			"to": [1, 29.25, 22.5],
			"rotation": {"angle": 22.5, "axis": "z", "origin": [1.5, 13.25, 13.25]},
			"faces": {
				"north": {"uv": [0, 0, 0, 16], "texture": "#cross"},
				"east": {"uv": [0, 0, 16, 16], "texture": "#cross"},
				"south": {"uv": [0, 0, 0, 16], "texture": "#cross"},
				"west": {"uv": [0, 0, 16, 16], "texture": "#cross"},
				"up": {"uv": [0, 0, 16, 0], "rotation": 90, "texture": "#cross"},
				"down": {"uv": [0, 0, 16, 0], "rotation": 270, "texture": "#cross"}
			}
		},
		{
			"from": [-9.5, -2.75, 0.25],
			"to": [22.5, 29.25, 0.25],
			"rotation": {"angle": -22.5, "axis": "x", "origin": [0.5, 13.25, 0.75]},
			"faces": {
				"north": {"uv": [0, 0, 16, 16], "texture": "#cross"},
				"east": {"uv": [0, 0, 0, 16], "texture": "#cross"},
				"south": {"uv": [0, 0, 16, 16], "texture": "#cross"},
				"west": {"uv": [0, 0, 0, 16], "texture": "#cross"},
				"up": {"uv": [0, 0, 16, 0], "texture": "#cross"},
				"down": {"uv": [0, 0, 16, 0], "texture": "#cross"}
			}
		},
		{
			"from": [11.5, -2.75, -9.75],
			"to": [11.5, 29.25, 22.25],
			"rotation": {"angle": -22.5, "axis": "z", "origin": [11, 13.25, -1.25]},
			"faces": {
				"north": {"uv": [0, 0, 0, 16], "texture": "#cross"},
				"east": {"uv": [0, 0, 16, 16], "texture": "#cross"},
				"south": {"uv": [0, 0, 0, 16], "texture": "#cross"},
				"west": {"uv": [0, 0, 16, 16], "texture": "#cross"},
				"up": {"uv": [0, 0, 16, 0], "rotation": 270, "texture": "#cross"},
				"down": {"uv": [0, 0, 16, 0], "rotation": 90, "texture": "#cross"}
			}
		},
		{
			"from": [-9.5, -2.75, 10.75],
			"to": [22.5, 29.25, 10.75],
			"rotation": {"angle": 22.5, "axis": "x", "origin": [11, 13.25, 11.25]},
			"faces": {
				"north": {"uv": [0, 0, 16, 16], "texture": "#cross"},
				"east": {"uv": [0, 0, 0, 16], "texture": "#cross"},
				"south": {"uv": [0, 0, 16, 16], "texture": "#cross"},
				"west": {"uv": [0, 0, 0, 16], "texture": "#cross"},
				"up": {"uv": [0, 0, 16, 0], "rotation": 180, "texture": "#cross"},
				"down": {"uv": [0, 0, 16, 0], "rotation": 180, "texture": "#cross"}
			}
		}
	]
}