{
  "ambientocclusion": false,
  "textures": {
    "particle": "#cross"
  },
  "elements": [
    {  "from": [ -8, 0, 8 ],
      "to": [ 24, 32, 8 ],
      "rotation": { "origin": [ 8, 8, 8 ], "axis": "y", "angle": 45, "rescale": false },
      "shade": false,
      "faces": {
        "north": { "uv": [ 0, 0, 16, 16 ], "texture": "#cross" },
        "south": { "uv": [ 0, 0, 16, 16 ], "texture": "#cross" }
      }
    },
    {  "from": [ 8, 0, -8 ],
      "to": [ 8, 32, 24 ],
      "rotation": { "origin": [ 8, 8, 8 ], "axis": "y", "angle": 45, "rescale": false },
      "shade": false,
      "faces": {
        "west": { "uv": [ 0, 0, 16, 16 ], "texture": "#cross" },
        "east": { "uv": [ 0, 0, 16, 16 ], "texture": "#cross" }
      }
    }
  ]
}
