{
	"__comment": "Designed by Monsterfish_ with Cubik Studio - https://cubik.studio",
	"parent": "block/block",
	"textures": {
		"particle": "block/birch_planks",
		"texture": "block/birchfence",
		"birchfence": "block/birchfence"
	},
	"elements": [ 	 
		{
			"__comment": "Center post*",
			"from": [ 0, 0, 6.5 ],
			"to": [ 1.5, 12.5, 9.5 ],
			"faces": {
				"down": { "uv": [ 0.5, 6.5, 2, 9.5 ], "texture": "#texture", "cullface": "down" },
				"up": { "uv": [ 0.5, 6.5, 2, 9.5 ], "texture": "#texture", "cullface": "up" },
				"north": { "uv": [ 0.5, 0, 2, 16 ], "texture": "#texture" },
				"south": { "uv": [ 0.5, 0, 2, 16 ], "texture": "#texture" },
				"west": { "uv": [ 6.5, 0, 9.5, 16 ], "texture": "#texture" },
				"east": { "uv": [ 6.5, 0, 9.5, 16 ], "texture": "#texture" }
			}
		},
		{
			"__comment": "Center post*",
			"from": [ 8, 0.5, 7.5 ],
			"to": [ 10, 13, 8.5 ],
			"faces": {
				"down": { "uv": [ 8, 7.5, 10, 8.5 ], "texture": "#texture", "cullface": "down" },
				"up": { "uv": [ 8, 7.5, 10, 8.5 ], "texture": "#texture", "cullface": "up" },
				"north": { "uv": [ 8, 0, 10, 16 ], "texture": "#texture" },
				"south": { "uv": [ 8, 0, 10, 16 ], "texture": "#texture" },
				"west": { "uv": [ 7.5, 0, 8.5, 16 ], "texture": "#texture" },
				"east": { "uv": [ 7.5, 0, 8.5, 16 ], "texture": "#texture" }
			}
		},
		{
			"__comment": "Center post*",
			"from": [ 8, 13.125, 7.5625 ],
			"to": [ 9.375, 14.5, 8.4375 ],
			"rotation": { "origin": [ 8, 14.5, 7.5625 ], "axis": "z", "angle": 45 },
			"faces": {
				"down": { "uv": [ 8.4375, 1.875, 7.5625, 0.5 ], "texture": "#texture", "rotation": 270 },
				"up": { "uv": [ 7.5625, 0.5, 8.4375, 1.875 ], "texture": "#texture", "cullface": "up", "rotation": 90 },
				"north": { "uv": [ 0.5, 0, 1.875, 1.375 ], "texture": "#texture" },
				"south": { "uv": [ 14.125, 0, 15.5, 1.375 ], "texture": "#texture" },
				"west": { "uv": [ 7.5625, 0, 8.4375, 1.375 ], "texture": "#texture" },
				"east": { "uv": [ 7.5625, 0, 8.4375, 1.375 ], "texture": "#texture" }
			}
		},
		{
			"__comment": "Center post*",
			"from": [ 10, 0.5, 7.5 ],
			"to": [ 12, 13, 8.5 ],
			"faces": {
				"down": { "uv": [ 10.5, 7.5, 12.5, 8.5 ], "texture": "#texture", "cullface": "down" },
				"up": { "uv": [ 10.5, 7.5, 12.5, 8.5 ], "texture": "#texture", "cullface": "up" },
				"north": { "uv": [ 10.5, 0, 12.5, 16 ], "texture": "#texture" },
				"south": { "uv": [ 10.5, 0, 12.5, 16 ], "texture": "#texture" },
				"west": { "uv": [ 7.5, 0, 8.5, 16 ], "texture": "#texture" },
				"east": { "uv": [ 7.5, 0, 8.5, 16 ], "texture": "#texture" }
			}
		},
		{
			"__comment": "Center post*",
			"from": [ 11, 13.125, 7.5625 ],
			"to": [ 12.375, 14.5, 8.4375 ],
			"rotation": { "origin": [ 11, 14.5, 7.5625 ], "axis": "z", "angle": -45 },
			"faces": {
				"down": { "uv": [ 8.4375, 1.875, 7.5625, 0.5 ], "texture": "#texture", "rotation": 270 },
				"up": { "uv": [ 7.5625, 0.5, 8.4375, 1.875 ], "texture": "#texture", "cullface": "up", "rotation": 90 },
				"north": { "uv": [ 0.5, 0, 1.875, 1.375 ], "texture": "#texture" },
				"south": { "uv": [ 14.125, 0, 15.5, 1.375 ], "texture": "#texture" },
				"west": { "uv": [ 7.5625, 0, 8.4375, 1.375 ], "texture": "#texture" },
				"east": { "uv": [ 7.5625, 0, 8.4375, 1.375 ], "texture": "#texture" }
			}
		},
		{
			"__comment": "Center post*",
			"from": [ 14.5, 0, 6.5 ],
			"to": [ 16, 12.5, 9.5 ],
			"faces": {
				"down": { "uv": [ 14, 6.5, 15.5, 9.5 ], "texture": "#texture", "cullface": "down" },
				"up": { "uv": [ 14, 6.5, 15.5, 9.5 ], "texture": "#texture", "cullface": "up" },
				"north": { "uv": [ 14, 0, 15.5, 16 ], "texture": "#texture" },
				"south": { "uv": [ 14, 0, 15.5, 16 ], "texture": "#texture" },
				"west": { "uv": [ 6.5, 0, 9.5, 16 ], "texture": "#texture" },
				"east": { "uv": [ 6.5, 0, 9.5, 16 ], "texture": "#texture" }
			}
		},
		{
			"__comment": "Center post*",
			"from": [ 2, 0.5, 7.5 ],
			"to": [ 4, 12.5, 8.5 ],
			"faces": {
				"down": { "uv": [ 2, 7.5, 4, 8.5 ], "texture": "#texture", "cullface": "down" },
				"up": { "uv": [ 2, 7.5, 4, 8.5 ], "texture": "#texture", "cullface": "up" },
				"north": { "uv": [ 0.5, 0, 2.5, 15.5 ], "texture": "#texture" },
				"south": { "uv": [ 0.5, 0, 2.5, 15.5 ], "texture": "#texture" },
				"west": { "uv": [ 7.5, 0, 8.5, 15.5 ], "texture": "#texture" },
				"east": { "uv": [ 7.5, 0, 8.5, 15.5 ], "texture": "#texture" }
			}
		},
		{
			"__comment": "Center post*",
			"from": [ 3.0348, 12.125, 7.5625 ],
			"to": [ 4.4098, 13.5, 8.4375 ],
			"rotation": { "origin": [ 3.03477, 13.5, 7.5625 ], "axis": "z", "angle": -45 },
			"faces": {
				"down": { "uv": [ 8.4375, 1.875, 7.5625, 0.5 ], "texture": "#texture", "rotation": 270 },
				"up": { "uv": [ 7.5625, 0.5, 8.4375, 1.875 ], "texture": "#texture", "cullface": "up", "rotation": 90 },
				"north": { "uv": [ 0.5, 0, 1.875, 1.375 ], "texture": "#texture" },
				"south": { "uv": [ 14.125, 0, 15.5, 1.375 ], "texture": "#texture" },
				"west": { "uv": [ 7.5625, 0, 8.4375, 1.375 ], "texture": "#texture" },
				"east": { "uv": [ 7.5625, 0, 8.4375, 1.375 ], "texture": "#texture" }
			}
		},
		{
			"__comment": "Center post*",
			"from": [ 6, 0.5, 7.5 ],
			"to": [ 8, 13, 8.5 ],
			"faces": {
				"down": { "uv": [ 6, 7.5, 8, 8.5 ], "texture": "#texture", "cullface": "down" },
				"up": { "uv": [ 6, 7.5, 8, 8.5 ], "texture": "#texture", "cullface": "up" },
				"north": { "uv": [ 6, 0, 8, 16 ], "texture": "#texture" },
				"south": { "uv": [ 6, 0, 8, 16 ], "texture": "#texture" },
				"west": { "uv": [ 7.5, 0, 8.5, 16 ], "texture": "#texture" },
				"east": { "uv": [ 7.5, 0, 8.5, 16 ], "texture": "#texture" }
			}
		},
		{
			"__comment": "Center post*",
			"from": [ 6.9098, 14.125, 7.5625 ],
			"to": [ 8.2848, 15.5, 8.4375 ],
			"rotation": { "origin": [ 6.90977, 15.5, 7.5625 ], "axis": "z", "angle": -45 },
			"faces": {
				"down": { "uv": [ 8.4375, 1.875, 7.5625, 0.5 ], "texture": "#texture", "rotation": 270 },
				"up": { "uv": [ 7.5625, 0.5, 8.4375, 1.875 ], "texture": "#texture", "cullface": "up", "rotation": 90 },
				"north": { "uv": [ 0.5, 0, 1.875, 1.375 ], "texture": "#texture" },
				"south": { "uv": [ 14.125, 0, 15.5, 1.375 ], "texture": "#texture" },
				"west": { "uv": [ 7.5625, 0, 8.4375, 1.375 ], "texture": "#texture" },
				"east": { "uv": [ 7.5625, 0, 8.4375, 1.375 ], "texture": "#texture" }
			}
		},
		{
			"__comment": "Center post*",
			"from": [ 12, 0.5, 7.5 ],
			"to": [ 14, 12.5, 8.5 ],
			"faces": {
				"down": { "uv": [ 13.5, 7.5, 15.5, 8.5 ], "texture": "#texture", "cullface": "down" },
				"up": { "uv": [ 13.5, 7.5, 15.5, 8.5 ], "texture": "#texture", "cullface": "up" },
				"north": { "uv": [ 13.5, 0, 15.5, 15.5 ], "texture": "#texture" },
				"south": { "uv": [ 13.5, 0, 15.5, 15.5 ], "texture": "#texture" },
				"west": { "uv": [ 7.5, 0, 8.5, 15.5 ], "texture": "#texture" },
				"east": { "uv": [ 7.5, 0, 8.5, 15.5 ], "texture": "#texture" }
			}
		},
		{
			"__comment": "Center post*",
			"from": [ 12.9098, 12.125, 7.5625 ],
			"to": [ 14.2848, 13.5, 8.4375 ],
			"rotation": { "origin": [ 12.9098, 13.5, 7.5625 ], "axis": "z", "angle": -45 },
			"faces": {
				"down": { "uv": [ 8.4375, 1.875, 7.5625, 0.5 ], "texture": "#texture", "rotation": 270 },
				"up": { "uv": [ 7.5625, 0.5, 8.4375, 1.875 ], "texture": "#texture", "cullface": "up", "rotation": 90 },
				"north": { "uv": [ 0.5, 0, 1.875, 1.375 ], "texture": "#texture" },
				"south": { "uv": [ 14.125, 0, 15.5, 1.375 ], "texture": "#texture" },
				"west": { "uv": [ 7.5625, 0, 8.4375, 1.375 ], "texture": "#texture" },
				"east": { "uv": [ 7.5625, 0, 8.4375, 1.375 ], "texture": "#texture" }
			}
		},
		{
			"__comment": "Center post*",
			"from": [ 4.9723, 13.125, 7.5625 ],
			"to": [ 6.3473, 14.5, 8.4375 ],
			"rotation": { "origin": [ 4.97227, 14.5, 7.5625 ], "axis": "z", "angle": -45 },
			"faces": {
				"down": { "uv": [ 8.4375, 1.875, 7.5625, 0.5 ], "texture": "#texture", "rotation": 270 },
				"up": { "uv": [ 7.5625, 0.5, 8.4375, 1.875 ], "texture": "#texture", "cullface": "up", "rotation": 90 },
				"north": { "uv": [ 0.5, 0, 1.875, 1.375 ], "texture": "#texture" },
				"south": { "uv": [ 14.125, 0, 15.5, 1.375 ], "texture": "#texture" },
				"west": { "uv": [ 7.5625, 0, 8.4375, 1.375 ], "texture": "#texture" },
				"east": { "uv": [ 7.5625, 0, 8.4375, 1.375 ], "texture": "#texture" }
			}
		},
		{
			"__comment": "Center post*",
			"from": [ 4, 0.5, 7.5 ],
			"to": [ 6, 13, 8.5 ],
			"faces": {
				"down": { "uv": [ 3.5, 7.5, 5.5, 8.5 ], "texture": "#texture", "cullface": "down" },
				"up": { "uv": [ 3.5, 7.5, 5.5, 8.5 ], "texture": "#texture", "cullface": "up" },
				"north": { "uv": [ 3.5, 0, 5.5, 16 ], "texture": "#texture" },
				"south": { "uv": [ 3.5, 0, 5.5, 16 ], "texture": "#texture" },
				"west": { "uv": [ 7.5, 0, 8.5, 16 ], "texture": "#texture" },
				"east": { "uv": [ 7.5, 0, 8.5, 16 ], "texture": "#texture" }
			}
		},
		{
			"__comment": "Center post*",
			"from": [ 12.5, 9, 8 ],
			"to": [ 14.5, 10, 9 ],
			"faces": {
				"down": { "uv": [ 13.5, 8, 15.5, 9 ], "texture": "#texture", "cullface": "down" },
				"up": { "uv": [ 13.5, 8, 15.5, 9 ], "texture": "#texture", "cullface": "up" },
				"north": { "uv": [ 13.5, 2.5, 15.5, 3.5 ], "texture": "#texture" },
				"south": { "uv": [ 13.5, 2.5, 15.5, 3.5 ], "texture": "#texture" },
				"west": { "uv": [ 8, 2.5, 9, 3.5 ], "texture": "#texture" },
				"east": { "uv": [ 8, 2.5, 9, 3.5 ], "texture": "#texture" }
			}
		},
		{
			"__comment": "Center post*",
			"from": [ 13.5, 9, 7 ],
			"to": [ 15.5, 10, 8 ],
			"faces": {
				"down": { "uv": [ 13.5, 7, 15.5, 8 ], "texture": "#texture", "cullface": "down" },
				"up": { "uv": [ 13.5, 7, 15.5, 8 ], "texture": "#texture", "cullface": "up" },
				"north": { "uv": [ 13.5, 2.5, 15.5, 3.5 ], "texture": "#texture" },
				"south": { "uv": [ 13.5, 2.5, 15.5, 3.5 ], "texture": "#texture" },
				"west": { "uv": [ 7, 2.5, 8, 3.5 ], "texture": "#texture" },
				"east": { "uv": [ 7, 2.5, 8, 3.5 ], "texture": "#texture" }
			}
		},
		{
			"__comment": "Center post*",
			"from": [ 1.5, 9, 7.5 ],
			"to": [ 2, 11, 8.5 ],
			"faces": {
				"down": { "uv": [ 1.5, 7.5, 2.5, 8.5 ], "texture": "#texture", "cullface": "down" },
				"up": { "uv": [ 1.5, 7.5, 2.5, 8.5 ], "texture": "#texture", "cullface": "up" },
				"north": { "uv": [ 1.5, 1.5, 2.5, 3.5 ], "texture": "#texture" },
				"south": { "uv": [ 1.5, 1.5, 2.5, 3.5 ], "texture": "#texture" },
				"west": { "uv": [ 7.5, 1.5, 8.5, 3.5 ], "texture": "#texture" },
				"east": { "uv": [ 7.5, 1.5, 8.5, 3.5 ], "texture": "#texture" }
			}
		},
		{
			"__comment": "Center post*",
			"from": [ 1.5, 2, 7.5 ],
			"to": [ 2, 4, 8.5 ],
			"faces": {
				"down": { "uv": [ 1.5, 7.5, 2.5, 8.5 ], "texture": "#texture", "cullface": "down" },
				"up": { "uv": [ 1.5, 7.5, 2.5, 8.5 ], "texture": "#texture", "cullface": "up" },
				"north": { "uv": [ 1.5, 12, 2.5, 14 ], "texture": "#texture" },
				"south": { "uv": [ 1.5, 12, 2.5, 14 ], "texture": "#texture" },
				"west": { "uv": [ 7.5, 12, 8.5, 14 ], "texture": "#texture" },
				"east": { "uv": [ 7.5, 12, 8.5, 14 ], "texture": "#texture" }
			}
		},
		{
			"__comment": "Center post*",
			"from": [ 8, 13, 7.5 ],
			"to": [ 10, 14.5, 8.5 ],
			"faces": {
				"down": { "uv": [ 8, 7.5, 10, 8.5 ], "texture": "#texture", "cullface": "down" },
				"up": { "uv": [ 8, 7.5, 10, 8.5 ], "texture": "#texture", "cullface": "up" },
				"north": { "uv": [ 8, 0, 10, 1.5 ], "texture": "#texture" },
				"south": { "uv": [ 8, 0, 10, 1.5 ], "texture": "#texture" },
				"west": { "uv": [ 7.5, 0, 8.5, 1.5 ], "texture": "#texture" },
				"east": { "uv": [ 7.5, 0, 8.5, 1.5 ], "texture": "#texture" }
			}
		},
		{
			"__comment": "Center post*",
			"from": [ 6, 13, 7.5 ],
			"to": [ 8, 14.5, 8.5 ],
			"faces": {
				"down": { "uv": [ 6, 7.5, 8, 8.5 ], "texture": "#texture", "cullface": "down" },
				"up": { "uv": [ 6, 7.5, 8, 8.5 ], "texture": "#texture", "cullface": "up" },
				"north": { "uv": [ 6, 0, 8, 1.5 ], "texture": "#texture" },
				"south": { "uv": [ 6, 0, 8, 1.5 ], "texture": "#texture" },
				"west": { "uv": [ 7.5, 0, 8.5, 1.5 ], "texture": "#texture" },
				"east": { "uv": [ 7.5, 0, 8.5, 1.5 ], "texture": "#texture" }
			}
		},
		{
			"__comment": "Center post*",
			"from": [ 4, 13, 7.5 ],
			"to": [ 6, 13.5, 8.5 ],
			"faces": {
				"down": { "uv": [ 3.5, 8, 5.5, 9 ], "texture": "#texture", "cullface": "down" },
				"up": { "uv": [ 3.5, 8, 5.5, 9 ], "texture": "#texture", "cullface": "up" },
				"north": { "uv": [ 3.5, 0.5, 5.5, 1 ], "texture": "#texture" },
				"south": { "uv": [ 3.5, 0.5, 5.5, 1 ], "texture": "#texture" },
				"west": { "uv": [ 7.5, 0.5, 8.5, 1 ], "texture": "#texture" },
				"east": { "uv": [ 7.5, 0.5, 8.5, 1 ], "texture": "#texture" }
			}
		},
		{
			"__comment": "Center post*",
			"from": [ 10, 13, 7.5 ],
			"to": [ 12, 13.5, 8.5 ],
			"faces": {
				"down": { "uv": [ 10.5, 8, 12.5, 9 ], "texture": "#texture", "cullface": "down" },
				"up": { "uv": [ 10.5, 8, 12.5, 9 ], "texture": "#texture", "cullface": "up" },
				"north": { "uv": [ 10.5, 0.5, 12.5, 1 ], "texture": "#texture" },
				"south": { "uv": [ 10.5, 0.5, 12.5, 1 ], "texture": "#texture" },
				"west": { "uv": [ 7.5, 0.5, 8.5, 1 ], "texture": "#texture" },
				"east": { "uv": [ 7.5, 0.5, 8.5, 1 ], "texture": "#texture" }
			}
		}
	]
}