{
"elements": [ 
{
  "from": [ 0, 0, 0 ],
  "to": [ 16, 1, 16 ],
  "faces": {
    "down": { "uv": [ 0, 0, 16, 16 ], "texture": "#wool", "cullface": "down" },
    "up":  { "uv": [ 0, 0, 16, 16 ], "texture": "#wool" },
    "north": { "uv": [ 0, 15, 16, 16 ], "texture": "#wool", "cullface": "north" },
    "south": { "uv": [ 0, 15, 16, 16 ], "texture": "#wool", "cullface": "south" },
    "west": { "uv": [ 0, 15, 16, 16 ], "texture": "#wool", "cullface": "west" },
    "east": { "uv": [ 0, 15, 16, 16 ], "texture": "#wool", "cullface": "east" }
  }
}
],
"display": {
  "thirdperson_righthand": {
    "rotation": [ 75, 45, 0 ],
    "translation": [ 0, 2.5, 0 ],
    "scale": [ 0.375, 0.375, 0.375 ]
  },
  "thirdperson_lefthand": {
    "rotation": [ 75, 45, 0 ],
    "translation": [ 0, 2.5, 0 ],
    "scale": [ 0.375, 0.375, 0.375 ]
  },
  "head": {
    "rotation": [ 0, 0, 0 ],
    "translation": [ 0, 0, 0 ],
    "scale": [ 1, 1, 1 ]
  },
  "ground": {
    "rotation": [ 0, 0, 0 ],
    "translation": [ 0, 3, 0 ],
    "scale": [ 0.25, 0.25, 0.25 ]
  },
  "fixed": {
    "rotation": [ 0, 0, 0 ],
    "translation": [ 0, 0, 0 ],
    "scale": [ 0.5, 0.5, 0.5 ]
  },
  "firstperson_righthand": {
    "rotation": [ 0, 45, 0 ],
    "translation": [ 0, 0, 0 ],
    "scale": [ 0.4, 0.4, 0.4 ]
  },
  "firstperson_lefthand": {
    "rotation": [ 0, 45, 0 ],
    "translation": [ 0, 0, 0 ],
    "scale": [ 0.4, 0.4, 0.4 ]
  },
  "gui": {
    "rotation": [ 30, 225, 0 ],
    "translation": [ 0, 0, 0 ],
    "scale": [ 0.625, 0.625, 0.625 ]
  }
}
}