{
	"credit": "Made with Blockbench",
	"parent": "block/block",
	"textures": {
		"3": "block/composter_compost",
		"particle": "block/composter_compost"
	},
	"elements": [
		{
			"from": [2, 2.75, 4.5],
			"to": [12.5, 4.5, 14.25],
			"rotation": {"angle": 22.5, "axis": "y", "origin": [7.5, 4.5, 7.25]},
			"faces": {
				"north": {"uv": [3.5, 11.5, 14, 13.25], "texture": "#3"},
				"east": {"uv": [1.75, 11.5, 11.5, 13.25], "texture": "#3"},
				"south": {"uv": [2, 11.5, 12.5, 13.25], "texture": "#3"},
				"west": {"uv": [4.5, 11.5, 14.25, 13.25], "texture": "#3"},
				"up": {"uv": [0.25, 5.5, 10.75, 15.25], "rotation": 90, "texture": "#3"},
				"down": {"uv": [2, 1.75, 12.5, 11.5], "rotation": 270, "texture": "#3", "cullface": "up"}
			}
		},
		{
			"from": [0.25, 0.25, 0.25],
			"to": [15.75, 3.5, 15.75],
			"faces": {
				"north": {"uv": [0.25, 12.5, 15.75, 15.75], "texture": "#3"},
				"east": {"uv": [0.25, 12.5, 15.75, 15.75], "texture": "#3"},
				"south": {"uv": [0.25, 12.5, 15.75, 15.75], "texture": "#3"},
				"west": {"uv": [0.25, 12.5, 15.75, 15.75], "texture": "#3"},
				"up": {"uv": [0.25, 0.25, 15.75, 15.75], "texture": "#3"},
				"down": {"uv": [0.25, 0.25, 15.75, 15.75], "texture": "#3"}
			}
		},
		{
			"from": [7.75, 3.25, 2],
			"to": [13.75, 5.5, 11.75],
			"rotation": {"angle": -22.5, "axis": "z", "origin": [7.5, 3.75, 7.25]},
			"faces": {
				"north": {"uv": [2.25, 10.5, 8.25, 12.75], "texture": "#3"},
				"east": {"uv": [4.25, 10.5, 14, 12.75], "texture": "#3"},
				"south": {"uv": [7.75, 10.5, 13.75, 12.75], "texture": "#3"},
				"west": {"uv": [2, 10.5, 11.75, 12.75], "texture": "#3"},
				"up": {"uv": [7.75, 2, 13.75, 11.75], "texture": "#3"},
				"down": {"uv": [7.75, 4.25, 13.75, 14], "rotation": 270, "texture": "#3", "cullface": "up"}
			}
		},
		{
			"from": [2.5, 2.35355, 5.64645],
			"to": [10, 6.35355, 9.39645],
			"rotation": {"angle": 45, "axis": "x", "origin": [7.5, 1.5, 7.25]},
			"faces": {
				"north": {"uv": [6, 9.64645, 13.5, 13.64645], "rotation": 180, "texture": "#3"},
				"east": {"uv": [6.60355, 9.64645, 10.35355, 13.64645], "texture": "#3"},
				"south": {"uv": [2.5, 9.64645, 10, 13.64645], "rotation": 180, "texture": "#3"},
				"west": {"uv": [5.64645, 9.64645, 9.39645, 13.64645], "texture": "#3"},
				"up": {"uv": [2.75, 2.14645, 10.25, 5.89645], "rotation": 180, "texture": "#3"},
				"down": {"uv": [2.5, 6.60355, 10, 10.35355], "rotation": 90, "texture": "#3", "cullface": "up"}
			}
		}
	]
}