{
	"credit": "Made with Blockbench",
	"parent": "block/block",
	"textures": {
		"3": "block/composter_compost",
		"particle": "block/composter_compost"
	},
	"elements": [
		{
			"from": [0.25, 4.25, 0.75],
			"to": [10.75, 7.5, 10.5],
			"rotation": {"angle": 22.5, "axis": "z", "origin": [7.5, 6, 8.75]},
			"faces": {
				"north": {"uv": [11.75, 9.75, 1.25, 5.75], "texture": "#3"},
				"east": {"uv": [11.25, 9.75, 1.5, 5.75], "texture": "#3"},
				"south": {"uv": [14.75, 9.75, 4.25, 5.75], "texture": "#3"},
				"west": {"uv": [12.5, 14.75, 2.75, 4.75], "texture": "#3"},
				"up": {"uv": [14.5, 11.75, 4.75, 1.25], "rotation": 90, "texture": "#3"},
				"down": {"uv": [14.5, 14.75, 4.75, 4.25], "rotation": 270, "texture": "#3", "cullface": "up"}
			}
		},
		{
			"from": [0.25, 0.25, 0.25],
			"to": [15.75, 5.75, 15.75],
			"faces": {
				"north": {"uv": [0.25, 10.25, 15.75, 15.75], "texture": "#3"},
				"east": {"uv": [0.25, 10.25, 15.75, 15.75], "texture": "#3"},
				"south": {"uv": [0.25, 10.25, 15.75, 15.75], "texture": "#3"},
				"west": {"uv": [0.25, 10.25, 15.75, 15.75], "texture": "#3"},
				"up": {"uv": [0.25, 0.25, 15.75, 15.75], "texture": "#3"},
				"down": {"uv": [0.25, 0.25, 15.75, 15.75], "texture": "#3"}
			}
		},
		{
			"from": [7.75, 3.75, 4.25],
			"to": [13.75, 7, 14],
			"rotation": {"angle": 22.5, "axis": "y", "origin": [7.5, 5.25, 8.75]},
			"faces": {
				"north": {"uv": [13.75, 8.5, 7.75, 4.5], "texture": "#3"},
				"east": {"uv": [13.75, 8.5, 4, 4.5], "texture": "#3"},
				"south": {"uv": [8.25, 8.5, 2.25, 4.5], "texture": "#3"},
				"west": {"uv": [12, 8.5, 2.25, 4.5], "texture": "#3"},
				"up": {"uv": [12, 13.75, 2.25, 7.75], "rotation": 90, "texture": "#3"},
				"down": {"uv": [12, 8.25, 2.25, 2.25], "rotation": 270, "texture": "#3", "cullface": "up"}
			}
		},
		{
			"from": [2.75, -1.39645, 5.60355],
			"to": [10.25, 4.60355, 13.85355],
			"rotation": {"angle": -45, "axis": "x", "origin": [7.5, 3, 8.75]},
			"faces": {
				"north": {"uv": [11.5, 9.85355, 4, 3.10355], "rotation": 180, "texture": "#3"},
				"east": {"uv": [15.10355, 9.85355, 6.85355, 3.10355], "texture": "#3"},
				"south": {"uv": [12, 9.85355, 4.5, 3.10355], "rotation": 180, "texture": "#3"},
				"west": {"uv": [9.14645, 9.85355, 0.89645, 3.10355], "texture": "#3"},
				"up": {"uv": [9.14645, 11.5, 0.89645, 4], "rotation": 270, "texture": "#3"},
				"down": {"uv": [9.14645, 12, 0.89645, 4.5], "rotation": 90, "texture": "#3", "cullface": "up"}
			}
		}
	]
}