{
	"credit": "Made with Blockbench",
	"parent": "block/block",
	"textures": {
		"3": "block/composter_compost",
		"particle": "block/composter_compost"
	},
	"elements": [
		{
			"from": [4.75, 6.25, 4.25],
			"to": [14.5, 10.25, 14.75],
			"rotation": {"angle": -22.5, "axis": "x", "origin": [7.5, 7.5, 8.5]},
			"faces": {
				"north": {"uv": [1.5, 5.75, 11.25, 9.75], "texture": "#3"},
				"east": {"uv": [1.25, 5.75, 11.75, 9.75], "texture": "#3"},
				"south": {"uv": [2.75, 4.75, 12.5, 14.75], "texture": "#3"},
				"west": {"uv": [4.25, 5.75, 14.75, 9.75], "texture": "#3"},
				"up": {"uv": [4.75, 4.25, 14.5, 14.75], "texture": "#3", "cullface": "up"},
				"down": {"uv": [4.75, 1.25, 14.5, 11.75], "texture": "#3"}
			}
		},
		{
			"from": [0.25, 0.25, 0.25],
			"to": [15.75, 10.25, 15.75],
			"faces": {
				"north": {"uv": [0.25, 5.75, 15.75, 15.75], "texture": "#3"},
				"east": {"uv": [0.25, 5.75, 15.75, 15.75], "texture": "#3"},
				"south": {"uv": [0.25, 5.75, 15.75, 15.75], "texture": "#3"},
				"west": {"uv": [0.25, 5.75, 15.75, 15.75], "texture": "#3"},
				"up": {"uv": [0.25, 0.25, 15.75, 15.75], "texture": "#3"},
				"down": {"uv": [0.25, 0.25, 15.75, 15.75], "texture": "#3"}
			}
		},
		{
			"from": [2.25, 7.5, 2.25],
			"to": [12, 11.5, 8.25],
			"rotation": {"angle": -22.5, "axis": "y", "origin": [7.5, 10, 8.5]},
			"faces": {
				"north": {"uv": [4, 4.5, 13.75, 8.5], "texture": "#3"},
				"east": {"uv": [7.75, 4.5, 13.75, 8.5], "texture": "#3"},
				"south": {"uv": [2.25, 4.5, 12, 8.5], "texture": "#3"},
				"west": {"uv": [2.25, 4.5, 8.25, 8.5], "texture": "#3"},
				"up": {"uv": [2.25, 2.25, 12, 8.25], "texture": "#3", "cullface": "up"},
				"down": {"uv": [2.25, 7.75, 12, 13.75], "texture": "#3"}
			}
		},
		{
			"from": [0.89645, 6.14645, 4.5],
			"to": [9.14645, 12.89645, 12],
			"rotation": {"angle": 45, "axis": "z", "origin": [7.5, 10.5, 8.5]},
			"faces": {
				"north": {"uv": [6.85355, 3.10355, 15.10355, 9.85355], "texture": "#3"},
				"east": {"uv": [4, 3.10355, 11.5, 9.85355], "rotation": 180, "texture": "#3"},
				"south": {"uv": [0.89645, 3.10355, 9.14645, 9.85355], "texture": "#3"},
				"west": {"uv": [4.5, 3.10355, 12, 9.85355], "rotation": 180, "texture": "#3"},
				"up": {"uv": [0.89645, 4.5, 9.14645, 12], "rotation": 180, "texture": "#3", "cullface": "up"},
				"down": {"uv": [0.89645, 4, 9.14645, 11.5], "rotation": 180, "texture": "#3"}
			}
		}
	]
}