{
	"credit": "Made with Blockbench",
	"parent": "block/block",
	"textures": {
		"3": "block/composter_compost",
		"particle": "block/composter_compost"
	},
	"elements": [
		{
			"from": [5.75, 5.75, 5.25],
			"to": [15.5, 8.75, 15.75],
			"rotation": {"angle": 22.5, "axis": "x", "origin": [7.5, 7.5, 8.5]},
			"faces": {
				"north": {"uv": [1.5, 9.75, 11.25, 5.75], "texture": "#3"},
				"east": {"uv": [1.25, 9.75, 11.75, 5.75], "texture": "#3"},
				"south": {"uv": [2.75, 14.75, 12.5, 4.75], "texture": "#3"},
				"west": {"uv": [4.25, 9.75, 14.75, 5.75], "texture": "#3"},
				"up": {"uv": [4.75, 11.75, 14.5, 1.25], "texture": "#3"},
				"down": {"uv": [4.75, 14.75, 14.5, 4.25], "texture": "#3", "cullface": "up"}
			}
		},
		{
			"from": [0.25, 0.25, 0.25],
			"to": [15.75, 7, 15.75],
			"faces": {
				"north": {"uv": [0.25, 9, 15.75, 15.75], "texture": "#3"},
				"east": {"uv": [0.25, 9, 15.75, 15.75], "texture": "#3"},
				"south": {"uv": [0.25, 9, 15.75, 15.75], "texture": "#3"},
				"west": {"uv": [0.25, 9, 15.75, 15.75], "texture": "#3"},
				"up": {"uv": [0.25, 0.25, 15.75, 15.75], "texture": "#3"},
				"down": {"uv": [0.25, 0.25, 15.75, 15.75], "texture": "#3"}
			}
		},
		{
			"from": [2.25, 5.25, 2.25],
			"to": [12, 8.25, 8.25],
			"rotation": {"angle": -22.5, "axis": "y", "origin": [7.5, 6.75, 8.5]},
			"faces": {
				"north": {"uv": [4, 8.5, 13.75, 4.5], "texture": "#3"},
				"east": {"uv": [7.75, 8.5, 13.75, 4.5], "texture": "#3"},
				"south": {"uv": [2.25, 8.5, 12, 4.5], "texture": "#3"},
				"west": {"uv": [2.25, 8.5, 8.25, 4.5], "texture": "#3"},
				"up": {"uv": [2.25, 13.75, 12, 7.75], "texture": "#3"},
				"down": {"uv": [2.25, 8.25, 12, 2.25], "texture": "#3", "cullface": "up"}
			}
		},
		{
			"from": [2.39645, 0.10355, 5.75],
			"to": [10.64645, 5.85355, 13.25],
			"rotation": {"angle": -45, "axis": "z", "origin": [7.5, 4.5, 8.5]},
			"faces": {
				"north": {"uv": [6.85355, 9.85355, 15.10355, 3.10355], "texture": "#3"},
				"east": {"uv": [4, 9.85355, 11.5, 3.10355], "rotation": 180, "texture": "#3"},
				"south": {"uv": [0.89645, 9.85355, 9.14645, 3.10355], "texture": "#3"},
				"west": {"uv": [4.5, 9.85355, 12, 3.10355], "rotation": 180, "texture": "#3"},
				"up": {"uv": [0.89645, 11.5, 9.14645, 4], "rotation": 180, "texture": "#3"},
				"down": {"uv": [0.89645, 12, 9.14645, 4.5], "rotation": 180, "texture": "#3", "cullface": "up"}
			}
		}
	]
}