{"__comment":"","ambientocclusion":false,"inventoryRender3D":false,"textures":{"particle":"#crop"},"elements":[{"from":[0,16,12],"to":[16,32,12],"faces":{"north":{ "uv":[0,-16,16,0],"texture":"#crop" },"south":{ "uv":[0,-16,16,0],"texture":"#crop" }}},{"from":[0,16,4],"to":[16,32,4],"faces":{"north":{ "uv":[0,0,16,16],"texture":"#crop" },"south":{ "uv":[0,0,16,16],"texture":"#crop" }}},{"from":[12,16,0],"to":[12,32,16],"faces":{"west":{ "uv":[0,0,16,16],"texture":"#crop" },"east":{ "uv":[0,0,16,16],"texture":"#crop" }}},{"from":[4,16,0],"to":[4,32,16],"faces":{"west":{ "uv":[0,0,16,16],"texture":"#crop" },"east":{ "uv":[0,0,16,16],"texture":"#crop" }}}]}