{
	"__comment": "Conquest Reforged",
	"textures": {
		"particle": "block/acacia_button",
		"texture": "block/dark_oak_button"
	},
	"elements": [ 	 
		{
			"__comment": "Element",
			"from": [ 1.5, 0, 3.5 ],
			"to": [ 12.5, 2, 12.5 ],
			"faces": {
				"down": { "uv": [ 3.5, 3.5, 14.5, 12.5 ], "texture": "#texture", "cullface": "down", "rotation": 180 },
				"up": { "uv": [ 3.5, 3.5, 14.5, 12.5 ], "texture": "#texture", "rotation": 180 },
				"north": { "uv": [ 3.5, 10, 14.5, 12 ], "texture": "#texture" },
				"south": { "uv": [ 14.5, 10, 3.5, 12 ], "texture": "#texture" },
				"west": { "uv": [ 3.5, 10, 14.5, 12 ], "texture": "#texture" },
				"east": { "uv": [ 3.5, 10, 14.5, 12 ], "texture": "#texture" }
			}
		},
		{
			"__comment": "Box5",
			"from": [ 2, 0, 7.5 ],
			"to": [ 3, 8.5, 8.5 ],
			"rotation": { "origin": [ 2, 0, 7.5 ], "axis": "x", "angle": -45 },
			"faces": {
				"down": { "uv": [ 12, 5.5, 13, 6.5 ], "texture": "#texture" },
				"up": { "uv": [ 12, 7.5, 13, 8.5 ], "texture": "#texture" },
				"north": { "uv": [ 3.5, 3.5, 4.5, 12 ], "texture": "#texture" },
				"south": { "uv": [ 3.5, 3.5, 4.5, 12 ], "texture": "#texture" },
				"west": { "uv": [ 3.5, 3.5, 4.5, 12 ], "texture": "#texture" },
				"east": { "uv": [ 3.5, 3.5, 4.5, 12 ], "texture": "#texture" }
			}
		},
		{
			"__comment": "Box3",
			"from": [ 7, 0, 10.5 ],
			"to": [ 10.5, 1, 16 ],
			"faces": {
				"down": { "uv": [ 5.5, 10.5, 9, 16 ], "texture": "#texture", "rotation": 180 },
				"up": { "uv": [ 5.5, 0, 9, 5.5 ], "texture": "#texture", "rotation": 180 },
				"north": { "uv": [ 5.5, 15, 9, 16 ], "texture": "#texture" },
				"south": { "uv": [ 7, 15, 10.5, 16 ], "texture": "#texture" },
				"west": { "uv": [ 10.5, 15, 16, 16 ], "texture": "#texture" },
				"east": { "uv": [ 0, 15, 5.5, 16 ], "texture": "#texture" }
			}
		},
		{
			"__comment": "Box3",
			"from": [ 12.5, 0, 5 ],
			"to": [ 16, 1, 10.5 ],
			"faces": {
				"down": { "uv": [ 0, 5, 3.5, 10.5 ], "texture": "#texture", "rotation": 180 },
				"up": { "uv": [ 0, 5.5, 3.5, 11 ], "texture": "#texture", "rotation": 180 },
				"north": { "uv": [ 0, 15, 3.5, 16 ], "texture": "#texture" },
				"south": { "uv": [ 12.5, 15, 16, 16 ], "texture": "#texture" },
				"west": { "uv": [ 5, 15, 10.5, 16 ], "texture": "#texture" },
				"east": { "uv": [ 5.5, 15, 11, 16 ], "texture": "#texture" }
			}
		},
		{
			"__comment": "Box3",
			"from": [ 11.5, 0, 4 ],
			"to": [ 14.5, 1, 5 ],
			"faces": {
				"down": { "uv": [ 1.5, 4, 4.5, 5 ], "texture": "#texture", "rotation": 180 },
				"up": { "uv": [ 1.5, 11, 4.5, 12 ], "texture": "#texture", "rotation": 180 },
				"north": { "uv": [ 1.5, 15, 4.5, 16 ], "texture": "#texture" },
				"south": { "uv": [ 11.5, 15, 14.5, 16 ], "texture": "#texture" },
				"west": { "uv": [ 4, 15, 5, 16 ], "texture": "#texture" },
				"east": { "uv": [ 11, 15, 12, 16 ], "texture": "#texture" }
			}
		},
		{
			"__comment": "Box3",
			"from": [ 12, 0, 10.5 ],
			"to": [ 15, 1, 11.5 ],
			"faces": {
				"down": { "uv": [ 1, 10.5, 4, 11.5 ], "texture": "#texture", "rotation": 180 },
				"up": { "uv": [ 1, 4.5, 4, 5.5 ], "texture": "#texture", "rotation": 180 },
				"north": { "uv": [ 1, 15, 4, 16 ], "texture": "#texture" },
				"south": { "uv": [ 12, 15, 15, 16 ], "texture": "#texture" },
				"west": { "uv": [ 10.5, 15, 11.5, 16 ], "texture": "#texture" },
				"east": { "uv": [ 4.5, 15, 5.5, 16 ], "texture": "#texture" }
			}
		},
		{
			"__comment": "Box3",
			"from": [ 6, 0, 12.5 ],
			"to": [ 7, 1, 15 ],
			"faces": {
				"down": { "uv": [ 9, 12.5, 10, 15 ], "texture": "#texture", "rotation": 180 },
				"up": { "uv": [ 9, 1, 10, 3.5 ], "texture": "#texture", "rotation": 180 },
				"north": { "uv": [ 9, 15, 10, 16 ], "texture": "#texture" },
				"south": { "uv": [ 6, 15, 7, 16 ], "texture": "#texture" },
				"west": { "uv": [ 12.5, 15, 15, 16 ], "texture": "#texture" },
				"east": { "uv": [ 1, 15, 3.5, 16 ], "texture": "#texture" }
			}
		},
		{
			"__comment": "Box3",
			"from": [ 10.5, 0, 12.5 ],
			"to": [ 11.5, 1, 15 ],
			"faces": {
				"down": { "uv": [ 4.5, 12.5, 5.5, 15 ], "texture": "#texture", "rotation": 180 },
				"up": { "uv": [ 4.5, 1, 5.5, 3.5 ], "texture": "#texture", "rotation": 180 },
				"north": { "uv": [ 4.5, 15, 5.5, 16 ], "texture": "#texture" },
				"south": { "uv": [ 10.5, 15, 11.5, 16 ], "texture": "#texture" },
				"west": { "uv": [ 12.5, 15, 15, 16 ], "texture": "#texture" },
				"east": { "uv": [ 1, 15, 3.5, 16 ], "texture": "#texture" }
			}
		},
		{
			"__comment": "Box3",
			"from": [ 5.5, 0, 0 ],
			"to": [ 9, 1, 3.5 ],
			"faces": {
				"down": { "uv": [ 7, 0, 10.5, 3.5 ], "texture": "#texture", "rotation": 180 },
				"up": { "uv": [ 7, 12.5, 10.5, 16 ], "texture": "#texture", "rotation": 180 },
				"north": { "uv": [ 7, 15, 10.5, 16 ], "texture": "#texture" },
				"south": { "uv": [ 5.5, 15, 9, 16 ], "texture": "#texture" },
				"west": { "uv": [ 0, 15, 3.5, 16 ], "texture": "#texture" },
				"east": { "uv": [ 12.5, 15, 16, 16 ], "texture": "#texture" }
			}
		},
		{
			"__comment": "Box3",
			"from": [ 4.5, 0, 1 ],
			"to": [ 5.5, 1, 3.5 ],
			"faces": {
				"down": { "uv": [ 10.5, 1, 11.5, 3.5 ], "texture": "#texture", "rotation": 180 },
				"up": { "uv": [ 10.5, 12.5, 11.5, 15 ], "texture": "#texture", "rotation": 180 },
				"north": { "uv": [ 10.5, 15, 11.5, 16 ], "texture": "#texture" },
				"south": { "uv": [ 4.5, 15, 5.5, 16 ], "texture": "#texture" },
				"west": { "uv": [ 1, 15, 3.5, 16 ], "texture": "#texture" },
				"east": { "uv": [ 12.5, 15, 15, 16 ], "texture": "#texture" }
			}
		},
		{
			"__comment": "Box3",
			"from": [ 9, 0, 1 ],
			"to": [ 10, 1, 3.5 ],
			"faces": {
				"down": { "uv": [ 6, 1, 7, 3.5 ], "texture": "#texture", "rotation": 180 },
				"up": { "uv": [ 6, 12.5, 7, 15 ], "texture": "#texture", "rotation": 180 },
				"north": { "uv": [ 6, 15, 7, 16 ], "texture": "#texture" },
				"south": { "uv": [ 9, 15, 10, 16 ], "texture": "#texture" },
				"west": { "uv": [ 1, 15, 3.5, 16 ], "texture": "#texture" },
				"east": { "uv": [ 12.5, 15, 15, 16 ], "texture": "#texture" }
			}
		}
	]
}