{
	"__comment": "Conquest Reforged",
	"parent": "block/block",
	"textures": {
		"particle": "block/dark_oak_planks",
		"texture": "block/dark_oak_planks"
	},
	"elements": [ 	 
		{
			"__comment": "Left-hand post",
			"from": [ 0, 0, 6.75 ],
			"to": [ 1, 16, 9.25 ],
			"faces": {
				"down": { "uv": [ 8.5, 8.5, 7.5, 6 ], "texture": "#texture" },
				"up": { "uv": [ 7, 6.5, 8, 9 ], "texture": "#texture" },
				"north": { "uv": [ 7.5, 0, 8.5, 16 ], "texture": "#texture" },
				"south": { "uv": [ 7, 0, 8, 16 ], "texture": "#texture" },
				"west": { "uv": [ 4.5, 0, 7, 16 ], "texture": "#texture" },
				"east": { "uv": [ 4, 0, 6.5, 16 ], "texture": "#texture" }
			}
		},
		{
			"__comment": "Right-hand post",
			"from": [ 14, 0, 6.75 ],
			"to": [ 16, 16, 9.25 ],
			"faces": {
				"down": { "uv": [ 14, 6.75, 16, 9.25 ], "texture": "#texture" },
				"up": { "uv": [ 14, 6.75, 16, 9.25 ], "texture": "#texture" },
				"north": { "uv": [ 2.5, 0, 4.5, 16 ], "texture": "#texture" },
				"south": { "uv": [ 3, 0, 5, 16 ], "texture": "#texture" },
				"west": { "uv": [ 1.5, 0, 4, 16 ], "texture": "#texture" },
				"east": { "uv": [ 2, 0, 4.5, 16 ], "texture": "#texture" }
			}
		},
		{
			"__comment": "lower bar*",
			"from": [ 14, 0.5, 9 ],
			"to": [ 16, 2.5, 25 ],
			"rotation": { "origin": [ 14, 2.5, 9 ], "axis": "x", "angle": -45 },
			"faces": {
				"down": { "uv": [ 14, 0, 16, 16 ], "texture": "#texture" },
				"up": { "uv": [ 14, 0, 16, 16 ], "texture": "#texture" },
				"north": { "uv": [ 14, 13.5, 16, 15.5 ], "texture": "#texture" },
				"south": { "uv": [ 14, 13.5, 16, 15.5 ], "texture": "#texture" },
				"west": { "uv": [ 0, 13.5, 16, 15.5 ], "texture": "#texture" },
				"east": { "uv": [ 0, 13.5, 16, 15.5 ], "texture": "#texture" }
			}
		},
		{
			"__comment": "Left-hand post*",
			"from": [ 14.5625, 15, 20.5625 ],
			"to": [ 15.5625, 16.5, 22.5625 ],
			"faces": {
				"down": { "uv": [ 0, 0, 1.5, 2.5 ], "texture": "#texture" },
				"up": { "uv": [ 0, 0, 1.5, 2.5 ], "texture": "#texture" },
				"north": { "uv": [ 0, 0, 1.5, 2 ], "texture": "#texture" },
				"south": { "uv": [ 0, 0, 1.5, 2 ], "texture": "#texture" },
				"west": { "uv": [ 0, 0, 1.5, 2.5 ], "texture": "#texture" },
				"east": { "uv": [ 0, 0, 1.5, 2.5 ], "texture": "#texture" }
			}
		},
		{
			"__comment": "Element",
			"from": [ 13.75, 13, 9 ],
			"to": [ 16.25, 15, 21 ],
			"faces": {
				"down": { "uv": [ 2.25, 16, 0, 9 ], "texture": "#texture" },
				"up": { "uv": [ 13.75, 9, 16, 16 ], "texture": "#texture" },
				"north": { "uv": [ 0, 1, 2.25, 3 ], "texture": "#texture" },
				"south": { "uv": [ 13.75, 1, 16, 3 ], "texture": "#texture" },
				"west": { "uv": [ 9, 1, 16, 3 ], "texture": "#texture" },
				"east": { "uv": [ 0, 1, 7, 3 ], "texture": "#texture" }
			}
		},
		{
			"__comment": "Element",
			"from": [ 13.6875, 1, 8.9375 ],
			"to": [ 16.1875, 3, 20.9375 ],
			"faces": {
				"down": { "uv": [ 2.3125, 16, 0, 8.9375 ], "texture": "#texture" },
				"up": { "uv": [ 13.6875, 8.9375, 16, 16 ], "texture": "#texture" },
				"north": { "uv": [ 0, 13, 2.3125, 15 ], "texture": "#texture" },
				"south": { "uv": [ 13.6875, 13, 16, 15 ], "texture": "#texture" },
				"west": { "uv": [ 8.9375, 13, 16, 15 ], "texture": "#texture" },
				"east": { "uv": [ 0, 13, 7.0625, 15 ], "texture": "#texture" }
			}
		},
		{
			"__comment": "lower bar*",
			"from": [ 14.0625, 12, 9.9142 ],
			"to": [ 15.8125, 14, 25.91419 ],
			"rotation": { "origin": [ 14.0625, 14, 9.91421 ], "axis": "x", "angle": 45 },
			"faces": {
				"down": { "uv": [ 14, 0, 16, 16 ], "texture": "#texture" },
				"up": { "uv": [ 14, 0, 16, 16 ], "texture": "#texture" },
				"north": { "uv": [ 14, 2, 16, 4 ], "texture": "#texture" },
				"south": { "uv": [ 14, 2, 16, 4 ], "texture": "#texture" },
				"west": { "uv": [ 0, 2, 16, 4 ], "texture": "#texture" },
				"east": { "uv": [ 0, 2, 16, 4 ], "texture": "#texture" }
			}
		},
		{
			"__comment": "Left-hand post*",
			"from": [ 13.75, 0, 21 ],
			"to": [ 16.25, 16, 22 ],
			"faces": {
				"down": { "uv": [ 0, 0, 1.5, 2.5 ], "texture": "#texture" },
				"up": { "uv": [ 0, 0, 1.5, 2.5 ], "texture": "#texture" },
				"north": { "uv": [ 13.5, 0, 16, 16 ], "texture": "#texture" },
				"south": { "uv": [ 13.5, 0, 16, 16 ], "texture": "#texture" },
				"west": { "uv": [ 0, 0, 1, 16 ], "texture": "#texture" },
				"east": { "uv": [ 0, 0, 1, 16 ], "texture": "#texture" }
			}
		}
	]
}