{
	"__comment": "Conquest Reforged",
	"parent": "block/block",
	"textures": {
		"particle": "block/dark_oak_planks",
		"texture": "block/dark_oak_planks"
	},
	"elements": [ 	 
		{
			"__comment": "Left-hand post",
			"from": [ 0, 0, 6.75 ],
			"to": [ 1, 16, 9.25 ],
			"faces": {
				"down": { "uv": [ 8.5, 8.5, 7.5, 6 ], "texture": "#texture" },
				"up": { "uv": [ 7, 6.5, 8, 9 ], "texture": "#texture" },
				"north": { "uv": [ 7.5, 0, 8.5, 16 ], "texture": "#texture" },
				"south": { "uv": [ 7, 0, 8, 16 ], "texture": "#texture" },
				"west": { "uv": [ 4.5, 0, 7, 16 ], "texture": "#texture", "cullface": "west" },
				"east": { "uv": [ 4, 0, 6.5, 16 ], "texture": "#texture" }
			}
		},
		{
			"__comment": "Right-hand post",
			"from": [ 14, 0, 6.75 ],
			"to": [ 16, 16, 9.25 ],
			"faces": {
				"down": { "uv": [ 14, 6.75, 16, 9.25 ], "texture": "#texture" },
				"up": { "uv": [ 14, 6.75, 16, 9.25 ], "texture": "#texture" },
				"north": { "uv": [ 2.5, 0, 4.5, 16 ], "texture": "#texture" },
				"south": { "uv": [ 3, 0, 5, 16 ], "texture": "#texture" },
				"west": { "uv": [ 1.5, 0, 4, 16 ], "texture": "#texture" },
				"east": { "uv": [ 2, 0, 4.5, 16 ], "texture": "#texture", "cullface": "east" }
			}
		},
		{
			"__comment": "lower bar*",
			"from": [ 2.9142, 12, 7.1875 ],
			"to": [ 18.91419, 14, 8.9375 ],
			"rotation": { "origin": [ 2.91421, 14, 7.1875 ], "axis": "z", "angle": -45 },
			"faces": {
				"down": { "uv": [ 14.5, 9, 0, 7 ], "texture": "#texture" },
				"up": { "uv": [ 1.5, 7, 16, 9 ], "texture": "#texture" },
				"north": { "uv": [ 0, 14, 14.5, 16 ], "texture": "#texture" },
				"south": { "uv": [ 1.5, 14, 16, 16 ], "texture": "#texture" },
				"west": { "uv": [ 7, 14, 9, 16 ], "texture": "#texture" },
				"east": { "uv": [ 7, 14, 9, 16 ], "texture": "#texture" }
			}
		},
		{
			"__comment": "lower bar*",
			"from": [ 2, 1, 7 ],
			"to": [ 18, 3, 9 ],
			"rotation": { "origin": [ 2, 3, 7 ], "axis": "z", "angle": 45 },
			"faces": {
				"down": { "uv": [ 14.5, 9, 0, 7 ], "texture": "#texture" },
				"up": { "uv": [ 1.5, 7, 16, 9 ], "texture": "#texture" },
				"north": { "uv": [ 0, 14, 14.5, 16 ], "texture": "#texture" },
				"south": { "uv": [ 1.5, 14, 16, 16 ], "texture": "#texture" },
				"west": { "uv": [ 7, 14, 9, 16 ], "texture": "#texture" },
				"east": { "uv": [ 7, 14, 9, 16 ], "texture": "#texture" }
			}
		},
		{
			"__comment": "Left-hand post*",
			"from": [ 1, 0, 6.75 ],
			"to": [ 2, 16, 9.25 ],
			"faces": {
				"down": { "uv": [ 15, 9.25, 14, 6.75 ], "texture": "#texture" },
				"up": { "uv": [ 1, 6.75, 2, 9.25 ], "texture": "#texture" },
				"north": { "uv": [ 14, 0, 15, 16 ], "texture": "#texture" },
				"south": { "uv": [ 1, 0, 2, 16 ], "texture": "#texture" },
				"west": { "uv": [ 6.75, 0, 9.25, 16 ], "texture": "#texture", "cullface": "west" },
				"east": { "uv": [ 6.75, 0, 9.25, 16 ], "texture": "#texture" }
			}
		},
		{
			"__comment": "Left-hand post*",
			"from": [ 0.5, 15, 7.5 ],
			"to": [ 2.5, 16.5, 8.5 ],
			"faces": {
				"down": { "uv": [ 15, 10.25, 13, 9.25 ], "texture": "#texture" },
				"up": { "uv": [ 1, 9.25, 3, 10.25 ], "texture": "#texture" },
				"north": { "uv": [ 13, 2, 15, 3.5 ], "texture": "#texture" },
				"south": { "uv": [ 1, 2, 3, 3.5 ], "texture": "#texture" },
				"west": { "uv": [ 9.25, 2, 10.25, 3.5 ], "texture": "#texture" },
				"east": { "uv": [ 5.75, 2, 6.75, 3.5 ], "texture": "#texture" }
			}
		},
		{
			"__comment": "Element",
			"from": [ 2, 13, 6.75 ],
			"to": [ 14, 15, 9.25 ],
			"faces": {
				"down": { "uv": [ 14, 9.25, 2, 6.75 ], "texture": "#texture" },
				"up": { "uv": [ 2, 6.75, 14, 9.25 ], "texture": "#texture" },
				"north": { "uv": [ 2, 1, 14, 3 ], "texture": "#texture" },
				"south": { "uv": [ 2, 1, 14, 3 ], "texture": "#texture" },
				"west": { "uv": [ 6.75, 1, 9.25, 3 ], "texture": "#texture" },
				"east": { "uv": [ 6.75, 1, 9.25, 3 ], "texture": "#texture" }
			}
		},
		{
			"__comment": "Element",
			"from": [ 2, 1, 6.75 ],
			"to": [ 14, 3, 9.25 ],
			"faces": {
				"down": { "uv": [ 14, 9.25, 2, 6.75 ], "texture": "#texture" },
				"up": { "uv": [ 2, 6.75, 14, 9.25 ], "texture": "#texture" },
				"north": { "uv": [ 2, 13, 14, 15 ], "texture": "#texture" },
				"south": { "uv": [ 2, 13, 14, 15 ], "texture": "#texture" },
				"west": { "uv": [ 6.75, 13, 9.25, 15 ], "texture": "#texture" },
				"east": { "uv": [ 6.75, 13, 9.25, 15 ], "texture": "#texture" }
			}
		}
	]
}