{
	"__comment": "Designed by Monsterfish_ with Cubik Studio - https://cubik.studio",
	"parent": "block/block",
	"textures": {
		"particle": "block/hay_block_side",
		"bettergrass": "block/hayxtra",
		"top": "block/hay_block_top",
		"side": "block/grass_side",
		"overlay": "block/grass_side_overlay",
		"texture": "block/best_grass_extra",
		"bottom": "block/hay_block_top",
		"down": "block/hay_block_side",
		"up": "block/hay_block_side",
		"south": "block/hay_block_side",
		"east": "block/hay_block_side",
		"north": "block/hay_block_side",
		"west": "block/hay_block_side"
	},
	"elements": [ 	 
		{
			"from": [ 0.0009999999, 3.5, 16 ],
			"to": [ 15.999, 4.5, 16.5 ],
			"faces": {
				"down": { "uv": [ 0.001, 12.001, 15.999, 12.499 ], "texture": "#down", "cullface": "south" },
				"up": { "uv": [ 0.001, 11.501, 15.999, 11.999 ], "texture": "#up", "cullface": "south" },
				"south": { "uv": [ 0.001, 11.501, 15.999, 12.499 ], "texture": "#south", "cullface": "south" },
				"west": { "uv": [ 15.501, 11.501, 15.999, 12.499 ], "texture": "#up", "cullface": "south" },
				"east": { "uv": [ 15.501, 11.501, 15.999, 12.499 ], "texture": "#east", "cullface": "south" }
			}
		},
		{
			"from": [ 0.0009999999, 3.5, -0.5 ],
			"to": [ 15.999, 4.5, 0 ],
			"faces": {
				"down": { "uv": [ 0.001, 12.001, 15.999, 12.499 ], "texture": "#down", "cullface": "north" },
				"up": { "uv": [ 0.001, 11.501, 15.999, 11.999 ], "texture": "#up", "cullface": "north" },
				"north": { "uv": [ 0.001, 11.501, 15.999, 12.499 ], "texture": "#north", "cullface": "north" },
				"west": { "uv": [ 0.001, 11.501, 0.499, 12.499 ], "texture": "#up", "cullface": "north" },
				"east": { "uv": [ 0.001, 11.501, 0.499, 12.499 ], "texture": "#east", "cullface": "north" }
			}
		},
		{
			"from": [ 0.0009999999, 11.5, 16 ],
			"to": [ 15.999, 12.5, 16.5 ],
			"faces": {
				"down": { "uv": [ 0.001, 4.000999, 15.999, 4.499001 ], "texture": "#down", "cullface": "south" },
				"up": { "uv": [ 0.001, 3.500999, 15.999, 3.999001 ], "texture": "#up", "cullface": "south" },
				"south": { "uv": [ 0.001, 3.500999, 15.999, 4.499001 ], "texture": "#south", "cullface": "south" },
				"west": { "uv": [ 0.001, 3.500999, 0.499, 4.499001 ], "texture": "#up", "cullface": "south" },
				"east": { "uv": [ 0.001, 3.500999, 0.499, 4.499001 ], "texture": "#east", "cullface": "south" }
			}
		},
		{
			"from": [ 0.0009999999, 11.5, -0.5 ],
			"to": [ 15.999, 12.5, 0 ],
			"faces": {
				"down": { "uv": [ 0.001, 4.000999, 15.999, 4.499001 ], "texture": "#down", "cullface": "north" },
				"up": { "uv": [ 0.001, 3.500999, 15.999, 3.999001 ], "texture": "#up", "cullface": "north" },
				"north": { "uv": [ 0.001, 3.500999, 15.999, 4.499001 ], "texture": "#north", "cullface": "north" },
				"west": { "uv": [ 0.001, 3.500999, 0.499, 4.499001 ], "texture": "#up", "cullface": "north" },
				"east": { "uv": [ 0.001, 3.500999, 0.499, 4.499001 ], "texture": "#east", "cullface": "north" }
			}
		},
		{
			"from": [ 0, 0, 0 ],
			"to": [ 16, 16, 16 ],
			"faces": {
				"down": { "uv": [ 0.001, 0.001000404, 15.999, 15.999 ], "texture": "#bottom", "cullface": "down" },
				"up": { "uv": [ 0.001, 0.001000404, 15.999, 15.999 ], "texture": "#top", "cullface": "up" },
				"north": { "uv": [ 0.001, 0.001000404, 15.999, 15.999 ], "texture": "#north", "cullface": "north" },
				"south": { "uv": [ 0.001, 0.001000404, 15.999, 15.999 ], "texture": "#south", "cullface": "south" },
				"west": { "uv": [ 0.001, 0.001000404, 15.999, 15.999 ], "texture": "#west", "cullface": "west" },
				"east": { "uv": [ 0.001, 0.001000404, 15.999, 15.999 ], "texture": "#east", "cullface": "east" }
			}
		},
		{
			"from": [ -0.5, 11.5, 0.0009999999 ],
			"to": [ 0, 12.5, 15.999 ],
			"faces": {
				"down": { "uv": [ 0.001, 12.001, 15.999, 12.499 ], "texture": "#down", "cullface": "west", "rotation": 90 },
				"up": { "uv": [ 0.001, 11.501, 15.999, 11.999 ], "texture": "#up", "cullface": "west", "rotation": 90 },
				"north": { "uv": [ 0.001, 3.500999, 0.499, 4.499001 ], "texture": "#north", "cullface": "west" },
				"south": { "uv": [ 0.001, 3.500999, 0.499, 4.499001 ], "texture": "#south", "cullface": "west" },
				"west": { "uv": [ 0.001, 3.500999, 15.499, 4.499001 ], "texture": "#up", "cullface": "west" }
			}
		},
		{
			"from": [ 16, 3.5, 0.0009999999 ],
			"to": [ 16.5, 4.5, 15.999 ],
			"faces": {
				"down": { "uv": [ 0.001, 12.001, 15.999, 12.499 ], "texture": "#down", "cullface": "east", "rotation": 90 },
				"up": { "uv": [ 0.001, 11.501, 15.999, 11.999 ], "texture": "#up", "cullface": "east", "rotation": 90 },
				"north": { "uv": [ 15.501, 11.501, 15.999, 12.499 ], "texture": "#north", "cullface": "east" },
				"south": { "uv": [ 15.501, 11.501, 15.999, 12.499 ], "texture": "#south", "cullface": "east" },
				"east": { "uv": [ 0.001, 11.501, 15.999, 12.499 ], "texture": "#east", "cullface": "east" }
			}
		},
		{
			"from": [ -0.5, 3.5, 0.0009999999 ],
			"to": [ 0, 4.5, 15.999 ],
			"faces": {
				"down": { "uv": [ 0.001, 12.001, 15.999, 12.499 ], "texture": "#down", "cullface": "west", "rotation": 90 },
				"up": { "uv": [ 0.001, 11.501, 15.999, 11.999 ], "texture": "#up", "cullface": "west", "rotation": 90 },
				"north": { "uv": [ 0.001, 11.501, 0.499, 12.499 ], "texture": "#north", "cullface": "west" },
				"south": { "uv": [ 0.001, 11.501, 0.499, 12.499 ], "texture": "#south", "cullface": "west" },
				"west": { "uv": [ 0.001, 11.501, 15.999, 12.499 ], "texture": "#up", "cullface": "west" }
			}
		},
		{
			"from": [ 16, 11.5, 0.0009999999 ],
			"to": [ 16.5, 12.5, 15.999 ],
			"faces": {
				"down": { "uv": [ 0.001, 12.001, 15.999, 12.499 ], "texture": "#down", "cullface": "east", "rotation": 90 },
				"up": { "uv": [ 0.001, 11.501, 15.999, 11.999 ], "texture": "#up", "cullface": "east", "rotation": 90 },
				"north": { "uv": [ 15.501, 11.501, 15.999, 12.499 ], "texture": "#north", "cullface": "east" },
				"south": { "uv": [ 15.501, 11.501, 15.999, 12.499 ], "texture": "#south", "cullface": "east" },
				"east": { "uv": [ 0.001, 11.501, 15.999, 12.499 ], "texture": "#east", "cullface": "east" }
			}
		}
	]
}