{
  "__createdwith": "opl's Model Creator",
  "parent": "block/block", 
  "ambientocclusion": true,
  "textures": {
    "particle": "block/ladder",
    "down": "block/ladder"
  },
  "elements": [
    {
      "from": [12,0,15.299999],
      "to": [14,16,15.299999],
      "faces": {
        "up": {
          "uv": [4,3,6,4.5],
          "texture": "#down"
        },
        "down": {
          "uv": [4,3,6,4.5],
          "texture": "#down"
        },
        "west": {
          "uv": [4,0,2.5,16],
          "texture": "#down"
        },
        "east": {
          "uv": [4,0,2.5,16],
          "texture": "#down"
        },
        "north": {
          "uv": [2,0,4,16],
          "texture": "#down"
        },
        "south": {
          "uv": [2,0,4,16],
          "texture": "#down"
        }
      }
    },
    {
      "from": [2,11,14],
      "to": [4,13.5,14.5],
      "faces": {
        "up": {
          "uv": [12,3.5,14,4],
          "texture": "#down"
        },
        "down": {
          "uv": [12,3.5,14,4],
          "texture": "#down"
        },
        "west": {
          "uv": [3.5,2.5,4,5],
          "texture": "#down"
        },
        "east": {
          "uv": [3.5,2.5,4,5],
          "texture": "#down"
        },
        "north": {
          "uv": [12,2.5,14,5],
          "texture": "#down"
        },
        "south": {
          "uv": [12,2.5,14,5],
          "texture": "#down"
        }
      }
    },
    {
      "from": [12,2.5,14],
      "to": [14,5,14.5],
      "faces": {
        "up": {
          "uv": [2,3.5,4,4],
          "texture": "#down"
        },
        "down": {
          "uv": [2,3.5,4,4],
          "texture": "#down"
        },
        "west": {
          "uv": [3.5,11,4,13.5],
          "texture": "#down"
        },
        "east": {
          "uv": [3.5,11,4,13.5],
          "texture": "#down"
        },
        "north": {
          "uv": [2,11,4,13.5],
          "texture": "#down"
        },
        "south": {
          "uv": [2,11,4,13.5],
          "texture": "#down"
        }
      }
    },
    {
      "from": [2,2.5,14],
      "to": [4,5,14.5],
      "faces": {
        "up": {
          "uv": [12,3.5,14,4],
          "texture": "#down"
        },
        "down": {
          "uv": [12,3.5,14,4],
          "texture": "#down"
        },
        "west": {
          "uv": [3.5,11,4,13.5],
          "texture": "#down"
        },
        "east": {
          "uv": [3.5,11,4,13.5],
          "texture": "#down"
        },
        "north": {
          "uv": [12,11,14,13.5],
          "texture": "#down"
        },
        "south": {
          "uv": [12,11,14,13.5],
          "texture": "#down"
        }
      }
    },
    {
      "from": [12,11,14],
      "to": [14,13.5,14.5],
      "faces": {
        "up": {
          "uv": [2,3.5,4,4],
          "texture": "#down"
        },
        "down": {
          "uv": [2,3.5,4,4],
          "texture": "#down"
        },
        "west": {
          "uv": [3.5,2.5,4,5],
          "texture": "#down"
        },
        "east": {
          "uv": [3.5,2.5,4,5],
          "texture": "#down"
        },
        "north": {
          "uv": [2,2.5,4,5],
          "texture": "#down"
        },
        "south": {
          "uv": [2,2.5,4,5],
          "texture": "#down"
        }
      }
    },
    {
      "from": [-0.1,0,15.249999],
      "to": [16,16,15.249999],
      "faces": {
        "up": {
          "uv": [4,2,5.5,2.5],
          "texture": "#down"
        },
        "down": {
          "uv": [0.5,0.5,2,1],
          "texture": "#down"
        },
        "west": {
          "uv": [0.5,2,1,5],
          "texture": "#down"
        },
        "east": {
          "uv": [0.5,2,1,5],
          "texture": "#down"
        },
        "north": {
          "uv": [16,0,0.09999943,16],
          "texture": "#down"
        },
        "south": {
          "uv": [0,0,16,15.95],
          "texture": "#down"
        }
      }
    },
    {
      "from": [-0.1,0,15.15],
      "to": [16,16,15.15],
      "faces": {
        "up": {
          "uv": [4,2,5.5,2.5],
          "texture": "#down"
        },
        "down": {
          "uv": [0.5,0.5,2,1],
          "texture": "#down"
        },
        "west": {
          "uv": [0.5,2,1,5],
          "texture": "#down"
        },
        "east": {
          "uv": [0.5,2,1,5],
          "texture": "#down"
        },
        "north": {
          "uv": [16,0,0.09999943,16],
          "texture": "#down"
        },
        "south": {
          "uv": [0,0,16,15.95],
          "texture": "#down"
        }
      }
    },
    {
      "from": [-0.1,0,15.049999],
      "to": [16,16,15.049999],
      "faces": {
        "up": {
          "uv": [4,2,5.5,2.5],
          "texture": "#down"
        },
        "down": {
          "uv": [0.5,0.5,2,1],
          "texture": "#down"
        },
        "west": {
          "uv": [0.5,2,1,5],
          "texture": "#down"
        },
        "east": {
          "uv": [0.5,2,1,5],
          "texture": "#down"
        },
        "north": {
          "uv": [16,0,0.09999943,16],
          "texture": "#down"
        },
        "south": {
          "uv": [0,0,16,15.95],
          "texture": "#down"
        }
      }
    },
    {
      "from": [-0.1,0,15.049999],
      "to": [16,16,15.049999],
      "faces": {
        "up": {
          "uv": [4,2,5.5,2.5],
          "texture": "#down"
        },
        "down": {
          "uv": [0.5,0.5,2,1],
          "texture": "#down"
        },
        "west": {
          "uv": [0.5,2,1,5],
          "texture": "#down"
        },
        "east": {
          "uv": [0.5,2,1,5],
          "texture": "#down"
        },
        "north": {
          "uv": [16,0,0.09999943,16],
          "texture": "#down"
        },
        "south": {
          "uv": [0,0,16,15.95],
          "texture": "#down"
        }
      }
    },
    {
      "from": [-0.1,0,14.949999],
      "to": [16,16,14.949999],
      "faces": {
        "up": {
          "uv": [4,2,5.5,2.5],
          "texture": "#down"
        },
        "down": {
          "uv": [0.5,0.5,2,1],
          "texture": "#down"
        },
        "west": {
          "uv": [0.5,2,1,5],
          "texture": "#down"
        },
        "east": {
          "uv": [0.5,2,1,5],
          "texture": "#down"
        },
        "north": {
          "uv": [16,0,0.09999943,16],
          "texture": "#down"
        },
        "south": {
          "uv": [0,0,16,15.95],
          "texture": "#down"
        }
      }
    },
    {
      "from": [-0.1,0,14.949999],
      "to": [16,16,14.949999],
      "faces": {
        "up": {
          "uv": [4,2,5.5,2.5],
          "texture": "#down"
        },
        "down": {
          "uv": [0.5,0.5,2,1],
          "texture": "#down"
        },
        "west": {
          "uv": [0.5,2,1,5],
          "texture": "#down"
        },
        "east": {
          "uv": [0.5,2,1,5],
          "texture": "#down"
        },
        "north": {
          "uv": [16,0,0.09999943,16],
          "texture": "#down"
        },
        "south": {
          "uv": [0,0,16,15.95],
          "texture": "#down"
        }
      }
    },
    {
      "from": [-0.1,0,14.849999],
      "to": [16,16,14.849999],
      "faces": {
        "up": {
          "uv": [4,2,5.5,2.5],
          "texture": "#down"
        },
        "down": {
          "uv": [0.5,0.5,2,1],
          "texture": "#down"
        },
        "west": {
          "uv": [0.5,2,1,5],
          "texture": "#down"
        },
        "east": {
          "uv": [0.5,2,1,5],
          "texture": "#down"
        },
        "north": {
          "uv": [16,0,0.09999943,16],
          "texture": "#down"
        },
        "south": {
          "uv": [0,0,16,15.95],
          "texture": "#down"
        }
      }
    },
    {
      "from": [-0.1,0,14.75],
      "to": [16,16,14.75],
      "faces": {
        "up": {
          "uv": [4,2,5.5,2.5],
          "texture": "#down"
        },
        "down": {
          "uv": [0.5,0.5,2,1],
          "texture": "#down"
        },
        "west": {
          "uv": [0.5,2,1,5],
          "texture": "#down"
        },
        "east": {
          "uv": [0.5,2,1,5],
          "texture": "#down"
        },
        "north": {
          "uv": [16,0,0.09999943,16],
          "texture": "#down"
        },
        "south": {
          "uv": [0,0,16,15.95],
          "texture": "#down"
        }
      }
    },
    {
      "from": [-0.1,0,14.65],
      "to": [16,16,14.65],
      "faces": {
        "up": {
          "uv": [4,2,5.5,2.5],
          "texture": "#down"
        },
        "down": {
          "uv": [0.5,0.5,2,1],
          "texture": "#down"
        },
        "west": {
          "uv": [0.5,2,1,5],
          "texture": "#down"
        },
        "east": {
          "uv": [0.5,2,1,5],
          "texture": "#down"
        },
        "north": {
          "uv": [16,0,0.09999943,16],
          "texture": "#down"
        },
        "south": {
          "uv": [0,0,16,15.95],
          "texture": "#down"
        }
      }
    },
    {
      "from": [-0.1,0,14.549999],
      "to": [16,16,14.549999],
      "faces": {
        "up": {
          "uv": [4,2,5.5,2.5],
          "texture": "#down"
        },
        "down": {
          "uv": [0.5,0.5,2,1],
          "texture": "#down"
        },
        "west": {
          "uv": [0.5,2,1,5],
          "texture": "#down"
        },
        "east": {
          "uv": [0.5,2,1,5],
          "texture": "#down"
        },
        "north": {
          "uv": [16,0,0.09999943,16],
          "texture": "#down"
        },
        "south": {
          "uv": [0,0,16,15.95],
          "texture": "#down"
        }
      }
    },
    {
      "from": [1.9000001,0,15.299999],
      "to": [3.9,16,15.299999],
      "faces": {
        "up": {
          "uv": [4,3,6,4.5],
          "texture": "#down"
        },
        "down": {
          "uv": [4,3,6,4.5],
          "texture": "#down"
        },
        "west": {
          "uv": [4,0,2.5,16],
          "texture": "#down"
        },
        "east": {
          "uv": [4,0,2.5,16],
          "texture": "#down"
        },
        "north": {
          "uv": [2,0,4,16],
          "texture": "#down"
        },
        "south": {
          "uv": [2,0,4,16],
          "texture": "#down"
        }
      }
    },
    {
      "from": [1.9000001,0,15.4],
      "to": [3.9,16,15.4],
      "faces": {
        "up": {
          "uv": [4,3,6,4.5],
          "texture": "#down"
        },
        "down": {
          "uv": [4,3,6,4.5],
          "texture": "#down"
        },
        "west": {
          "uv": [4,0,2.5,16],
          "texture": "#down"
        },
        "east": {
          "uv": [4,0,2.5,16],
          "texture": "#down"
        },
        "north": {
          "uv": [2,0,4,16],
          "texture": "#down"
        },
        "south": {
          "uv": [2,0,4,16],
          "texture": "#down"
        }
      }
    },
    {
      "from": [12,0,15.4],
      "to": [14,16,15.4],
      "faces": {
        "up": {
          "uv": [4,3,6,4.5],
          "texture": "#down"
        },
        "down": {
          "uv": [4,3,6,4.5],
          "texture": "#down"
        },
        "west": {
          "uv": [4,0,2.5,16],
          "texture": "#down"
        },
        "east": {
          "uv": [4,0,2.5,16],
          "texture": "#down"
        },
        "north": {
          "uv": [2,0,4,16],
          "texture": "#down"
        },
        "south": {
          "uv": [2,0,4,16],
          "texture": "#down"
        }
      }
    },
    {
      "from": [1.9000001,0,15.499999],
      "to": [3.9,16,15.499999],
      "faces": {
        "up": {
          "uv": [4,3,6,4.5],
          "texture": "#down"
        },
        "down": {
          "uv": [4,3,6,4.5],
          "texture": "#down"
        },
        "west": {
          "uv": [4,0,2.5,16],
          "texture": "#down"
        },
        "east": {
          "uv": [4,0,2.5,16],
          "texture": "#down"
        },
        "north": {
          "uv": [2,0,4,16],
          "texture": "#down"
        },
        "south": {
          "uv": [2,0,4,16],
          "texture": "#down"
        }
      }
    },
    {
      "from": [12,0,15.499999],
      "to": [14,16,15.499999],
      "faces": {
        "up": {
          "uv": [4,3,6,4.5],
          "texture": "#down"
        },
        "down": {
          "uv": [4,3,6,4.5],
          "texture": "#down"
        },
        "west": {
          "uv": [4,0,2.5,16],
          "texture": "#down"
        },
        "east": {
          "uv": [4,0,2.5,16],
          "texture": "#down"
        },
        "north": {
          "uv": [2,0,4,16],
          "texture": "#down"
        },
        "south": {
          "uv": [2,0,4,16],
          "texture": "#down"
        }
      }
    },
    {
      "from": [1.9000001,0,15.599998],
      "to": [3.9,16,15.599998],
      "faces": {
        "up": {
          "uv": [4,3,6,4.5],
          "texture": "#down"
        },
        "down": {
          "uv": [4,3,6,4.5],
          "texture": "#down"
        },
        "west": {
          "uv": [4,0,2.5,16],
          "texture": "#down"
        },
        "east": {
          "uv": [4,0,2.5,16],
          "texture": "#down"
        },
        "north": {
          "uv": [2,0,4,16],
          "texture": "#down"
        },
        "south": {
          "uv": [2,0,4,16],
          "texture": "#down"
        }
      }
    },
    {
      "from": [12,0,15.599998],
      "to": [14,16,15.599998],
      "faces": {
        "up": {
          "uv": [4,3,6,4.5],
          "texture": "#down"
        },
        "down": {
          "uv": [4,3,6,4.5],
          "texture": "#down"
        },
        "west": {
          "uv": [4,0,2.5,16],
          "texture": "#down"
        },
        "east": {
          "uv": [4,0,2.5,16],
          "texture": "#down"
        },
        "north": {
          "uv": [2,0,4,16],
          "texture": "#down"
        },
        "south": {
          "uv": [2,0,4,16],
          "texture": "#down"
        }
      }
    },
    {
      "from": [1.9000001,0,15.699999],
      "to": [3.9,16,15.699999],
      "faces": {
        "up": {
          "uv": [4,3,6,4.5],
          "texture": "#down"
        },
        "down": {
          "uv": [4,3,6,4.5],
          "texture": "#down"
        },
        "west": {
          "uv": [4,0,2.5,16],
          "texture": "#down"
        },
        "east": {
          "uv": [4,0,2.5,16],
          "texture": "#down"
        },
        "north": {
          "uv": [2,0,4,16],
          "texture": "#down"
        },
        "south": {
          "uv": [2,0,4,16],
          "texture": "#down"
        }
      }
    },
    {
      "from": [12,0,15.699999],
      "to": [14,16,15.699999],
      "faces": {
        "up": {
          "uv": [4,3,6,4.5],
          "texture": "#down"
        },
        "down": {
          "uv": [4,3,6,4.5],
          "texture": "#down"
        },
        "west": {
          "uv": [4,0,2.5,16],
          "texture": "#down"
        },
        "east": {
          "uv": [4,0,2.5,16],
          "texture": "#down"
        },
        "north": {
          "uv": [2,0,4,16],
          "texture": "#down"
        },
        "south": {
          "uv": [2,0,4,16],
          "texture": "#down"
        }
      }
    },
    {
      "from": [1.9000001,0,15.799999],
      "to": [3.9,16,15.799999],
      "faces": {
        "up": {
          "uv": [4,3,6,4.5],
          "texture": "#down"
        },
        "down": {
          "uv": [4,3,6,4.5],
          "texture": "#down"
        },
        "west": {
          "uv": [4,0,2.5,16],
          "texture": "#down"
        },
        "east": {
          "uv": [4,0,2.5,16],
          "texture": "#down"
        },
        "north": {
          "uv": [2,0,4,16],
          "texture": "#down"
        },
        "south": {
          "uv": [2,0,4,16],
          "texture": "#down"
        }
      }
    },
    {
      "from": [12,0,15.799999],
      "to": [14,16,15.799999],
      "faces": {
        "up": {
          "uv": [4,3,6,4.5],
          "texture": "#down"
        },
        "down": {
          "uv": [4,3,6,4.5],
          "texture": "#down"
        },
        "west": {
          "uv": [4,0,2.5,16],
          "texture": "#down"
        },
        "east": {
          "uv": [4,0,2.5,16],
          "texture": "#down"
        },
        "north": {
          "uv": [2,0,4,16],
          "texture": "#down"
        },
        "south": {
          "uv": [2,0,4,16],
          "texture": "#down"
        }
      }
    },
    {
      "from": [1.9000001,0,15.9],
      "to": [3.9,16,15.9],
      "faces": {
        "up": {
          "uv": [4,3,6,4.5],
          "texture": "#down"
        },
        "down": {
          "uv": [4,3,6,4.5],
          "texture": "#down"
        },
        "west": {
          "uv": [4,0,2.5,16],
          "texture": "#down"
        },
        "east": {
          "uv": [4,0,2.5,16],
          "texture": "#down"
        },
        "north": {
          "uv": [2,0,4,16],
          "texture": "#down"
        },
        "south": {
          "uv": [2,0,4,16],
          "texture": "#down"
        }
      }
    },
    {
      "from": [12,0,15.9],
      "to": [14,16,15.9],
      "faces": {
        "up": {
          "uv": [4,3,6,4.5],
          "texture": "#down"
        },
        "down": {
          "uv": [4,3,6,4.5],
          "texture": "#down"
        },
        "west": {
          "uv": [4,0,2.5,16],
          "texture": "#down"
        },
        "east": {
          "uv": [4,0,2.5,16],
          "texture": "#down"
        },
        "north": {
          "uv": [2,0,4,16],
          "texture": "#down"
        },
        "south": {
          "uv": [2,0,4,16],
          "texture": "#down"
        }
      }
    }
  ]
}