{
	"credit": "Made with Blockbench",
	"parent": "block/block",
	"textures": {
		"all": "block/lantern",
		"particle": "block/lantern"
	},
	"elements": [
		{
			"from": [5.25, 1, 5.25],
			"to": [10.75, 9.84375, 10.75],
			"faces": {
				"north": {"uv": [0.5, 11.5, 3.5, 15.5], "texture": "#all"},
				"east": {"uv": [4.5, 11.5, 7.5, 15.5], "texture": "#all"},
				"south": {"uv": [0.5, 11.5, 3.5, 15.5], "texture": "#all"},
				"west": {"uv": [4.5, 11.5, 7.5, 15.5], "texture": "#all"},
				"up": {"uv": [9, 8, 12, 11], "texture": "#all"},
				"down": {"uv": [9, 12.25, 12, 15.25], "texture": "#all"}
			}
		},
		{
			"from": [4.40625, 8.65625, 4.4375],
			"to": [11.625, 9.28125, 11.5625],
			"faces": {
				"north": {"uv": [12.5, 7.25, 16, 7.5], "texture": "#all"},
				"east": {"uv": [12.5, 7.25, 16, 7.5], "texture": "#all"},
				"south": {"uv": [12.5, 7.25, 16, 7.5], "texture": "#all"},
				"west": {"uv": [12.5, 7.25, 16, 7.5], "texture": "#all"},
				"up": {"uv": [8.75, 7.75, 12.25, 11.25], "texture": "#all"},
				"down": {"uv": [9, 12.25, 12, 15.25], "texture": "#all"}
			}
		},
		{
			"from": [6.15625, 9.75, 6.1875],
			"to": [9.875, 10.375, 9.8125],
			"faces": {
				"north": {"uv": [12.5, 7, 14.5, 7.25], "texture": "#all"},
				"east": {"uv": [12.5, 7, 14.5, 7.25], "texture": "#all"},
				"south": {"uv": [12.5, 7, 14.5, 7.25], "texture": "#all"},
				"west": {"uv": [12.5, 7, 14.5, 7.25], "texture": "#all"},
				"up": {"uv": [9.5, 8.5, 11.5, 10.5], "texture": "#all"},
				"down": {"uv": [9, 12.25, 12, 15.25], "texture": "#all"}
			}
		},
		{
			"from": [3, 0, 8],
			"to": [13, 11.46875, 8],
			"shade": false,
			"rotation": {"angle": 45, "axis": "y", "origin": [8, 8, 8]},
			"faces": {
				"north": {"uv": [4, 10.75, 8, 16], "texture": "#all"},
				"east": {"uv": [0, 4, 16, 16], "texture": "#all"},
				"south": {"uv": [4, 10.75, 8, 16], "texture": "#all"},
				"west": {"uv": [0, 4, 16, 16], "texture": "#all"},
				"up": {"uv": [0, 4, 16, 16], "texture": "#all"},
				"down": {"uv": [0, 4, 16, 16], "texture": "#all"}
			}
		},
		{
			"from": [8, 0, 3],
			"to": [8, 13.09375, 13],
			"shade": false,
			"rotation": {"angle": 45, "axis": "y", "origin": [8, 8, 8]},
			"faces": {
				"north": {"uv": [0, 0, 16, 16], "texture": "#all"},
				"east": {"uv": [4, 10, 0, 16], "texture": "#all"},
				"south": {"uv": [8, 4, 8, 16], "texture": "#all"},
				"west": {"uv": [0, 10, 4, 16], "texture": "#all"},
				"up": {"uv": [8, 4, 8, 16], "texture": "#all"},
				"down": {"uv": [8, 4, 8, 16], "texture": "#all"}
			}
		}
	],
	"groups": [
		{
			"name": "lantern",
			"children": [0, 1, 2, 3, 4]
		}
	]
}