{
	"__comment": "Conquest Reforged",
	"textures": {
		"particle": "block/gold_pressure_plate",
		"x156": "block/gold_pressure_plate",
		"birch_planks": "block/planks_birch"
	},
	"elements": [ 	 
		{
			"__comment": "Box84",
			"from": [ 1.5, 0, -0.5 ],
			"to": [ 13, 0.5, 9 ],
			"rotation": { "origin": [ 1.5, 0, 9 ], "axis": "y", "angle": -22.5 },
			"faces": {
				"down": { "uv": [ 5, 1, 14.5, 12.5 ], "texture": "#x156", "rotation": 90 },
				"up": { "uv": [ 5, 3.5, 14.5, 15 ], "texture": "#x156", "rotation": 270 },
				"north": { "uv": [ 1, 15.5, 12.5, 16 ], "texture": "#x156" },
				"south": { "uv": [ 3.5, 15.5, 15, 16 ], "texture": "#x156" },
				"west": { "uv": [ 1.5, 15.5, 11, 16 ], "texture": "#x156" },
				"east": { "uv": [ 5, 15.5, 14.5, 16 ], "texture": "#x156" }
			}
		},
		{
			"__comment": "Box84",
			"from": [ 3.0001, 0, -1.4999 ],
			"to": [ 8.5001, 0.5, -0.4999 ],
			"rotation": { "origin": [ 1.5, 0, 9 ], "axis": "y", "angle": -22.5 },
			"faces": {
				"down": { "uv": [ 14, 6.5, 15, 12 ], "texture": "#x156", "rotation": 90 },
				"up": { "uv": [ 14, 4, 15, 9.5 ], "texture": "#x156", "rotation": 270 },
				"north": { "uv": [ 6.5, 15.5, 12, 16 ], "texture": "#x156" },
				"south": { "uv": [ 4, 15.5, 9.5, 16 ], "texture": "#x156" },
				"west": { "uv": [ 1, 15.5, 2, 16 ], "texture": "#x156" },
				"east": { "uv": [ 14, 15.5, 15, 16 ], "texture": "#x156" }
			}
		},
		{
			"__comment": "Box84",
			"from": [ 14.2279, -0.125, 8.6213 ],
			"to": [ 16.7279, 0.375, 11.1213 ],
			"rotation": { "origin": [ 1.5, 0, 9 ], "axis": "y", "angle": 22.5 },
			"faces": {
				"down": { "uv": [ 12, 2.5, 14.5, 5 ], "texture": "#x156", "rotation": 90 },
				"up": { "uv": [ 12, 11, 14.5, 13.5 ], "texture": "#x156", "rotation": 270 },
				"north": { "uv": [ 2.5, 15.5, 5, 16 ], "texture": "#x156" },
				"south": { "uv": [ 11, 15.5, 13.5, 16 ], "texture": "#x156" },
				"west": { "uv": [ 1.5, 15.5, 4, 16 ], "texture": "#x156" },
				"east": { "uv": [ 12, 15.5, 14.5, 16 ], "texture": "#x156" }
			}
		},
		{
			"__comment": "Box84",
			"from": [ 6, 0, 11.5 ],
			"to": [ 8.5, 0.5, 12.5 ],
			"rotation": { "origin": [ 1.5, 0, 9 ], "axis": "y", "angle": -22.5 },
			"faces": {
				"down": { "uv": [ 1, 6.5, 2, 9 ], "texture": "#x156", "rotation": 90 },
				"up": { "uv": [ 1, 7, 2, 9.5 ], "texture": "#x156", "rotation": 270 },
				"north": { "uv": [ 6.5, 7.5, 9, 8 ], "texture": "#x156" },
				"south": { "uv": [ 7, 7.5, 9.5, 8 ], "texture": "#x156" },
				"west": { "uv": [ 14, 7.5, 15, 8 ], "texture": "#x156" },
				"east": { "uv": [ 1, 7.5, 2, 8 ], "texture": "#x156" }
			}
		},
		{
			"__comment": "Box84",
			"from": [ 13, 0, 5.0001 ],
			"to": [ 14, 0.5, 7.5001 ],
			"rotation": { "origin": [ 1.5, 0, 9 ], "axis": "y", "angle": -22.5 },
			"faces": {
				"down": { "uv": [ 6, 1, 8.5, 2 ], "texture": "#x156", "rotation": 90 },
				"up": { "uv": [ 6, 14, 8.5, 15 ], "texture": "#x156", "rotation": 270 },
				"north": { "uv": [ 1, 7.5, 2, 8 ], "texture": "#x156" },
				"south": { "uv": [ 14, 7.5, 15, 8 ], "texture": "#x156" },
				"west": { "uv": [ 7.5, 7.5, 10, 8 ], "texture": "#x156" },
				"east": { "uv": [ 6, 7.5, 8.5, 8 ], "texture": "#x156" }
			}
		},
		{
			"__comment": "Box84",
			"from": [ 0.5, 0, 1.5 ],
			"to": [ 1.5, 0.5, 6 ],
			"rotation": { "origin": [ 1.5, 0, 9 ], "axis": "y", "angle": -22.5 },
			"faces": {
				"down": { "uv": [ 7.5, 13.5, 12, 14.5 ], "texture": "#x156", "rotation": 90 },
				"up": { "uv": [ 7.5, 1.5, 12, 2.5 ], "texture": "#x156", "rotation": 270 },
				"north": { "uv": [ 13.5, 7.5, 14.5, 8 ], "texture": "#x156" },
				"south": { "uv": [ 1.5, 7.5, 2.5, 8 ], "texture": "#x156" },
				"west": { "uv": [ 4, 7.5, 8.5, 8 ], "texture": "#x156" },
				"east": { "uv": [ 7.5, 7.5, 12, 8 ], "texture": "#x156" }
			}
		},
		{
			"__comment": "Box84",
			"from": [ 3.5, 0.5, 2 ],
			"to": [ 11.5, 1, 9.5 ],
			"rotation": { "origin": [ 1.5, 0, 9 ], "axis": "y", "angle": -22.5 },
			"faces": {
				"down": { "uv": [ 4, 3.5, 11.5, 11.5 ], "texture": "#x156", "rotation": 90 },
				"up": { "uv": [ 4, 4.5, 11.5, 12.5 ], "texture": "#x156", "rotation": 270 },
				"north": { "uv": [ 3.5, 7, 11.5, 7.5 ], "texture": "#x156" },
				"south": { "uv": [ 4.5, 7, 12.5, 7.5 ], "texture": "#x156" },
				"west": { "uv": [ 4.5, 7, 12, 7.5 ], "texture": "#x156" },
				"east": { "uv": [ 4, 7, 11.5, 7.5 ], "texture": "#x156" }
			}
		},
		{
			"__comment": "Box84",
			"from": [ 6, 1, 5 ],
			"to": [ 10, 1.5, 9 ],
			"rotation": { "origin": [ 1.5, 0, 9 ], "axis": "y", "angle": -22.5 },
			"faces": {
				"down": { "uv": [ 4.5, 5, 8.5, 9 ], "texture": "#x156", "rotation": 90 },
				"up": { "uv": [ 4.5, 7, 8.5, 11 ], "texture": "#x156", "rotation": 270 },
				"north": { "uv": [ 5, 6.5, 9, 7 ], "texture": "#x156" },
				"south": { "uv": [ 7, 6.5, 11, 7 ], "texture": "#x156" },
				"west": { "uv": [ 7.5, 6.5, 11.5, 7 ], "texture": "#x156" },
				"east": { "uv": [ 4.5, 6.5, 8.5, 7 ], "texture": "#x156" }
			}
		},
		{
			"__comment": "Box84",
			"from": [ 7.285, 0.5, 0.9791 ],
			"to": [ 9.785, 1, 1.9791 ],
			"rotation": { "origin": [ 1.5, 0, 9 ], "axis": "y", "angle": -22.5 },
			"faces": {
				"down": { "uv": [ 11.52094, 5.215026, 12.52094, 7.715026 ], "texture": "#x156", "rotation": 90 },
				"up": { "uv": [ 11.52094, 8.284974, 12.52094, 10.78497 ], "texture": "#x156", "rotation": 270 },
				"north": { "uv": [ 5.215026, 7, 7.715026, 7.5 ], "texture": "#x156" },
				"south": { "uv": [ 8.284974, 7, 10.78497, 7.5 ], "texture": "#x156" },
				"west": { "uv": [ 3.479055, 7, 4.479055, 7.5 ], "texture": "#x156" },
				"east": { "uv": [ 11.52094, 7, 12.52094, 7.5 ], "texture": "#x156" }
			}
		},
		{
			"__comment": "Box84",
			"from": [ 7, 1, 4.0001 ],
			"to": [ 9, 1.5, 5.0001 ],
			"rotation": { "origin": [ 1.5, 0, 9 ], "axis": "y", "angle": -22.5 },
			"faces": {
				"down": { "uv": [ 8.5, 6, 9.5, 8 ], "texture": "#x156", "rotation": 90 },
				"up": { "uv": [ 8.5, 8, 9.5, 10 ], "texture": "#x156", "rotation": 270 },
				"north": { "uv": [ 6, 6.5, 8, 7 ], "texture": "#x156" },
				"south": { "uv": [ 8, 6.5, 10, 7 ], "texture": "#x156" },
				"west": { "uv": [ 6.5, 6.5, 7.5, 7 ], "texture": "#x156" },
				"east": { "uv": [ 8.5, 6.5, 9.5, 7 ], "texture": "#x156" }
			}
		},
		{
			"__comment": "Box84",
			"from": [ 2.5036, 0.5, 3.2479 ],
			"to": [ 3.5036, 1, 7.7479 ],
			"rotation": { "origin": [ 1.5, 0, 9 ], "axis": "y", "angle": -22.5 },
			"faces": {
				"down": { "uv": [ 5.752088, 11.49634, 10.25209, 12.49634 ], "texture": "#x156", "rotation": 90 },
				"up": { "uv": [ 5.752088, 3.503663, 10.25209, 4.503663 ], "texture": "#x156", "rotation": 270 },
				"north": { "uv": [ 11.49634, 7, 12.49634, 7.5 ], "texture": "#x156" },
				"south": { "uv": [ 3.503663, 7, 4.503663, 7.5 ], "texture": "#x156" },
				"west": { "uv": [ 5.747912, 7, 10.24791, 7.5 ], "texture": "#x156" },
				"east": { "uv": [ 5.752088, 7, 10.25209, 7.5 ], "texture": "#x156" }
			}
		},
		{
			"__comment": "Box84",
			"from": [ 1.5328, -0.125, 9.6924 ],
			"to": [ 3.5328, 0.375, 11.6924 ],
			"rotation": { "origin": [ 1.5, 0, 9 ], "axis": "y", "angle": -45 },
			"faces": {
				"down": { "uv": [ 1.5, 11.5, 3.5, 13.5 ], "texture": "#x156", "rotation": 90 },
				"up": { "uv": [ 1.5, 2.5, 3.5, 4.5 ], "texture": "#x156", "rotation": 270 },
				"north": { "uv": [ 11.5, 15.5, 13.5, 16 ], "texture": "#x156" },
				"south": { "uv": [ 2.5, 15.5, 4.5, 16 ], "texture": "#x156" },
				"west": { "uv": [ 12.5, 15.5, 14.5, 16 ], "texture": "#x156" },
				"east": { "uv": [ 1.5, 15.5, 3.5, 16 ], "texture": "#x156" }
			}
		},
		{
			"__comment": "Box84",
			"from": [ 2, 0, 9 ],
			"to": [ 10.5, 0.5, 11.5 ],
			"rotation": { "origin": [ 1.5, 0, 9 ], "axis": "y", "angle": -22.5 },
			"faces": {
				"down": { "uv": [ 2, 4.5, 4.5, 13 ], "texture": "#x156", "rotation": 90 },
				"up": { "uv": [ 2, 3, 4.5, 11.5 ], "texture": "#x156", "rotation": 270 },
				"north": { "uv": [ 4.5, 7.5, 13, 8 ], "texture": "#x156" },
				"south": { "uv": [ 3, 7.5, 11.5, 8 ], "texture": "#x156" },
				"west": { "uv": [ 11.5, 7.5, 14, 8 ], "texture": "#x156" },
				"east": { "uv": [ 2, 7.5, 4.5, 8 ], "texture": "#x156" }
			}
		},
		{
			"__comment": "Box84",
			"from": [ 6.529, -0.125, 16.37 ],
			"to": [ 8.528999, 0.375, 18.37 ],
			"rotation": { "origin": [ 1.5, 0, 9 ], "axis": "y", "angle": 22.5 },
			"faces": {
				"down": { "uv": [ 0, 2.5, 2, 4.5 ], "texture": "#x156" },
				"up": { "uv": [ 0, 11.5, 2, 13.5 ], "texture": "#x156" },
				"north": { "uv": [ 14, 15.5, 16, 16 ], "texture": "#x156" },
				"south": { "uv": [ 0, 15.5, 2, 16 ], "texture": "#x156" },
				"west": { "uv": [ 11.5, 15.5, 13.5, 16 ], "texture": "#x156" },
				"east": { "uv": [ 2.5, 15.5, 4.5, 16 ], "texture": "#x156" }
			}
		},
		{
			"__comment": "Box18",
			"from": [ 1, -0.625, 1 ],
			"to": [ 15, -0.125, 15 ],
			"faces": {
				"down": { "uv": [ 1, 1, 15, 15 ], "texture": "#birch_planks" },
				"up": { "uv": [ 1, 1, 15, 15 ], "texture": "#birch_planks" },
				"north": { "uv": [ 1, 0.125, 15, 0.625 ], "texture": "#birch_planks" },
				"south": { "uv": [ 1, 0.125, 15, 0.625 ], "texture": "#birch_planks" },
				"west": { "uv": [ 1, 0.125, 15, 0.625 ], "texture": "#birch_planks" },
				"east": { "uv": [ 1, 0.125, 15, 0.625 ], "texture": "#birch_planks" }
			}
		}
	],
	"display": {
		"gui": {
			"rotation":  [ 30, 225, 0 ],
			"scale":  [ 0.625, 0.625, 0.625 ]
		},
		"head": {
			"translation":  [ 0, 20.173, 0 ],
			"scale":  [ 2, 2, 2 ]
		},
		"ground": {
			"translation":  [ 0, 3, 0 ],
			"scale":  [ 0.25, 0.25, 0.25 ]
		},
		"fixed": {
			"rotation":  [ -90, 0, 0 ],
			"translation":  [ 0, 0, -6.955 ],
			"scale":  [ 1.5, 1, 1.5 ]
		}
	}
}