{
	"__comment": "Conquest Reforged",
	"textures": {
		"particle": "block/gold_pressure_plate",
		"x156": "block/gold_pressure_plate",
		"gold_pressure_plate1": "block/gold_pressure_plate1"
	},
	"elements": [ 	 
		{
			"__comment": "Box84",
			"from": [ 2.5, 0, 4 ],
			"to": [ 12, 0.5, 15.5 ],
			"rotation": { "origin": [ 2.5, 0, 4 ], "axis": "y", "angle": 22.5 },
			"faces": {
				"down": { "uv": [ 5, 1, 14.5, 12.5 ], "texture": "#x156" },
				"up": { "uv": [ 5, 3.5, 14.5, 15 ], "texture": "#x156" },
				"north": { "uv": [ 1.5, 15.5, 11, 16 ], "texture": "#x156" },
				"south": { "uv": [ 5, 15.5, 14.5, 16 ], "texture": "#x156" },
				"west": { "uv": [ 3.5, 15.5, 15, 16 ], "texture": "#x156" },
				"east": { "uv": [ 1, 15.5, 12.5, 16 ], "texture": "#x156" }
			}
		},
		{
			"__comment": "Box84",
			"from": [ 12, 0, 5.5 ],
			"to": [ 13, 0.5, 11 ],
			"rotation": { "origin": [ 2.5, 0, 4 ], "axis": "y", "angle": 22.5 },
			"faces": {
				"down": { "uv": [ 14, 6.5, 15, 12 ], "texture": "#x156" },
				"up": { "uv": [ 14, 4, 15, 9.5 ], "texture": "#x156" },
				"north": { "uv": [ 1, 15.5, 2, 16 ], "texture": "#x156" },
				"south": { "uv": [ 14, 15.5, 15, 16 ], "texture": "#x156" },
				"west": { "uv": [ 4, 15.5, 9.5, 16 ], "texture": "#x156" },
				"east": { "uv": [ 6.5, 15.5, 12, 16 ], "texture": "#x156" }
			}
		},
		{
			"__comment": "Box84",
			"from": [ 15.2279, -0.125, 3.6213 ],
			"to": [ 17.7279, 0.375, 6.1213 ],
			"rotation": { "origin": [ 2.5, 0, 4 ], "axis": "y", "angle": -22.5 },
			"faces": {
				"down": { "uv": [ 12, 2.5, 14.5, 5 ], "texture": "#x156", "rotation": 90 },
				"up": { "uv": [ 12, 11, 14.5, 13.5 ], "texture": "#x156", "rotation": 270 },
				"north": { "uv": [ 2.5, 15.5, 5, 16 ], "texture": "#x156" },
				"south": { "uv": [ 11, 15.5, 13.5, 16 ], "texture": "#x156" },
				"west": { "uv": [ 1.5, 15.5, 4, 16 ], "texture": "#x156" },
				"east": { "uv": [ 12, 15.5, 14.5, 16 ], "texture": "#x156" }
			}
		},
		{
			"__comment": "Box84",
			"from": [ -1, 0, 8.5 ],
			"to": [ 0, 0.5, 11 ],
			"rotation": { "origin": [ 2.5, 0, 4 ], "axis": "y", "angle": 22.5 },
			"faces": {
				"down": { "uv": [ 1, 6.5, 2, 9 ], "texture": "#x156" },
				"up": { "uv": [ 1, 7, 2, 9.5 ], "texture": "#x156" },
				"north": { "uv": [ 14, 7.5, 15, 8 ], "texture": "#x156" },
				"south": { "uv": [ 1, 7.5, 2, 8 ], "texture": "#x156" },
				"west": { "uv": [ 7, 7.5, 9.5, 8 ], "texture": "#x156" },
				"east": { "uv": [ 6.5, 7.5, 9, 8 ], "texture": "#x156" }
			}
		},
		{
			"__comment": "Box84",
			"from": [ 4, 0, 15.5 ],
			"to": [ 6.5, 0.5, 16.5 ],
			"rotation": { "origin": [ 2.5, 0, 4 ], "axis": "y", "angle": 22.5 },
			"faces": {
				"down": { "uv": [ 6, 1, 8.5, 2 ], "texture": "#x156" },
				"up": { "uv": [ 6, 14, 8.5, 15 ], "texture": "#x156" },
				"north": { "uv": [ 7.5, 7.5, 10, 8 ], "texture": "#x156" },
				"south": { "uv": [ 6, 7.5, 8.5, 8 ], "texture": "#x156" },
				"west": { "uv": [ 14, 7.5, 15, 8 ], "texture": "#x156" },
				"east": { "uv": [ 1, 7.5, 2, 8 ], "texture": "#x156" }
			}
		},
		{
			"__comment": "Box84",
			"from": [ 5.5, 0, 3 ],
			"to": [ 10, 0.5, 4 ],
			"rotation": { "origin": [ 2.5, 0, 4 ], "axis": "y", "angle": 22.5 },
			"faces": {
				"down": { "uv": [ 7.5, 13.5, 12, 14.5 ], "texture": "#x156" },
				"up": { "uv": [ 7.5, 1.5, 12, 2.5 ], "texture": "#x156" },
				"north": { "uv": [ 4, 7.5, 8.5, 8 ], "texture": "#x156" },
				"south": { "uv": [ 7.5, 7.5, 12, 8 ], "texture": "#x156" },
				"west": { "uv": [ 1.5, 7.5, 2.5, 8 ], "texture": "#x156" },
				"east": { "uv": [ 13.5, 7.5, 14.5, 8 ], "texture": "#x156" }
			}
		},
		{
			"__comment": "Box84",
			"from": [ 2, 0.5, 6 ],
			"to": [ 9.5, 1, 14 ],
			"rotation": { "origin": [ 2.5, 0, 4 ], "axis": "y", "angle": 22.5 },
			"faces": {
				"down": { "uv": [ 4, 3.5, 11.5, 11.5 ], "texture": "#x156" },
				"up": { "uv": [ 4, 4.5, 11.5, 12.5 ], "texture": "#x156" },
				"north": { "uv": [ 4.5, 7, 12, 7.5 ], "texture": "#x156" },
				"south": { "uv": [ 4, 7, 11.5, 7.5 ], "texture": "#x156" },
				"west": { "uv": [ 4.5, 7, 12.5, 7.5 ], "texture": "#x156" },
				"east": { "uv": [ 3.5, 7, 11.5, 7.5 ], "texture": "#x156" }
			}
		},
		{
			"__comment": "Box84",
			"from": [ 2.5, 1, 8.5 ],
			"to": [ 6.5, 1.5, 12.5 ],
			"rotation": { "origin": [ 2.5, 0, 4 ], "axis": "y", "angle": 22.5 },
			"faces": {
				"down": { "uv": [ 4.5, 5, 8.5, 9 ], "texture": "#x156" },
				"up": { "uv": [ 4.5, 7, 8.5, 11 ], "texture": "#x156" },
				"north": { "uv": [ 7.5, 6.5, 11.5, 7 ], "texture": "#x156" },
				"south": { "uv": [ 4.5, 6.5, 8.5, 7 ], "texture": "#x156" },
				"west": { "uv": [ 7, 6.5, 11, 7 ], "texture": "#x156" },
				"east": { "uv": [ 5, 6.5, 9, 7 ], "texture": "#x156" }
			}
		},
		{
			"__comment": "Box84",
			"from": [ 9.5209, 0.5, 9.785 ],
			"to": [ 10.5209, 1, 12.285 ],
			"rotation": { "origin": [ 2.5, 0, 4 ], "axis": "y", "angle": 22.5 },
			"faces": {
				"down": { "uv": [ 11.52094, 5.215026, 12.52094, 7.715026 ], "texture": "#x156" },
				"up": { "uv": [ 11.52094, 8.284974, 12.52094, 10.78497 ], "texture": "#x156" },
				"north": { "uv": [ 3.479055, 7, 4.479055, 7.5 ], "texture": "#x156" },
				"south": { "uv": [ 11.52094, 7, 12.52094, 7.5 ], "texture": "#x156" },
				"west": { "uv": [ 8.284974, 7, 10.78497, 7.5 ], "texture": "#x156" },
				"east": { "uv": [ 5.215026, 7, 7.715026, 7.5 ], "texture": "#x156" }
			}
		},
		{
			"__comment": "Box84",
			"from": [ 6.5, 1, 9.5 ],
			"to": [ 7.5, 1.5, 11.5 ],
			"rotation": { "origin": [ 2.5, 0, 4 ], "axis": "y", "angle": 22.5 },
			"faces": {
				"down": { "uv": [ 8.5, 6, 9.5, 8 ], "texture": "#x156" },
				"up": { "uv": [ 8.5, 8, 9.5, 10 ], "texture": "#x156" },
				"north": { "uv": [ 6.5, 6.5, 7.5, 7 ], "texture": "#x156" },
				"south": { "uv": [ 8.5, 6.5, 9.5, 7 ], "texture": "#x156" },
				"west": { "uv": [ 8, 6.5, 10, 7 ], "texture": "#x156" },
				"east": { "uv": [ 6, 6.5, 8, 7 ], "texture": "#x156" }
			}
		},
		{
			"__comment": "Box84",
			"from": [ 3.7521, 0.5, 5.0037 ],
			"to": [ 8.2521, 1, 6.0037 ],
			"rotation": { "origin": [ 2.5, 0, 4 ], "axis": "y", "angle": 22.5 },
			"faces": {
				"down": { "uv": [ 5.752088, 11.49634, 10.25209, 12.49634 ], "texture": "#x156" },
				"up": { "uv": [ 5.752088, 3.503663, 10.25209, 4.503663 ], "texture": "#x156" },
				"north": { "uv": [ 5.747912, 7, 10.24791, 7.5 ], "texture": "#x156" },
				"south": { "uv": [ 5.752088, 7, 10.25209, 7.5 ], "texture": "#x156" },
				"west": { "uv": [ 3.503663, 7, 4.503663, 7.5 ], "texture": "#x156" },
				"east": { "uv": [ 11.49634, 7, 12.49634, 7.5 ], "texture": "#x156" }
			}
		},
		{
			"__comment": "Box84",
			"from": [ -0.1924, -0.125, 4.0328 ],
			"to": [ 1.8076, 0.375, 6.0328 ],
			"faces": {
				"down": { "uv": [ 1.5, 11.5, 3.5, 13.5 ], "texture": "#x156" },
				"up": { "uv": [ 1.5, 2.5, 3.5, 4.5 ], "texture": "#x156" },
				"north": { "uv": [ 12.5, 15.5, 14.5, 16 ], "texture": "#x156" },
				"south": { "uv": [ 1.5, 15.5, 3.5, 16 ], "texture": "#x156" },
				"west": { "uv": [ 2.5, 15.5, 4.5, 16 ], "texture": "#x156" },
				"east": { "uv": [ 11.5, 15.5, 13.5, 16 ], "texture": "#x156" }
			}
		},
		{
			"__comment": "Box84",
			"from": [ 0, 0, 4.5 ],
			"to": [ 2.5, 0.5, 13 ],
			"rotation": { "origin": [ 2.5, 0, 4 ], "axis": "y", "angle": 22.5 },
			"faces": {
				"down": { "uv": [ 2, 4.5, 4.5, 13 ], "texture": "#x156" },
				"up": { "uv": [ 2, 3, 4.5, 11.5 ], "texture": "#x156" },
				"north": { "uv": [ 11.5, 7.5, 14, 8 ], "texture": "#x156" },
				"south": { "uv": [ 2, 7.5, 4.5, 8 ], "texture": "#x156" },
				"west": { "uv": [ 3, 7.5, 11.5, 8 ], "texture": "#x156" },
				"east": { "uv": [ 4.5, 7.5, 13, 8 ], "texture": "#x156" }
			}
		},
		{
			"__comment": "Box84",
			"from": [ 7.9497, -0.125, 11.4853 ],
			"to": [ 9.949699, 0.375, 13.4853 ],
			"rotation": { "origin": [ 3, -0.125, 3 ], "axis": "y", "angle": -22.5 },
			"faces": {
				"down": { "uv": [ 0, 2.5, 2, 4.5 ], "texture": "#x156" },
				"up": { "uv": [ 0, 11.5, 2, 13.5 ], "texture": "#x156" },
				"north": { "uv": [ 14, 15.5, 16, 16 ], "texture": "#x156" },
				"south": { "uv": [ 0, 15.5, 2, 16 ], "texture": "#x156" },
				"west": { "uv": [ 11.5, 15.5, 13.5, 16 ], "texture": "#x156" },
				"east": { "uv": [ 2.5, 15.5, 4.5, 16 ], "texture": "#x156" }
			}
		}
	],
	"display": {
		"gui": {
			"rotation":  [ 30, 225, 0 ],
			"scale":  [ 0.625, 0.625, 0.625 ]
		},
		"head": {
			"translation":  [ 0, 20.173, 0 ],
			"scale":  [ 2, 2, 2 ]
		},
		"ground": {
			"translation":  [ 0, 3, 0 ],
			"scale":  [ 0.25, 0.25, 0.25 ]
		},
		"fixed": {
			"rotation":  [ -90, 0, 0 ],
			"translation":  [ 0, 0, -6.955 ],
			"scale":  [ 1.5, 1, 1.5 ]
		}
	}
}