{
	"__comment": "Conquest Reforged",
	"ambientocclusion": false,
	"textures": {
		"particle": "block/repeater_on",
		"slab": "block/stone_slab_top",
		"top": "block/repeater_on",
		"lit": "block/redstone_torch",
		"lock": "block/bedrock"
	},
	"elements": [ 	 
		{
			"__comment": "Element",
			"from": [ 0, 0, 0 ],
			"to": [ 16, 2, 16 ],
			"faces": {
				"down": { "uv": [ 0, 0, 16, 16 ], "texture": "#slab", "cullface": "down" },
				"up": { "uv": [ 0, 0, 16, 16 ], "texture": "#top" },
				"north": { "uv": [ 0, 14, 16, 16 ], "texture": "#slab", "cullface": "north" },
				"south": { "uv": [ 0, 14, 16, 16 ], "texture": "#slab", "cullface": "south" },
				"west": { "uv": [ 0, 14, 16, 16 ], "texture": "#slab", "cullface": "west" },
				"east": { "uv": [ 0, 14, 16, 16 ], "texture": "#slab", "cullface": "east" }
			}
		},
		{
			"__comment": "Element",
			"from": [ 2, 2, 8 ],
			"to": [ 14, 4, 10 ],
			"faces": {
				"down": { "uv": [ 7, 2, 9, 14 ], "texture": "#lock", "rotation": 90 },
				"up": { "uv": [ 7, 2, 9, 14 ], "texture": "#lock", "rotation": 90 },
				"north": { "uv": [ 2, 7, 14, 9 ], "texture": "#lock" },
				"south": { "uv": [ 2, 7, 14, 9 ], "texture": "#lock" },
				"west": { "uv": [ 6, 7, 8, 9 ], "texture": "#lock" },
				"east": { "uv": [ 6, 7, 8, 9 ], "texture": "#lock" }
			}
		},
		{
			"__comment": "Element",
			"from": [ 7, 7, 2 ],
			"to": [ 9, 7.001, 4 ],
			"faces": {
				"up": { "uv": [ 7, 6, 9, 8 ], "texture": "#lit" }
			}
		},
		{
			"__comment": "Element",
			"from": [ 7, 2, 1 ],
			"to": [ 9, 11, 5 ],
			"faces": {
				"west": { "uv": [ 6, 2.5, 10, 10.5 ], "texture": "#lit" },
				"east": { "uv": [ 6, 2.5, 10, 10.5 ], "texture": "#lit" }
			}
		},
		{
			"__comment": "Element",
			"from": [ 6, 2, 2 ],
			"to": [ 10, 11, 4 ],
			"faces": {
				"north": { "uv": [ 6, 2.5, 10, 10.5 ], "texture": "#lit" },
				"south": { "uv": [ 6, 2.5, 10, 10.5 ], "texture": "#lit" }
			}
		}
	]
}