{
	"__comment": "Designed by Monsterfish_ with Cubik Studio - https://cubik.studio",
	"ambientocclusion": false,
	"textures": {
		"particle": "block/comparator_on",
		"slab": "block/stone_slab_top",
		"top": "block/comparator_on",
		"lit": "block/redstone_torch_on",
		"unlit": "block/redstone_torch",
		"top_1": "block/repeater",
		"top_2": "block/repeater_on",
		"lock": "block/bedrock"
	},
	"elements": [
		{
			"__comment": "bar",
			"from": [ 2, 2, 7 ],
			"to": [ 14, 4, 9 ],
			"faces": {
				"down": { "uv": [ 7, 2, 9, 14 ], "texture": "#lock", "rotation": 90 },
				"up": { "uv": [ 7, 2, 9, 14 ], "texture": "#lock", "rotation": 90 },
				"north": { "uv": [ 2, 7, 14, 9 ], "texture": "#lock" },
				"south": { "uv": [ 2, 7, 14, 9 ], "texture": "#lock" },
				"west": { "uv": [ 6, 7, 8, 9 ], "texture": "#lock" },
				"east": { "uv": [ 6, 7, 8, 9 ], "texture": "#lock" }
			}
		},
		{
			"from": [ 0, 0, 0 ],
			"to": [ 16, 2, 16 ],
			"faces": {
				"down": { "uv": [ 0, 0, 16, 16 ], "texture": "#slab", "cullface": "down" },
				"up": { "uv": [ 0, 0, 16, 16 ], "texture": "#top_1" },
				"north": { "uv": [ 0, 14, 16, 16 ], "texture": "#slab", "cullface": "north" },
				"south": { "uv": [ 0, 14, 16, 16 ], "texture": "#slab", "cullface": "south" },
				"west": { "uv": [ 0, 14, 16, 16 ], "texture": "#slab", "cullface": "west" },
				"east": { "uv": [ 0, 14, 16, 16 ], "texture": "#slab", "cullface": "east" }
			}
		},
		{
			"from": [ 7.75, 5, 2.75 ],
			"to": [ 8.25, 5.5, 3.25 ],
			"faces": {
				"up": { "uv": [ 8, 5.5, 8.5, 6 ], "texture": "#unlit" },
				"north": { "uv": [ 8, 5.5, 8.5, 6 ], "texture": "#unlit" },
				"south": { "uv": [ 8, 5.5, 8.5, 6 ], "texture": "#unlit" },
				"west": { "uv": [ 8, 5.5, 8.5, 6 ], "texture": "#unlit" },
				"east": { "uv": [ 8, 5.5, 8.5, 6 ], "texture": "#unlit" }
			}
		},
		{
			"from": [ 7, 2, 2 ],
			"to": [ 9, 5, 4 ],
			"faces": {
				"up": { "uv": [ 7, 11.5, 9, 13.5 ], "texture": "#unlit" },
				"north": { "uv": [ 7, 11.5, 9, 13.5 ], "texture": "#unlit" },
				"south": { "uv": [ 7, 11.5, 9, 13.5 ], "texture": "#unlit" },
				"west": { "uv": [ 7, 11.5, 9, 13.5 ], "texture": "#unlit" },
				"east": { "uv": [ 7, 11.5, 9, 13.5 ], "texture": "#unlit" }
			}
		},
		{
			"from": [ 7, 2, 2 ],
			"to": [ 9, 4, 4 ],
			"faces": {
				"up": { "uv": [ 7, 8.5, 9, 10.5 ], "texture": "#unlit" }
			}
		}
	]
}