{
	"credit": "Made with Blockbench",
	"parent": "block/block",
	"textures": {
		"texture": "block/scaffolding_tower_side",
		"particle": "block/scaffolding_tower_side",
		"ladder": "block/ladder",
		"inner": "block/scaffolding_inner",
		"top": "block/scaffolding_bottom",
		"bottom": "block/scaffolding_bottom"
	},
	"elements": [
		{
			"name": "PlaneX2",
			"from": [0, 0, 0],
			"to": [0.001, 16, 16],
			"faces": {
				"east": {"uv": [0, 0, 16, 16], "texture": "#texture"},
				"west": {"uv": [0, 0, 16, 16], "texture": "#texture"}
			}
		},
		{
			"name": "PlaneX2",
			"from": [3, 0, 0],
			"to": [3.001, 16, 16],
			"faces": {
				"east": {"uv": [0, 0, 16, 16], "texture": "#inner"},
				"west": {"uv": [0, 0, 16, 16], "texture": "#inner"}
			}
		},
		{
			"name": "PlaneX2",
			"from": [16, 0, 0],
			"to": [16.001, 16, 16],
			"faces": {
				"east": {"uv": [0, 0, 16, 16], "texture": "#texture"},
				"west": {"uv": [0, 0, 16, 16], "texture": "#texture"}
			}
		},
		{
			"name": "PlaneX2",
			"from": [13, 0, 0],
			"to": [13.001, 16, 16],
			"faces": {
				"east": {"uv": [0, 0, 16, 16], "texture": "#inner"},
				"west": {"uv": [0, 0, 16, 16], "texture": "#inner"}
			}
		},
		{
			"name": "PlaneZ15",
			"from": [0, 0, 0],
			"to": [16, 16, 0.001],
			"faces": {
				"north": {"uv": [0, 0, 16, 16], "texture": "#texture"},
				"south": {"uv": [0, 0, 16, 16], "texture": "#texture"}
			}
		},
		{
			"name": "PlaneZ15",
			"from": [0, 0, 3],
			"to": [16, 16, 3.001],
			"faces": {
				"north": {"uv": [0, 0, 16, 16], "texture": "#inner"},
				"south": {"uv": [0, 0, 16, 16], "texture": "#inner"}
			}
		},
		{
			"name": "PlaneZ15",
			"from": [0, 0, 16],
			"to": [16, 16, 16.001],
			"faces": {
				"north": {"uv": [0, 0, 16, 16], "texture": "#texture"},
				"south": {"uv": [0, 0, 16, 16], "texture": "#texture"}
			}
		},
		{
			"name": "PlaneZ15",
			"from": [0, 0, 13],
			"to": [16, 16, 13.001],
			"faces": {
				"north": {"uv": [0, 0, 16, 16], "texture": "#inner"},
				"south": {"uv": [0, 0, 16, 16], "texture": "#inner"}
			}
		},
		{
			"name": "PlaneY21",
			"from": [0, 0, 0],
			"to": [16, 0.001, 16],
			"faces": {
				"down": {"uv": [0, 0, 16, 16], "texture": "#bottom", "cullface": "down"}
			}
		},
		{
			"name": "PlaneY21",
			"from": [0, 16, 0],
			"to": [16, 16.001, 16],
			"faces": {
				"up": {"uv": [0, 0, 16, 16], "texture": "#top", "cullface": "up"},
				"down": {"uv": [0, 0, 16, 16], "texture": "#top", "cullface": "up"}
			}
		},
		{
			"name": "PlaneX2",
			"from": [2.5, 0, 2.375],
			"to": [2.501, 16, 18.375],
			"rotation": {"angle": 45, "axis": "y", "origin": [2.5, 0, 2.375]},
			"faces": {
				"east": {"uv": [0, 0, 16, 16], "texture": "#ladder"},
				"west": {"uv": [0, 0, 16, 16], "texture": "#ladder"}
			}
		}
	],
	"display": {}
}