{
	"credit": "Made with Blockbench",
	"textures": {
		"1": "block/spruce_pressureplate",
		"particle": "block/spruce_pressureplate",
		"texture": "block/spruce_planks"
	},
	"elements": [
		{
			"name": "Box12",
			"from": [2, 0.75, 6.5],
			"to": [14, 1.25, 9.5],
			"faces": {
				"north": {"uv": [14, 6.5, 2, 7], "texture": "#1"},
				"east": {"uv": [14, 9.5, 13.5, 6.5], "rotation": 270, "texture": "#1"},
				"south": {"uv": [2, 9, 14, 9.5], "texture": "#1"},
				"west": {"uv": [2, 6.5, 2.5, 9.5], "rotation": 270, "texture": "#1"},
				"up": {"uv": [2, 6.5, 14, 9.5], "texture": "#1"},
				"down": {"uv": [2, 9.5, 14, 6.5], "texture": "#1"}
			}
		},
		{
			"name": "Box13",
			"from": [2.5, 0.75, 5],
			"to": [13.5, 1.25, 11],
			"faces": {
				"north": {"uv": [13.5, 5, 2.5, 5.5], "texture": "#1"},
				"east": {"uv": [13.5, 11, 13, 5], "rotation": 270, "texture": "#1"},
				"south": {"uv": [2.5, 10.5, 13.5, 11], "texture": "#1"},
				"west": {"uv": [2.5, 5, 3, 11], "rotation": 270, "texture": "#1"},
				"up": {"uv": [2.5, 5, 13.5, 11], "texture": "#1"},
				"down": {"uv": [2.5, 11, 13.5, 5], "texture": "#1"}
			}
		},
		{
			"name": "Box14",
			"from": [3, 0.75, 4.5],
			"to": [13, 1.25, 11.5],
			"faces": {
				"north": {"uv": [13, 4.5, 3, 5], "texture": "#1"},
				"east": {"uv": [13, 11.5, 12.5, 4.5], "rotation": 270, "texture": "#1"},
				"south": {"uv": [3, 11, 13, 11.5], "texture": "#1"},
				"west": {"uv": [3, 4.5, 3.5, 11.5], "rotation": 270, "texture": "#1"},
				"up": {"uv": [3, 4.5, 13, 11.5], "texture": "#1"},
				"down": {"uv": [3, 11.5, 13, 4.5], "texture": "#1"}
			}
		},
		{
			"name": "Box15",
			"from": [3.5, 0.75, 4],
			"to": [12.5, 1.25, 12],
			"faces": {
				"north": {"uv": [12.5, 4, 3.5, 4.5], "texture": "#1"},
				"east": {"uv": [12.5, 12, 12, 4], "rotation": 270, "texture": "#1"},
				"south": {"uv": [3.5, 11.5, 12.5, 12], "texture": "#1"},
				"west": {"uv": [3.5, 4, 4, 12], "rotation": 270, "texture": "#1"},
				"up": {"uv": [3.5, 4, 12.5, 12], "texture": "#1"},
				"down": {"uv": [3.5, 12, 12.5, 4], "texture": "#1"}
			}
		},
		{
			"name": "Box16",
			"from": [4, 0.75, 3.5],
			"to": [12, 1.25, 12.5],
			"faces": {
				"north": {"uv": [12, 3.5, 4, 4], "texture": "#1"},
				"east": {"uv": [12, 12.5, 11.5, 3.5], "rotation": 270, "texture": "#1"},
				"south": {"uv": [4, 12, 12, 12.5], "texture": "#1"},
				"west": {"uv": [4, 3.5, 4.5, 12.5], "rotation": 270, "texture": "#1"},
				"up": {"uv": [4, 3.5, 12, 12.5], "texture": "#1"},
				"down": {"uv": [4, 12.5, 12, 3.5], "texture": "#1"}
			}
		},
		{
			"name": "Box17",
			"from": [4.5, 0.75, 3],
			"to": [11.5, 1.25, 13],
			"faces": {
				"north": {"uv": [11.5, 3, 4.5, 3.5], "texture": "#1"},
				"east": {"uv": [11.5, 13, 11, 3], "rotation": 270, "texture": "#1"},
				"south": {"uv": [4.5, 12.5, 11.5, 13], "texture": "#1"},
				"west": {"uv": [4.5, 3, 5, 13], "rotation": 270, "texture": "#1"},
				"up": {"uv": [4.5, 3, 11.5, 13], "texture": "#1"},
				"down": {"uv": [4.5, 13, 11.5, 3], "texture": "#1"}
			}
		},
		{
			"name": "Box18",
			"from": [5, 0.75, 2.5],
			"to": [11, 1.25, 13.5],
			"faces": {
				"north": {"uv": [11, 2.5, 5, 3], "texture": "#1"},
				"east": {"uv": [11, 13.5, 10.5, 2.5], "rotation": 270, "texture": "#1"},
				"south": {"uv": [5, 13, 11, 13.5], "texture": "#1"},
				"west": {"uv": [5, 2.5, 5.5, 13.5], "rotation": 270, "texture": "#1"},
				"up": {"uv": [5, 2.5, 11, 13.5], "texture": "#1"},
				"down": {"uv": [5, 13.5, 11, 2.5], "texture": "#1"}
			}
		},
		{
			"name": "Box19",
			"from": [6.5, 0.75, 2],
			"to": [9.5, 1.25, 14],
			"faces": {
				"north": {"uv": [9.5, 2, 6.5, 2.5], "texture": "#1"},
				"east": {"uv": [9.5, 14, 9, 2], "rotation": 270, "texture": "#1"},
				"south": {"uv": [6.5, 13.5, 9.5, 14], "texture": "#1"},
				"west": {"uv": [6.5, 2, 7, 14], "rotation": 270, "texture": "#1"},
				"up": {"uv": [6.5, 2, 9.5, 14], "texture": "#1"},
				"down": {"uv": [6.5, 14, 9.5, 2], "texture": "#1"}
			}
		},
		{
			"name": "Box3",
			"from": [8, 0.2188, 3.5],
			"to": [14.5, 0.7188, 10],
			"rotation": {"angle": -45, "axis": "y", "origin": [8, 0.21875, 3.5]},
			"faces": {
				"north": {"uv": [5, 8.5, 11.5, 9], "texture": "#1"},
				"east": {"uv": [5, 8.5, 11.5, 9], "texture": "#1"},
				"south": {"uv": [5, 7.5, 11.5, 8], "texture": "#1"},
				"west": {"uv": [6, 8, 12.5, 8.5], "texture": "#1"},
				"up": {"uv": [5, 5, 11.5, 11.5], "texture": "#1"},
				"down": {"uv": [4.5, 5, 11, 11.5], "texture": "#1"}
			}
		},
		{
			"name": "Box11",
			"from": [0.5, -1.0625, 0.5],
			"to": [15.5, -0.0625, 15.5],
			"faces": {
				"north": {"uv": [0.5, 0.125, 15.5, 1.125], "texture": "#texture"},
				"east": {"uv": [0.5, 0.125, 15.5, 1.125], "texture": "#texture"},
				"south": {"uv": [0.5, 0.125, 15.5, 1.125], "texture": "#texture"},
				"west": {"uv": [0.5, 0.125, 15.5, 1.125], "texture": "#texture"},
				"up": {"uv": [0.5, 0.5, 15.5, 15.5], "texture": "#texture"},
				"down": {"uv": [0.5, 0.5, 15.5, 15.5], "texture": "#texture"}
			}
		}
	],
	"display": {
		"thirdperson_righthand": {
			"rotation": [75, 45, 0],
			"translation": [0, 2.5, 0],
			"scale": [0.375, 0.375, 0.375]
		},
		"thirdperson_lefthand": {
			"rotation": [75, 45, 0],
			"translation": [0, 2.5, 0],
			"scale": [0.375, 0.375, 0.375]
		},
		"firstperson_righthand": {
			"rotation": [0, 45, 0],
			"translation": [0, 4.8695, 0],
			"scale": [0.4, 0.4, 0.4]
		},
		"firstperson_lefthand": {
			"rotation": [0, 45, 0],
			"translation": [0, 4.8695, 0],
			"scale": [0.4, 0.4, 0.4]
		},
		"gui": {
			"rotation": [30, 225, 0],
			"scale": [0.625, 0.625, 0.625]
		},
		"head": {
			"translation": [0, 18.086, 0],
			"scale": [1.5, 1.5, 1.5]
		},
		"ground": {
			"translation": [0, 3, 0],
			"scale": [0.25, 0.25, 0.25]
		},
		"fixed": {
			"rotation": [-90, 0, 0],
			"translation": [0, 0, -7.955],
			"scale": [1.5, 1, 1.5]
		}
	}
}