{
	"__comment": "Conquest Reforged",
	"ambientocclusion": false,
	"textures": {
		"particle": "#rail",
		"rail": "#rail",
		"planks": "block/rail_plank_1",
		"plank": "block/rail_plank_1"
	},
	"elements": [ 	 
		{
			"__comment": "Box3",
			"from": [ 2.9688, 0, 0.875 ],
			"to": [ 4.9688, 2, 24.375 ],
			"rotation": { "origin": [ 2.96875, 0, 0.875 ], "axis": "x", "angle": -45 },
			"faces": {
				"down": { "uv": [ 3, 0, 5.5, 16 ], "texture": "#rail" },
				"up": { "uv": [ 3, 0, 5.5, 16 ], "texture": "#rail", "rotation": 180 },
				"north": { "uv": [ 3, 13.5, 5.5, 16 ], "texture": "#rail" },
				"south": { "uv": [ 3, 13.5, 5.5, 16 ], "texture": "#rail" },
				"west": { "uv": [ 3, 0, 5.5, 16 ], "texture": "#rail", "rotation": 270 },
				"east": { "uv": [ 3, 0, 5.5, 16 ], "texture": "#rail", "rotation": 270 }
			}
		},
		{
			"__comment": "Box3",
			"from": [ 11, 0, -0.5625 ],
			"to": [ 13, 1.4375, 0.875 ],
			"faces": {
				"down": { "uv": [ 10.5, 14.5, 13, 16 ], "texture": "#rail", "rotation": 180 },
				"up": { "uv": [ 10.5, 14.5, 13, 16 ], "texture": "#rail", "rotation": 180 },
				"north": { "uv": [ 10.5, 14.5, 13, 16 ], "texture": "#rail", "rotation": 180 },
				"south": { "uv": [ 10.5, 14.5, 13, 16 ], "texture": "#rail", "rotation": 180 },
				"west": { "uv": [ 10.5, 14.5, 13, 16 ], "texture": "#rail", "rotation": 180 },
				"east": { "uv": [ 10.5, 14.5, 13, 16 ], "texture": "#rail", "rotation": 180 }
			}
		},
		{
			"__comment": "Element",
			"from": [ 0, 8.125, 0.875 ],
			"to": [ 16, 8.126, 16.875 ],
			"rotation": { "origin": [ 8, 8.125, 8.875 ], "axis": "x", "angle": -45, "rescale": true },
			"faces": {
				"down": { "uv": [ 0, 16, 16, 0 ], "texture": "#plank" },
				"up": { "uv": [ 0, 0, 16, 16 ], "texture": "#plank" }
			}
		},
		{
			"__comment": "Element",
			"from": [ 0, 8.5, 0.375 ],
			"to": [ 16, 8.501, 16.375 ],
			"rotation": { "origin": [ 8, 8.5, 8.375 ], "axis": "x", "angle": -45, "rescale": true },
			"faces": {
				"down": { "uv": [ 0, 16, 16, 0 ], "texture": "#rail" },
				"up": { "uv": [ 0, 0, 16, 16 ], "texture": "#rail" }
			}
		},
		{
			"__comment": "Box3",
			"from": [ 11.0312, 0, 0.875 ],
			"to": [ 13.0312, 2, 24.375 ],
			"rotation": { "origin": [ 11.03125, 0, 0.875 ], "axis": "x", "angle": -45 },
			"faces": {
				"down": { "uv": [ 3, 0, 5.5, 16 ], "texture": "#rail" },
				"up": { "uv": [ 3, 0, 5.5, 16 ], "texture": "#rail", "rotation": 180 },
				"north": { "uv": [ 3, 13.5, 5.5, 16 ], "texture": "#rail" },
				"south": { "uv": [ 3, 13.5, 5.5, 16 ], "texture": "#rail" },
				"west": { "uv": [ 3, 0, 5.5, 16 ], "texture": "#rail", "rotation": 270 },
				"east": { "uv": [ 3, 0, 5.5, 16 ], "texture": "#rail", "rotation": 270 }
			}
		},
		{
			"__comment": "Box3",
			"from": [ 3.0625, 15.9688, 16 ],
			"to": [ 4.96875, 17.9688, 17.5 ],
			"faces": {
				"down": { "uv": [ 10.5, 14.5, 13, 16 ], "texture": "#rail", "rotation": 180 },
				"up": { "uv": [ 10.5, 14.5, 13, 16 ], "texture": "#rail", "rotation": 180 },
				"north": { "uv": [ 10.5, 14.5, 13, 16 ], "texture": "#rail", "rotation": 180 },
				"south": { "uv": [ 10.5, 14.5, 13, 16 ], "texture": "#rail", "rotation": 180 },
				"west": { "uv": [ 10.5, 14.5, 13, 16 ], "texture": "#rail", "rotation": 180 },
				"east": { "uv": [ 10.5, 14.5, 13, 16 ], "texture": "#rail", "rotation": 180 }
			}
		},
		{
			"__comment": "Box3",
			"from": [ 11.0625, 15.9688, 16 ],
			"to": [ 12.96875, 17.9688, 17.5 ],
			"faces": {
				"down": { "uv": [ 10.5, 14.5, 13, 16 ], "texture": "#rail", "rotation": 180 },
				"up": { "uv": [ 10.5, 14.5, 13, 16 ], "texture": "#rail", "rotation": 180 },
				"north": { "uv": [ 10.5, 14.5, 13, 16 ], "texture": "#rail", "rotation": 180 },
				"south": { "uv": [ 10.5, 14.5, 13, 16 ], "texture": "#rail", "rotation": 180 },
				"west": { "uv": [ 10.5, 14.5, 13, 16 ], "texture": "#rail", "rotation": 180 },
				"east": { "uv": [ 10.5, 14.5, 13, 16 ], "texture": "#rail", "rotation": 180 }
			}
		},
		{
			"__comment": "Box3",
			"from": [ 3, 0, -0.5625 ],
			"to": [ 5, 1.4375, 0.875 ],
			"faces": {
				"down": { "uv": [ 10.5, 14.5, 13, 16 ], "texture": "#rail", "rotation": 180 },
				"up": { "uv": [ 10.5, 14.5, 13, 16 ], "texture": "#rail", "rotation": 180 },
				"north": { "uv": [ 10.5, 14.5, 13, 16 ], "texture": "#rail", "rotation": 180 },
				"south": { "uv": [ 10.5, 14.5, 13, 16 ], "texture": "#rail", "rotation": 180 },
				"west": { "uv": [ 10.5, 14.5, 13, 16 ], "texture": "#rail", "rotation": 180 },
				"east": { "uv": [ 10.5, 14.5, 13, 16 ], "texture": "#rail", "rotation": 180 }
			}
		}
	]
}