{
	"credit": "Made with Blockbench",
	"textures": {
		"atm": "furniture/atm",
		"texture": "block/furnace_top"
	},
	"elements": [
		{
			"name": "Box1",
			"from": [4, 0, 4],
			"to": [12, 8, 12],
			"rotation": {"angle": 0, "axis": "y", "origin": [8, 4, 8]},
			"faces": {
				"north": {"uv": [0, 0, 16, 16], "texture": "#texture"},
				"east": {"uv": [0, 0, 16, 16], "texture": "#texture"},
				"south": {"uv": [0, 0, 16, 16], "texture": "#texture"},
				"west": {"uv": [0, 0, 16, 16], "texture": "#texture"},
				"up": {"uv": [0, 0, 16, 16], "texture": "#texture"},
				"down": {"uv": [0, 0, 16, 16], "texture": "#texture"}
			}
		},
		{
			"name": "Box2",
			"from": [4, 8, 6.5],
			"to": [12, 16, 12],
			"rotation": {"angle": 0, "axis": "y", "origin": [8, 4, 8]},
			"faces": {
				"north": {"uv": [0, 0, 16, 16], "texture": "#texture"},
				"east": {"uv": [0, 0, 11, 16], "texture": "#texture"},
				"south": {"uv": [0, 0, 16, 16], "texture": "#texture"},
				"west": {"uv": [5, 0, 16, 16], "texture": "#texture"},
				"up": {"uv": [0, 5, 16, 16], "texture": "#texture"}
			}
		},
		{
			"name": "Box3",
			"from": [4, 8, 4],
			"to": [12, 16.5, 6.5],
			"rotation": {"angle": 22.5, "axis": "x", "origin": [4, 8, 4]},
			"faces": {
				"east": {"uv": [11, 0, 16, 16], "texture": "#texture"},
				"south": {"uv": [0, 0, 16, 16], "texture": "#texture"},
				"west": {"uv": [0, 0, 5, 16], "texture": "#texture"}
			}
		},
		{
			"name": "PlaneZ5",
			"from": [4, 8, 4],
			"to": [12, 14.5, 4.0005],
			"rotation": {"angle": 22.5, "axis": "x", "origin": [4, 8, 4]},
			"faces": {
				"north": {"uv": [0, 0, 16, 16], "texture": "#atm"},
				"south": {"uv": [0, 0, 16, 16], "texture": "#atm"}
			}
		}
	],
	"display": {
		"thirdperson_righthand": {
			"rotation": [75, 45, 0],
			"translation": [0, 2.5, 0],
			"scale": [0.375, 0.375, 0.375]
		},
		"thirdperson_lefthand": {
			"rotation": [75, 45, 0],
			"translation": [0, 2.5, 0],
			"scale": [0.375, 0.375, 0.375]
		},
		"firstperson_righthand": {
			"rotation": [0, -180, 0],
			"scale": [0.4, 0.4, 0.4]
		},
		"firstperson_lefthand": {
			"rotation": [0, -180, 0],
			"scale": [0.4, 0.4, 0.4]
		},
		"ground": {
			"translation": [0, 3, 0],
			"scale": [0.25, 0.25, 0.25]
		},
		"gui": {
			"rotation": [30, 225, 0],
			"translation": [0, -2.5, 0],
			"scale": [0.35, 0.35, 0.35]
		},
		"head": {
			"translation": [0, -18, 0],
			"scale": [3.2, 3.2, 3.2]
		},
		"fixed": {
			"translation": [0, -4.5, 0],
			"scale": [0.5, 0.5, 0.5]
		}
	}
}