{
	"__comment": "Designed by Randamonium with Cubik Studio - https://cubik.studio",
	"textures": {
		"back": "money/credit_card_back",
		"front": "money/credit_card_front"
	},
	"elements": [ 	 
		{
			"__comment": "Element",
			"from": [ 1, 8, 7 ],
			"to": [ 15, 8.5, 8 ],
			"faces": {
				"down": { "uv": [ 0, 0, 7, 0.5 ], "texture": "#missing" },
				"up": { "uv": [ 4.5, 4, 11.5, 4.5 ], "texture": "#front" },
				"north": { "uv": [ 0.5, 4.5, 15.5, 5 ], "texture": "#front" },
				"south": { "uv": [ 1, 4, 15, 4.5 ], "texture": "#back" },
				"west": { "uv": [ 6.5, 5, 7, 5.25 ], "texture": "#front" },
				"east": { "uv": [ 4.5, 4.5, 5, 4.75 ], "texture": "#front" }
			}
		},
		{
			"__comment": "Element",
			"from": [ 0.5, 0.5, 7 ],
			"to": [ 15.5, 1, 8 ],
			"faces": {
				"down": { "uv": [ 3.5, 4.5, 11, 5 ], "texture": "#front" },
				"up": { "uv": [ 3.5, 4.5, 11, 5 ], "texture": "#missing" },
				"north": { "uv": [ 0.5, 11.5, 15.5, 12 ], "texture": "#front" },
				"south": { "uv": [ 0.5, 11.5, 15.5, 12 ], "texture": "#back" },
				"west": { "uv": [ 4, 4.5, 4.5, 4.75 ], "texture": "#front" },
				"east": { "uv": [ 4, 4.5, 4.5, 4.75 ], "texture": "#front" }
			}
		},
		{
			"__comment": "Element",
			"from": [ 1, 0, 7 ],
			"to": [ 15, 0.5, 8 ],
			"faces": {
				"down": { "uv": [ 3.5, 4.5, 10.5, 5 ], "texture": "#back" },
				"up": { "uv": [ 4.5, 4, 11.5, 4.5 ], "texture": "#missing" },
				"north": { "uv": [ 1, 12, 15, 12.5 ], "texture": "#front" },
				"south": { "uv": [ 1, 12, 15, 12.5 ], "texture": "#back" },
				"west": { "uv": [ 6.5, 5, 7, 5.25 ], "texture": "#front" },
				"east": { "uv": [ 4.5, 4.5, 5, 4.75 ], "texture": "#front" }
			}
		},
		{
			"__comment": "Element",
			"from": [ 0.5, 7.5, 7 ],
			"to": [ 15.5, 8, 8 ],
			"faces": {
				"down": { "uv": [ 0, 0, 7.5, 0.5 ], "texture": "#missing" },
				"up": { "uv": [ 3.5, 4.5, 11, 5 ], "texture": "#front" },
				"north": { "uv": [ 0.5, 4.5, 15.5, 5 ], "texture": "#front" },
				"south": { "uv": [ 0.5, 4.5, 15.5, 5 ], "texture": "#back" },
				"west": { "uv": [ 4, 4.5, 4.5, 4.75 ], "texture": "#front" },
				"east": { "uv": [ 4, 4.5, 4.5, 4.75 ], "texture": "#front" }
			}
		},
		{
			"__comment": "Element",
			"from": [ 0, 1, 7 ],
			"to": [ 16, 7.5, 8 ],
			"faces": {
				"down": { "uv": [ 0, 5, 16, 5.5 ], "texture": "#front" },
				"up": { "uv": [ 0, 5, 16, 5.5 ], "texture": "#front" },
				"north": { "uv": [ 0, 5, 16, 11.5 ], "texture": "#front" },
				"south": { "uv": [ 0, 5, 16, 11.5 ], "texture": "#back" },
				"west": { "uv": [ 0, 5, 0.5, 11.5 ], "texture": "#front" },
				"east": { "uv": [ 0, 5, 0.5, 11.5 ], "texture": "#front" }
			}
		}
	],
	"display": {
		"thirdperson_righthand": {
			"rotation":  [ 0, -90, 55 ],
			"translation":  [ 0, 3, 0 ],
			"scale":  [ 0.35, 0.35, 0.35 ]
		},
		"thirdperson_lefthand": {
			"rotation":  [ 0, -90, 55 ],
			"translation":  [ 0, 3, 0 ],
			"scale":  [ 0.35, 0.35, 0.35 ]
		},
		"firstperson_righthand": {
			"rotation":  [ 0, -90, 25 ],
			"translation":  [ -2.35, 6.5, 1.25 ],
			"scale":  [ 0.68, 0.68, 0.68 ]
		},
		"firstperson_lefthand": {
			"rotation":  [ 0, -90, 25 ],
			"translation":  [ -2.35, 6.5, 1.25 ],
			"scale":  [ 0.68, 0.68, 0.68 ]
		},
		"gui": {
			"rotation":  [ 30, 225, 0 ],
			"translation":  [ 0, 3.5, 0 ]
		},
		"ground": {
			"translation":  [ 0, 3, 0 ],
			"scale":  [ 0.25, 0.25, 0.25 ]
		},
		"fixed": {
			"translation":  [ 0, 0, 1 ]
		}
	}
}