{
	"parent": "item/handheld",
	"textures": {
		"layer0": "item/diamond_pickaxe"
	},
	"overrides": [
		{ "predicate": {"custom_model_data": 1}, "model": "vehicle/farming/red_tractor"},
		{ "predicate": {"custom_model_data": 2}, "model": "vehicle/farming/green_tractor"},
		{ "predicate": {"custom_model_data": 3}, "model": "vehicle/farming/purple_tractor"},
		{ "predicate": {"custom_model_data": 4}, "model": "vehicle/farming/cyan_tractor"},
		{ "predicate": {"custom_model_data": 5}, "model": "vehicle/farming/light_gray_tractor"},
		{ "predicate": {"custom_model_data": 6}, "model": "vehicle/farming/gray_tractor"},
		{ "predicate": {"custom_model_data": 7}, "model": "vehicle/farming/pink_tractor"},
		{ "predicate": {"custom_model_data": 8}, "model": "vehicle/farming/lime_tractor"},
		{ "predicate": {"custom_model_data": 9}, "model": "vehicle/farming/yellow_tractor"},
		{ "predicate": {"custom_model_data": 10}, "model": "vehicle/farming/light_blue_tractor"},
		{ "predicate": {"custom_model_data": 11}, "model": "vehicle/farming/magenta_tractor"},
		{ "predicate": {"custom_model_data": 12}, "model": "vehicle/farming/orange_tractor"},
		{ "predicate": {"custom_model_data": 13}, "model": "vehicle/farming/black_tractor"},
		{ "predicate": {"custom_model_data": 14}, "model": "vehicle/farming/brown_tractor"},
		{ "predicate": {"custom_model_data": 15}, "model": "vehicle/farming/blue_tractor"},
		{ "predicate": {"custom_model_data": 16}, "model": "vehicle/farming/white_tractor"},
		{ "predicate": {"custom_model_data": 17}, "model": "vehicle/road/car/red_smart_car"},
		{ "predicate": {"custom_model_data": 18}, "model": "vehicle/road/car/green_smart_car"},
		{ "predicate": {"custom_model_data": 19}, "model": "vehicle/road/car/purple_smart_car"},
		{ "predicate": {"custom_model_data": 20}, "model": "vehicle/road/car/cyan_smart_car"},
		{ "predicate": {"custom_model_data": 21}, "model": "vehicle/road/car/light_gray_smart_car"},
		{ "predicate": {"custom_model_data": 22}, "model": "vehicle/road/car/gray_smart_car"},
		{ "predicate": {"custom_model_data": 23}, "model": "vehicle/road/car/pink_smart_car"},
		{ "predicate": {"custom_model_data": 24}, "model": "vehicle/road/car/lime_smart_car"},
		{ "predicate": {"custom_model_data": 25}, "model": "vehicle/road/car/yellow_smart_car"},
		{ "predicate": {"custom_model_data": 26}, "model": "vehicle/road/car/light_blue_smart_car"},
		{ "predicate": {"custom_model_data": 27}, "model": "vehicle/road/car/magenta_smart_car"},
		{ "predicate": {"custom_model_data": 28}, "model": "vehicle/road/car/orange_smart_car"},
		{ "predicate": {"custom_model_data": 29}, "model": "vehicle/road/car/black_smart_car"},
		{ "predicate": {"custom_model_data": 30}, "model": "vehicle/road/car/brown_smart_car"},
		{ "predicate": {"custom_model_data": 31}, "model": "vehicle/road/car/blue_smart_car"},
		{ "predicate": {"custom_model_data": 32}, "model": "vehicle/road/car/white_smart_car"},
		{ "predicate": {"custom_model_data": 33}, "model": "vehicle/road/car/red_bumper_car"},
		{ "predicate": {"custom_model_data": 34}, "model": "vehicle/road/car/green_bumper_car"},
		{ "predicate": {"custom_model_data": 35}, "model": "vehicle/road/car/purple_bumper_car"},
		{ "predicate": {"custom_model_data": 36}, "model": "vehicle/road/car/cyan_bumper_car"},
		{ "predicate": {"custom_model_data": 37}, "model": "vehicle/road/car/light_gray_bumper_car"},
		{ "predicate": {"custom_model_data": 38}, "model": "vehicle/road/car/gray_bumper_car"},
		{ "predicate": {"custom_model_data": 39}, "model": "vehicle/road/car/pink_bumper_car"},
		{ "predicate": {"custom_model_data": 40}, "model": "vehicle/road/car/lime_bumper_car"},
		{ "predicate": {"custom_model_data": 41}, "model": "vehicle/road/car/yellow_bumper_car"},
		{ "predicate": {"custom_model_data": 42}, "model": "vehicle/road/car/light_blue_bumper_car"},
		{ "predicate": {"custom_model_data": 43}, "model": "vehicle/road/car/magenta_bumper_car"},
		{ "predicate": {"custom_model_data": 44}, "model": "vehicle/road/car/orange_bumper_car"},
		{ "predicate": {"custom_model_data": 45}, "model": "vehicle/road/car/black_bumper_car"},
		{ "predicate": {"custom_model_data": 46}, "model": "vehicle/road/car/brown_bumper_car"},
		{ "predicate": {"custom_model_data": 47}, "model": "vehicle/road/car/blue_bumper_car"},
		{ "predicate": {"custom_model_data": 48}, "model": "vehicle/road/car/white_bumper_car"}
	]
}