{
	"__comment": "Designed by Randamonium for The Craftico Project",
	"textures": {
		"Inside": "block/white_concrete",
		"Outside": "block/white_wool"
	},
	"elements": [ 	 
		{
			"__comment": "Chef-Hat-Outer",
			"from": [ 0, 11, 5 ],
			"to": [ 16, 15, 5.5 ],
			"faces": {
				"down": { "uv": [ 0, 10.5, 16, 11 ], "texture": "#Outside" },
				"up": { "uv": [ 0, 5, 16, 5.5 ], "texture": "#Outside" },
				"north": { "uv": [ 0, 1, 16, 5 ], "texture": "#Outside" },
				"south": { "uv": [ 0, 1, 16, 5 ], "texture": "#Outside" },
				"west": { "uv": [ 5, 1, 5.5, 5 ], "texture": "#Outside", "cullface": "west" },
				"east": { "uv": [ 10.5, 1, 11, 5 ], "texture": "#Outside", "cullface": "east" }
			}
		},
		{
			"__comment": "Chef-Hat-Outer1",
			"from": [ 0, 11, 5.5 ],
			"to": [ 16, 11.5, 11 ],
			"faces": {
				"down": { "uv": [ 0, 5, 16, 10.5 ], "texture": "#Outside" },
				"up": { "uv": [ 0, 5.5, 16, 11 ], "texture": "#Outside" },
				"south": { "uv": [ 0, 4.5, 16, 5 ], "texture": "#Outside" },
				"west": { "uv": [ 5.5, 4.5, 11, 5 ], "texture": "#Outside", "cullface": "west" },
				"east": { "uv": [ 5, 4.5, 10.5, 5 ], "texture": "#Outside", "cullface": "east" }
			}
		},
		{
			"__comment": "Chef-Hat-Outer2",
			"from": [ 0, 11.5, 6 ],
			"to": [ 0.5, 15, 6.5 ],
			"faces": {
				"up": { "uv": [ 0, 6, 0.5, 6.5 ], "texture": "#Outside" },
				"north": { "uv": [ 15.5, 1, 16, 4.5 ], "texture": "#Outside" },
				"south": { "uv": [ 0, 1, 0.5, 4.5 ], "texture": "#Outside" },
				"west": { "uv": [ 6, 1, 6.5, 4.5 ], "texture": "#Outside", "cullface": "west" },
				"east": { "uv": [ 9.5, 1, 10, 4.5 ], "texture": "#Outside" }
			}
		},
		{
			"__comment": "Chef-Hat-Outer3",
			"from": [ 0, 11.5, 7 ],
			"to": [ 0.5, 15, 7.5 ],
			"faces": {
				"up": { "uv": [ 0, 7, 0.5, 7.5 ], "texture": "#Outside" },
				"north": { "uv": [ 15.5, 1, 16, 4.5 ], "texture": "#Outside" },
				"south": { "uv": [ 0, 1, 0.5, 4.5 ], "texture": "#Outside" },
				"west": { "uv": [ 7, 1, 7.5, 4.5 ], "texture": "#Outside", "cullface": "west" },
				"east": { "uv": [ 8.5, 1, 9, 4.5 ], "texture": "#Outside" }
			}
		},
		{
			"__comment": "Chef-Hat-Outer4",
			"from": [ 0, 11.5, 8.5 ],
			"to": [ 0.5, 15, 9 ],
			"faces": {
				"up": { "uv": [ 0, 8.5, 0.5, 9 ], "texture": "#Outside" },
				"north": { "uv": [ 15.5, 1, 16, 4.5 ], "texture": "#Outside" },
				"south": { "uv": [ 0, 1, 0.5, 4.5 ], "texture": "#Outside" },
				"west": { "uv": [ 8.5, 1, 9, 4.5 ], "texture": "#Outside", "cullface": "west" },
				"east": { "uv": [ 7, 1, 7.5, 4.5 ], "texture": "#Outside" }
			}
		},
		{
			"__comment": "Chef-Hat-Outer5",
			"from": [ 0, 11.5, 9.5 ],
			"to": [ 0.5, 15, 10 ],
			"faces": {
				"up": { "uv": [ 0, 9.5, 0.5, 10 ], "texture": "#Outside" },
				"north": { "uv": [ 15.5, 1, 16, 4.5 ], "texture": "#Outside" },
				"south": { "uv": [ 0, 1, 0.5, 4.5 ], "texture": "#Outside" },
				"west": { "uv": [ 9.5, 1, 10, 4.5 ], "texture": "#Outside", "cullface": "west" },
				"east": { "uv": [ 6, 1, 6.5, 4.5 ], "texture": "#Outside" }
			}
		},
		{
			"__comment": "Chef-Hat-Outer6",
			"from": [ 0, 11.5, 10.5 ],
			"to": [ 16, 15, 11 ],
			"faces": {
				"up": { "uv": [ 0, 10.5, 16, 11 ], "texture": "#Outside" },
				"north": { "uv": [ 0, 1, 16, 4.5 ], "texture": "#Outside" },
				"south": { "uv": [ 0, 1, 16, 4.5 ], "texture": "#Outside" },
				"west": { "uv": [ 10.5, 1, 11, 4.5 ], "texture": "#Outside", "cullface": "west" },
				"east": { "uv": [ 5, 1, 5.5, 4.5 ], "texture": "#Outside", "cullface": "east" }
			}
		},
		{
			"__comment": "Chef-Hat-Outer7",
			"from": [ 0, 14.5, 5.5 ],
			"to": [ 16, 15, 6 ],
			"faces": {
				"down": { "uv": [ 0, 10, 16, 10.5 ], "texture": "#Outside" },
				"up": { "uv": [ 0, 5.5, 16, 6 ], "texture": "#Outside" },
				"south": { "uv": [ 0, 1, 16, 1.5 ], "texture": "#Outside" },
				"west": { "uv": [ 5.5, 1, 6, 1.5 ], "texture": "#Outside", "cullface": "west" },
				"east": { "uv": [ 10, 1, 10.5, 1.5 ], "texture": "#Outside", "cullface": "east" }
			}
		},
		{
			"__comment": "Chef-Hat-Outer8",
			"from": [ 0, 14.5, 6.5 ],
			"to": [ 16, 15, 7 ],
			"faces": {
				"down": { "uv": [ 0, 9, 16, 9.5 ], "texture": "#Outside" },
				"up": { "uv": [ 0, 6.5, 16, 7 ], "texture": "#Outside" },
				"north": { "uv": [ 0, 1, 16, 1.5 ], "texture": "#Outside" },
				"south": { "uv": [ 0, 1, 16, 1.5 ], "texture": "#Outside" },
				"west": { "uv": [ 6.5, 1, 7, 1.5 ], "texture": "#Outside", "cullface": "west" },
				"east": { "uv": [ 9, 1, 9.5, 1.5 ], "texture": "#Outside", "cullface": "east" }
			}
		},
		{
			"__comment": "Chef-Hat-Outer9",
			"from": [ 0, 14.5, 7.5 ],
			"to": [ 16, 15, 8.5 ],
			"faces": {
				"down": { "uv": [ 0, 7.5, 16, 8.5 ], "texture": "#Outside" },
				"up": { "uv": [ 0, 7.5, 16, 8.5 ], "texture": "#Outside" },
				"north": { "uv": [ 0, 1, 16, 1.5 ], "texture": "#Outside" },
				"south": { "uv": [ 0, 1, 16, 1.5 ], "texture": "#Outside" },
				"west": { "uv": [ 7.5, 1, 8.5, 1.5 ], "texture": "#Outside", "cullface": "west" },
				"east": { "uv": [ 7.5, 1, 8.5, 1.5 ], "texture": "#Outside", "cullface": "east" }
			}
		},
		{
			"__comment": "Chef-Hat-Outer10",
			"from": [ 0, 14.5, 9 ],
			"to": [ 16, 15, 9.5 ],
			"faces": {
				"down": { "uv": [ 0, 6.5, 16, 7 ], "texture": "#Outside" },
				"up": { "uv": [ 0, 9, 16, 9.5 ], "texture": "#Outside" },
				"north": { "uv": [ 0, 1, 16, 1.5 ], "texture": "#Outside" },
				"south": { "uv": [ 0, 1, 16, 1.5 ], "texture": "#Outside" },
				"west": { "uv": [ 9, 1, 9.5, 1.5 ], "texture": "#Outside", "cullface": "west" },
				"east": { "uv": [ 6.5, 1, 7, 1.5 ], "texture": "#Outside", "cullface": "east" }
			}
		},
		{
			"__comment": "Chef-Hat-Outer11",
			"from": [ 0, 14.5, 10 ],
			"to": [ 16, 15, 10.5 ],
			"faces": {
				"down": { "uv": [ 0, 5.5, 16, 6 ], "texture": "#Outside" },
				"up": { "uv": [ 0, 10, 16, 10.5 ], "texture": "#Outside" },
				"north": { "uv": [ 0, 1, 16, 1.5 ], "texture": "#Outside" },
				"west": { "uv": [ 10, 1, 10.5, 1.5 ], "texture": "#Outside", "cullface": "west" },
				"east": { "uv": [ 5.5, 1, 6, 1.5 ], "texture": "#Outside", "cullface": "east" }
			}
		},
		{
			"__comment": "Chef-Hat-Outer12",
			"from": [ 0.5, 10.5, 5 ],
			"to": [ 15.5, 11, 11 ],
			"faces": {
				"down": { "uv": [ 0.5, 5, 15.5, 11 ], "texture": "#Outside" },
				"up": { "uv": [ 0.5, 5, 15.5, 11 ], "texture": "#Outside" },
				"north": { "uv": [ 0.5, 5, 15.5, 5.5 ], "texture": "#Outside" },
				"south": { "uv": [ 0.5, 5, 15.5, 5.5 ], "texture": "#Outside" },
				"west": { "uv": [ 5, 5, 11, 5.5 ], "texture": "#Outside" },
				"east": { "uv": [ 5, 5, 11, 5.5 ], "texture": "#Outside" }
			}
		},
		{
			"__comment": "Chef-Hat-Outer13",
			"from": [ 0.5, 11, 4 ],
			"to": [ 15.5, 15, 4.5 ],
			"faces": {
				"down": { "uv": [ 0.5, 11.5, 15.5, 12 ], "texture": "#Outside" },
				"up": { "uv": [ 0.5, 4, 15.5, 4.5 ], "texture": "#Outside" },
				"north": { "uv": [ 0.5, 1, 15.5, 5 ], "texture": "#Outside" },
				"south": { "uv": [ 0.5, 1, 15.5, 5 ], "texture": "#Outside" },
				"west": { "uv": [ 4, 1, 4.5, 5 ], "texture": "#Outside" },
				"east": { "uv": [ 11.5, 1, 12, 5 ], "texture": "#Outside" }
			}
		},
		{
			"__comment": "Chef-Hat-Outer14",
			"from": [ 0.5, 11, 4.5 ],
			"to": [ 15.5, 11.5, 5 ],
			"faces": {
				"down": { "uv": [ 0.5, 11, 15.5, 11.5 ], "texture": "#Outside" },
				"up": { "uv": [ 0.5, 4.5, 15.5, 5 ], "texture": "#Outside" },
				"west": { "uv": [ 4.5, 4.5, 5, 5 ], "texture": "#Outside" },
				"east": { "uv": [ 11, 4.5, 11.5, 5 ], "texture": "#Outside" }
			}
		},
		{
			"__comment": "Chef-Hat-Outer15",
			"from": [ 0.5, 11, 11 ],
			"to": [ 15.5, 11.5, 12 ],
			"faces": {
				"down": { "uv": [ 0.5, 4, 15.5, 5 ], "texture": "#Outside" },
				"up": { "uv": [ 0.5, 11, 15.5, 12 ], "texture": "#Outside" },
				"south": { "uv": [ 0.5, 4.5, 15.5, 5 ], "texture": "#Outside" },
				"west": { "uv": [ 11, 4.5, 12, 5 ], "texture": "#Outside" },
				"east": { "uv": [ 4, 4.5, 5, 5 ], "texture": "#Outside" }
			}
		},
		{
			"__comment": "Chef-Hat-Outer16",
			"from": [ 0.5, 11.5, 11.5 ],
			"to": [ 15.5, 15, 12 ],
			"faces": {
				"up": { "uv": [ 0.5, 11.5, 15.5, 12 ], "texture": "#Outside" },
				"north": { "uv": [ 0.5, 1, 15.5, 4.5 ], "texture": "#Outside" },
				"south": { "uv": [ 0.5, 1, 15.5, 4.5 ], "texture": "#Outside" },
				"west": { "uv": [ 11.5, 1, 12, 4.5 ], "texture": "#Outside" },
				"east": { "uv": [ 4, 1, 4.5, 4.5 ], "texture": "#Outside" }
			}
		},
		{
			"__comment": "Chef-Hat-Outer17",
			"from": [ 0.5, 14.5, 4.5 ],
			"to": [ 15.5, 15, 5 ],
			"faces": {
				"down": { "uv": [ 0.5, 11, 15.5, 11.5 ], "texture": "#Outside" },
				"up": { "uv": [ 0.5, 4.5, 15.5, 5 ], "texture": "#Outside" },
				"west": { "uv": [ 4.5, 1, 5, 1.5 ], "texture": "#Outside" },
				"east": { "uv": [ 11, 1, 11.5, 1.5 ], "texture": "#Outside" }
			}
		},
		{
			"__comment": "Chef-Hat-Outer18",
			"from": [ 0.5, 14.5, 6 ],
			"to": [ 16, 15, 6.5 ],
			"faces": {
				"down": { "uv": [ 0.5, 9.5, 16, 10 ], "texture": "#Outside" },
				"up": { "uv": [ 0.5, 6, 16, 6.5 ], "texture": "#Outside" },
				"east": { "uv": [ 9.5, 1, 10, 1.5 ], "texture": "#Outside", "cullface": "east" }
			}
		},
		{
			"__comment": "Chef-Hat-Outer19",
			"from": [ 0.5, 14.5, 7 ],
			"to": [ 16, 15, 7.5 ],
			"faces": {
				"down": { "uv": [ 0.5, 8.5, 16, 9 ], "texture": "#Outside" },
				"up": { "uv": [ 0.5, 7, 16, 7.5 ], "texture": "#Outside" },
				"east": { "uv": [ 8.5, 1, 9, 1.5 ], "texture": "#Outside", "cullface": "east" }
			}
		},
		{
			"__comment": "Chef-Hat-Outer20",
			"from": [ 0.5, 14.5, 8.5 ],
			"to": [ 16, 15, 9 ],
			"faces": {
				"down": { "uv": [ 0.5, 7, 16, 7.5 ], "texture": "#Outside" },
				"up": { "uv": [ 0.5, 8.5, 16, 9 ], "texture": "#Outside" },
				"east": { "uv": [ 7, 1, 7.5, 1.5 ], "texture": "#Outside", "cullface": "east" }
			}
		},
		{
			"__comment": "Chef-Hat-Outer21",
			"from": [ 0.5, 14.5, 9.5 ],
			"to": [ 16, 15, 10 ],
			"faces": {
				"down": { "uv": [ 0.5, 6, 16, 6.5 ], "texture": "#Outside" },
				"up": { "uv": [ 0.5, 9.5, 16, 10 ], "texture": "#Outside" },
				"east": { "uv": [ 6, 1, 6.5, 1.5 ], "texture": "#Outside", "cullface": "east" }
			}
		},
		{
			"__comment": "Chef-Hat-Outer22",
			"from": [ 0.5, 14.5, 11 ],
			"to": [ 15.5, 15, 11.5 ],
			"faces": {
				"down": { "uv": [ 0.5, 4.5, 15.5, 5 ], "texture": "#Outside" },
				"up": { "uv": [ 0.5, 11, 15.5, 11.5 ], "texture": "#Outside" },
				"west": { "uv": [ 11, 1, 11.5, 1.5 ], "texture": "#Outside" },
				"east": { "uv": [ 4.5, 1, 5, 1.5 ], "texture": "#Outside" }
			}
		},
		{
			"__comment": "Chef-Hat-Outer23",
			"from": [ 0.5, 15, 5 ],
			"to": [ 15.5, 15.5, 11 ],
			"faces": {
				"down": { "uv": [ 0.5, 5, 15.5, 11 ], "texture": "#Outside" },
				"up": { "uv": [ 0.5, 5, 15.5, 11 ], "texture": "#Outside" },
				"north": { "uv": [ 0.5, 0.5, 15.5, 1 ], "texture": "#Outside" },
				"south": { "uv": [ 0.5, 0.5, 15.5, 1 ], "texture": "#Outside" },
				"west": { "uv": [ 5, 0.5, 11, 1 ], "texture": "#Outside" },
				"east": { "uv": [ 5, 0.5, 11, 1 ], "texture": "#Outside" }
			}
		},
		{
			"__comment": "Chef-Hat-Outer24",
			"from": [ 1, 10, 5 ],
			"to": [ 15, 10.5, 11 ],
			"faces": {
				"down": { "uv": [ 1, 5, 15, 11 ], "texture": "#Outside" },
				"north": { "uv": [ 1, 5.5, 15, 6 ], "texture": "#Outside" },
				"south": { "uv": [ 1, 5.5, 15, 6 ], "texture": "#Outside" },
				"west": { "uv": [ 5, 5.5, 11, 6 ], "texture": "#Outside" },
				"east": { "uv": [ 5, 5.5, 11, 6 ], "texture": "#Outside" }
			}
		},
		{
			"__comment": "Chef-Hat-Outer25",
			"from": [ 1, 10.5, 4 ],
			"to": [ 15, 11, 5 ],
			"faces": {
				"down": { "uv": [ 1, 11, 15, 12 ], "texture": "#Outside" },
				"up": { "uv": [ 1, 4, 15, 5 ], "texture": "#Outside" },
				"north": { "uv": [ 1, 5, 15, 5.5 ], "texture": "#Outside" },
				"west": { "uv": [ 4, 5, 5, 5.5 ], "texture": "#Outside" },
				"east": { "uv": [ 11, 5, 12, 5.5 ], "texture": "#Outside" }
			}
		},
		{
			"__comment": "Chef-Hat-Outer26",
			"from": [ 1, 10.5, 11 ],
			"to": [ 15, 11, 12 ],
			"faces": {
				"down": { "uv": [ 1, 4, 15, 5 ], "texture": "#Outside" },
				"south": { "uv": [ 1, 5, 15, 5.5 ], "texture": "#Outside" },
				"west": { "uv": [ 11, 5, 12, 5.5 ], "texture": "#Outside" },
				"east": { "uv": [ 4, 5, 5, 5.5 ], "texture": "#Outside" }
			}
		},
		{
			"__comment": "Chef-Hat-Outer27",
			"from": [ 1, 11, 3 ],
			"to": [ 15, 15, 3.5 ],
			"faces": {
				"down": { "uv": [ 1, 12.5, 15, 13 ], "texture": "#Outside" },
				"up": { "uv": [ 1, 3, 15, 3.5 ], "texture": "#Outside" },
				"north": { "uv": [ 1, 1, 15, 5 ], "texture": "#Outside" },
				"south": { "uv": [ 1, 1, 15, 5 ], "texture": "#Outside" },
				"west": { "uv": [ 3, 1, 3.5, 5 ], "texture": "#Outside" },
				"east": { "uv": [ 12.5, 1, 13, 5 ], "texture": "#Outside" }
			}
		},
		{
			"__comment": "Chef-Hat-Outer28",
			"from": [ 1, 11, 3.5 ],
			"to": [ 15, 11.5, 4 ],
			"faces": {
				"down": { "uv": [ 1, 12, 15, 12.5 ], "texture": "#Outside" },
				"up": { "uv": [ 1, 3.5, 15, 4 ], "texture": "#Outside" },
				"west": { "uv": [ 3.5, 4.5, 4, 5 ], "texture": "#Outside" },
				"east": { "uv": [ 12, 4.5, 12.5, 5 ], "texture": "#Outside" }
			}
		},
		{
			"__comment": "Chef-Hat-Outer29",
			"from": [ 1, 11, 12 ],
			"to": [ 15, 11.5, 13 ],
			"faces": {
				"down": { "uv": [ 1, 3, 15, 4 ], "texture": "#Outside" },
				"up": { "uv": [ 1, 12, 15, 13 ], "texture": "#Outside" },
				"south": { "uv": [ 1, 4.5, 15, 5 ], "texture": "#Outside" },
				"west": { "uv": [ 12, 4.5, 13, 5 ], "texture": "#Outside" },
				"east": { "uv": [ 3, 4.5, 4, 5 ], "texture": "#Outside" }
			}
		},
		{
			"__comment": "Chef-Hat-Outer30",
			"from": [ 1, 11.5, 5.5 ],
			"to": [ 15, 14.5, 10.5 ],
			"faces": {
				"up": { "uv": [ 1, 5.5, 15, 10.5 ], "texture": "#Outside" }
			}
		},
		{
			"__comment": "Chef-Hat-Outer31",
			"from": [ 1, 11.5, 12.5 ],
			"to": [ 15, 15, 13 ],
			"faces": {
				"up": { "uv": [ 1, 12.5, 15, 13 ], "texture": "#Outside" },
				"north": { "uv": [ 1, 1, 15, 4.5 ], "texture": "#Outside" },
				"south": { "uv": [ 1, 1, 15, 4.5 ], "texture": "#Outside" },
				"west": { "uv": [ 12.5, 1, 13, 4.5 ], "texture": "#Outside" },
				"east": { "uv": [ 3, 1, 3.5, 4.5 ], "texture": "#Outside" }
			}
		},
		{
			"__comment": "Chef-Hat-Outer32",
			"from": [ 1, 14.5, 3.5 ],
			"to": [ 15, 15, 4 ],
			"faces": {
				"down": { "uv": [ 1, 12, 15, 12.5 ], "texture": "#Outside" },
				"up": { "uv": [ 1, 3.5, 15, 4 ], "texture": "#Outside" },
				"west": { "uv": [ 3.5, 1, 4, 1.5 ], "texture": "#Outside" },
				"east": { "uv": [ 12, 1, 12.5, 1.5 ], "texture": "#Outside" }
			}
		},
		{
			"__comment": "Chef-Hat-Outer33",
			"from": [ 1, 14.5, 12 ],
			"to": [ 15, 15, 12.5 ],
			"faces": {
				"down": { "uv": [ 1, 3.5, 15, 4 ], "texture": "#Outside" },
				"up": { "uv": [ 1, 12, 15, 12.5 ], "texture": "#Outside" },
				"west": { "uv": [ 12, 1, 12.5, 1.5 ], "texture": "#Outside" },
				"east": { "uv": [ 3.5, 1, 4, 1.5 ], "texture": "#Outside" }
			}
		},
		{
			"__comment": "Chef-Hat-Outer34",
			"from": [ 1, 15, 4 ],
			"to": [ 15, 15.5, 5 ],
			"faces": {
				"down": { "uv": [ 1, 11, 15, 12 ], "texture": "#Outside" },
				"up": { "uv": [ 1, 4, 15, 5 ], "texture": "#Outside" },
				"north": { "uv": [ 1, 0.5, 15, 1 ], "texture": "#Outside" },
				"west": { "uv": [ 4, 0.5, 5, 1 ], "texture": "#Outside" },
				"east": { "uv": [ 11, 0.5, 12, 1 ], "texture": "#Outside" }
			}
		},
		{
			"__comment": "Chef-Hat-Outer35",
			"from": [ 1, 15, 11 ],
			"to": [ 15, 15.5, 12 ],
			"faces": {
				"down": { "uv": [ 1, 4, 15, 5 ], "texture": "#Outside" },
				"up": { "uv": [ 1, 11, 15, 12 ], "texture": "#Outside" },
				"south": { "uv": [ 1, 0.5, 15, 1 ], "texture": "#Outside" },
				"west": { "uv": [ 11, 0.5, 12, 1 ], "texture": "#Outside" },
				"east": { "uv": [ 4, 0.5, 5, 1 ], "texture": "#Outside" }
			}
		},
		{
			"__comment": "Chef-Hat-Outer36",
			"from": [ 1, 15.5, 5 ],
			"to": [ 15, 16, 11 ],
			"faces": {
				"up": { "uv": [ 1, 5, 15, 11 ], "texture": "#Outside", "cullface": "up" },
				"north": { "uv": [ 1, 0, 15, 0.5 ], "texture": "#Outside" },
				"south": { "uv": [ 1, 0, 15, 0.5 ], "texture": "#Outside" },
				"west": { "uv": [ 5, 0, 11, 0.5 ], "texture": "#Outside" },
				"east": { "uv": [ 5, 0, 11, 0.5 ], "texture": "#Outside" }
			}
		},
		{
			"__comment": "Chef-Hat-Outer37",
			"from": [ 1.5, 9.5, 5.5 ],
			"to": [ 14.5, 10, 10.5 ],
			"faces": {
				"down": { "uv": [ 1.5, 5.5, 14.5, 10.5 ], "texture": "#Outside" },
				"north": { "uv": [ 1.5, 6, 14.5, 6.5 ], "texture": "#Outside" },
				"south": { "uv": [ 1.5, 6, 14.5, 6.5 ], "texture": "#Outside" },
				"west": { "uv": [ 5.5, 6, 10.5, 6.5 ], "texture": "#Outside" },
				"east": { "uv": [ 5.5, 6, 10.5, 6.5 ], "texture": "#Outside" }
			}
		},
		{
			"__comment": "Chef-Hat-Outer38",
			"from": [ 1.5, 10, 3.5 ],
			"to": [ 14, 11, 4 ],
			"faces": {
				"down": { "uv": [ 1.5, 12, 14, 12.5 ], "texture": "#Outside" },
				"north": { "uv": [ 2, 5, 14.5, 6 ], "texture": "#Outside" },
				"south": { "uv": [ 1.5, 5, 14, 6 ], "texture": "#Outside" },
				"west": { "uv": [ 3.5, 5, 4, 6 ], "texture": "#Outside" },
				"east": { "uv": [ 12, 5, 12.5, 6 ], "texture": "#Outside" }
			}
		},
		{
			"__comment": "Chef-Hat-Outer39",
			"from": [ 1.5, 10, 4 ],
			"to": [ 14.5, 10.5, 5 ],
			"faces": {
				"down": { "uv": [ 1.5, 11, 14.5, 12 ], "texture": "#Outside" },
				"north": { "uv": [ 1.5, 5.5, 14.5, 6 ], "texture": "#Outside" },
				"west": { "uv": [ 4, 5.5, 5, 6 ], "texture": "#Outside" },
				"east": { "uv": [ 11, 5.5, 12, 6 ], "texture": "#Outside" }
			}
		},
		{
			"__comment": "Chef-Hat-Outer40",
			"from": [ 1.5, 10, 11 ],
			"to": [ 14.5, 10.5, 12 ],
			"faces": {
				"down": { "uv": [ 1.5, 4, 14.5, 5 ], "texture": "#Outside" },
				"south": { "uv": [ 1.5, 5.5, 14.5, 6 ], "texture": "#Outside" },
				"west": { "uv": [ 11, 5.5, 12, 6 ], "texture": "#Outside" },
				"east": { "uv": [ 4, 5.5, 5, 6 ], "texture": "#Outside" }
			}
		},
		{
			"__comment": "Chef-Hat-Outer41",
			"from": [ 1.5, 10.5, 3 ],
			"to": [ 14.5, 11, 3.5 ],
			"faces": {
				"down": { "uv": [ 1.5, 12.5, 14.5, 13 ], "texture": "#Outside" },
				"north": { "uv": [ 1.5, 5, 14.5, 5.5 ], "texture": "#Outside" },
				"south": { "uv": [ 1.5, 5, 14.5, 5.5 ], "texture": "#Outside" },
				"west": { "uv": [ 3, 5, 3.5, 5.5 ], "texture": "#Outside" },
				"east": { "uv": [ 12.5, 5, 13, 5.5 ], "texture": "#Outside" }
			}
		},
		{
			"__comment": "Chef-Hat-Outer42",
			"from": [ 1.5, 10.5, 12 ],
			"to": [ 14.5, 11, 13 ],
			"faces": {
				"down": { "uv": [ 1.5, 3, 14.5, 4 ], "texture": "#Outside" },
				"south": { "uv": [ 1.5, 5, 14.5, 5.5 ], "texture": "#Outside" },
				"west": { "uv": [ 12, 5, 13, 5.5 ], "texture": "#Outside" },
				"east": { "uv": [ 3, 5, 4, 5.5 ], "texture": "#Outside" }
			}
		},
		{
			"__comment": "Chef-Hat-Outer43",
			"from": [ 1.5, 11, 2.5 ],
			"to": [ 14.5, 15, 3 ],
			"faces": {
				"down": { "uv": [ 1.5, 13, 14.5, 13.5 ], "texture": "#Outside" },
				"up": { "uv": [ 1.5, 2.5, 14.5, 3 ], "texture": "#Outside" },
				"north": { "uv": [ 1.5, 1, 14.5, 5 ], "texture": "#Outside" },
				"west": { "uv": [ 2.5, 1, 3, 5 ], "texture": "#Outside" },
				"east": { "uv": [ 13, 1, 13.5, 5 ], "texture": "#Outside" }
			}
		},
		{
			"__comment": "Chef-Hat-Outer44",
			"from": [ 1.5, 11, 13 ],
			"to": [ 14.5, 15, 13.5 ],
			"faces": {
				"down": { "uv": [ 1.5, 2.5, 14.5, 3 ], "texture": "#Outside" },
				"up": { "uv": [ 1.5, 13, 14.5, 13.5 ], "texture": "#Outside" },
				"north": { "uv": [ 1.5, 1, 14.5, 5 ], "texture": "#Outside" },
				"south": { "uv": [ 1.5, 1, 14.5, 5 ], "texture": "#Outside" },
				"west": { "uv": [ 13, 1, 13.5, 5 ], "texture": "#Outside" },
				"east": { "uv": [ 2.5, 1, 3, 5 ], "texture": "#Outside" }
			}
		},
		{
			"__comment": "Chef-Hat-Outer45",
			"from": [ 1.5, 15, 3 ],
			"to": [ 14.5, 15.5, 4 ],
			"faces": {
				"down": { "uv": [ 1.5, 12, 14.5, 13 ], "texture": "#Outside" },
				"up": { "uv": [ 1.5, 3, 14.5, 4 ], "texture": "#Outside" },
				"north": { "uv": [ 1.5, 0.5, 14.5, 1 ], "texture": "#Outside" },
				"west": { "uv": [ 3, 0.5, 4, 1 ], "texture": "#Outside" },
				"east": { "uv": [ 12, 0.5, 13, 1 ], "texture": "#Outside" }
			}
		},
		{
			"__comment": "Chef-Hat-Outer46",
			"from": [ 1.5, 15, 12 ],
			"to": [ 14.5, 15.5, 13 ],
			"faces": {
				"down": { "uv": [ 1.5, 3, 14.5, 4 ], "texture": "#Outside" },
				"up": { "uv": [ 1.5, 12, 14.5, 13 ], "texture": "#Outside" },
				"south": { "uv": [ 1.5, 0.5, 14.5, 1 ], "texture": "#Outside" },
				"west": { "uv": [ 12, 0.5, 13, 1 ], "texture": "#Outside" },
				"east": { "uv": [ 3, 0.5, 4, 1 ], "texture": "#Outside" }
			}
		},
		{
			"__comment": "Chef-Hat-Outer47",
			"from": [ 1.5, 15.5, 4 ],
			"to": [ 14.5, 16, 5 ],
			"faces": {
				"up": { "uv": [ 1.5, 4, 14.5, 5 ], "texture": "#Outside", "cullface": "up" },
				"north": { "uv": [ 1.5, 0, 14.5, 0.5 ], "texture": "#Outside" },
				"west": { "uv": [ 4, 0, 5, 0.5 ], "texture": "#Outside" },
				"east": { "uv": [ 11, 0, 12, 0.5 ], "texture": "#Outside" }
			}
		},
		{
			"__comment": "Chef-Hat-Outer48",
			"from": [ 1.5, 15.5, 11 ],
			"to": [ 14.5, 16, 12 ],
			"faces": {
				"up": { "uv": [ 1.5, 11, 14.5, 12 ], "texture": "#Outside", "cullface": "up" },
				"south": { "uv": [ 1.5, 0, 14.5, 0.5 ], "texture": "#Outside" },
				"west": { "uv": [ 11, 0, 12, 0.5 ], "texture": "#Outside" },
				"east": { "uv": [ 4, 0, 5, 0.5 ], "texture": "#Outside" }
			}
		},
		{
			"__comment": "Chef-Hat-Outer49",
			"from": [ 2, 0, 5.5 ],
			"to": [ 14, 9.5, 6 ],
			"faces": {
				"down": { "uv": [ 2, 10, 14, 10.5 ], "texture": "#Outside", "cullface": "down" },
				"north": { "uv": [ 2, 6.5, 14, 16 ], "texture": "#Outside" },
				"south": { "uv": [ 2, 6.5, 14, 16 ], "texture": "#Outside" },
				"west": { "uv": [ 5.5, 6.5, 6, 16 ], "texture": "#Outside" },
				"east": { "uv": [ 10, 6.5, 10.5, 16 ], "texture": "#Outside" }
			}
		},
		{
			"__comment": "Chef-Hat-Outer50",
			"from": [ 2, 0, 6 ],
			"to": [ 14, 0.5, 10.5 ],
			"faces": {
				"down": { "uv": [ 2, 5.5, 14, 10 ], "texture": "#Outside", "cullface": "down" },
				"up": { "uv": [ 2, 6, 14, 10.5 ], "texture": "#Outside" },
				"south": { "uv": [ 2, 15.5, 14, 16 ], "texture": "#Outside" },
				"west": { "uv": [ 6, 15.5, 10.5, 16 ], "texture": "#Outside" },
				"east": { "uv": [ 5.5, 15.5, 10, 16 ], "texture": "#Outside" }
			}
		},
		{
			"__comment": "Chef-Hat-Outer51",
			"from": [ 2, 0.5, 7 ],
			"to": [ 2.5, 9.5, 7.5 ],
			"faces": {
				"north": { "uv": [ 13.5, 6.5, 14, 15.5 ], "texture": "#Outside" },
				"south": { "uv": [ 2, 6.5, 2.5, 15.5 ], "texture": "#Outside" },
				"west": { "uv": [ 7, 6.5, 7.5, 15.5 ], "texture": "#Outside" },
				"east": { "uv": [ 8.5, 6.5, 9, 15.5 ], "texture": "#Outside" }
			}
		},
		{
			"__comment": "Chef-Hat-Outer52",
			"from": [ 2, 0.5, 8.5 ],
			"to": [ 2.5, 9.5, 9 ],
			"faces": {
				"north": { "uv": [ 13.5, 6.5, 14, 15.5 ], "texture": "#Outside" },
				"south": { "uv": [ 2, 6.5, 2.5, 15.5 ], "texture": "#Outside" },
				"west": { "uv": [ 8.5, 6.5, 9, 15.5 ], "texture": "#Outside" },
				"east": { "uv": [ 7, 6.5, 7.5, 15.5 ], "texture": "#Outside" }
			}
		},
		{
			"__comment": "Chef-Hat-Outer53",
			"from": [ 2, 0.5, 10 ],
			"to": [ 3, 9.5, 10.5 ],
			"faces": {
				"north": { "uv": [ 13, 6.5, 14, 15.5 ], "texture": "#Outside" },
				"south": { "uv": [ 2, 6.5, 3, 15.5 ], "texture": "#Outside" },
				"west": { "uv": [ 10, 6.5, 10.5, 15.5 ], "texture": "#Outside" },
				"east": { "uv": [ 5.5, 6.5, 6, 15.5 ], "texture": "#Outside" }
			}
		},
		{
			"__comment": "Chef-Hat-Outer54",
			"from": [ 2, 9, 6 ],
			"to": [ 14, 9.5, 7 ],
			"faces": {
				"down": { "uv": [ 2, 9, 14, 10 ], "texture": "#Outside" },
				"south": { "uv": [ 2, 6.5, 14, 7 ], "texture": "#Outside" },
				"west": { "uv": [ 6, 6.5, 7, 7 ], "texture": "#Outside" },
				"east": { "uv": [ 9, 6.5, 10, 7 ], "texture": "#Outside" }
			}
		},
		{
			"__comment": "Chef-Hat-Outer55",
			"from": [ 2, 9, 7.5 ],
			"to": [ 14, 9.5, 8.5 ],
			"faces": {
				"down": { "uv": [ 2, 7.5, 14, 8.5 ], "texture": "#Outside" },
				"north": { "uv": [ 2, 6.5, 14, 7 ], "texture": "#Outside" },
				"south": { "uv": [ 2, 6.5, 14, 7 ], "texture": "#Outside" },
				"west": { "uv": [ 7.5, 6.5, 8.5, 7 ], "texture": "#Outside" },
				"east": { "uv": [ 7.5, 6.5, 8.5, 7 ], "texture": "#Outside" }
			}
		},
		{
			"__comment": "Chef-Hat-Outer56",
			"from": [ 2, 9, 9 ],
			"to": [ 14, 9.5, 10 ],
			"faces": {
				"down": { "uv": [ 2, 6, 14, 7 ], "texture": "#Outside" },
				"north": { "uv": [ 2, 6.5, 14, 7 ], "texture": "#Outside" },
				"south": { "uv": [ 2, 6.5, 14, 7 ], "texture": "#Outside" },
				"west": { "uv": [ 9, 6.5, 10, 7 ], "texture": "#Outside" },
				"east": { "uv": [ 6, 6.5, 7, 7 ], "texture": "#Outside" }
			}
		},
		{
			"__comment": "Chef-Hat-Outer57",
			"from": [ 2, 9.5, 4 ],
			"to": [ 14, 10, 5.5 ],
			"faces": {
				"down": { "uv": [ 2, 10.5, 14, 12 ], "texture": "#Outside" },
				"up": { "uv": [ 2, 4, 14, 5.5 ], "texture": "#Outside" },
				"north": { "uv": [ 2, 6, 14, 6.5 ], "texture": "#Outside" },
				"west": { "uv": [ 4, 6, 5.5, 6.5 ], "texture": "#Outside" },
				"east": { "uv": [ 10.5, 6, 12, 6.5 ], "texture": "#Outside" }
			}
		},
		{
			"__comment": "Chef-Hat-Outer58",
			"from": [ 2, 9.5, 10.5 ],
			"to": [ 14, 10, 12 ],
			"faces": {
				"down": { "uv": [ 2, 4, 14, 5.5 ], "texture": "#Outside" },
				"up": { "uv": [ 2, 10.5, 14, 12 ], "texture": "#Outside" },
				"south": { "uv": [ 2, 6, 14, 6.5 ], "texture": "#Outside" },
				"west": { "uv": [ 10.5, 6, 12, 6.5 ], "texture": "#Outside" },
				"east": { "uv": [ 4, 6, 5.5, 6.5 ], "texture": "#Outside" }
			}
		},
		{
			"__comment": "Chef-Hat-Outer59",
			"from": [ 2, 10, 3 ],
			"to": [ 14, 10.5, 3.5 ],
			"faces": {
				"down": { "uv": [ 2, 12.5, 14, 13 ], "texture": "#Outside" },
				"north": { "uv": [ 2, 5.5, 14, 6 ], "texture": "#Outside" },
				"west": { "uv": [ 3, 5.5, 3.5, 6 ], "texture": "#Outside" },
				"east": { "uv": [ 12.5, 5.5, 13, 6 ], "texture": "#Outside" }
			}
		},
		{
			"__comment": "Chef-Hat-Outer60",
			"from": [ 2, 10, 12 ],
			"to": [ 14, 10.5, 13 ],
			"faces": {
				"down": { "uv": [ 2, 3, 14, 4 ], "texture": "#Outside" },
				"south": { "uv": [ 2, 5.5, 14, 6 ], "texture": "#Outside" },
				"west": { "uv": [ 12, 5.5, 13, 6 ], "texture": "#Outside" },
				"east": { "uv": [ 3, 5.5, 4, 6 ], "texture": "#Outside" }
			}
		},
		{
			"__comment": "Chef-Hat-Outer61",
			"from": [ 2, 10.5, 2.5 ],
			"to": [ 14, 11, 3 ],
			"faces": {
				"down": { "uv": [ 2, 13, 14, 13.5 ], "texture": "#Outside" },
				"north": { "uv": [ 2, 5, 14, 5.5 ], "texture": "#Outside" },
				"west": { "uv": [ 2.5, 5, 3, 5.5 ], "texture": "#Outside" },
				"east": { "uv": [ 13, 5, 13.5, 5.5 ], "texture": "#Outside" }
			}
		},
		{
			"__comment": "Chef-Hat-Outer62",
			"from": [ 2, 10.5, 13 ],
			"to": [ 14, 11, 13.5 ],
			"faces": {
				"down": { "uv": [ 2, 2.5, 14, 3 ], "texture": "#Outside" },
				"south": { "uv": [ 2, 5, 14, 5.5 ], "texture": "#Outside" },
				"west": { "uv": [ 13, 5, 13.5, 5.5 ], "texture": "#Outside" },
				"east": { "uv": [ 2.5, 5, 3, 5.5 ], "texture": "#Outside" }
			}
		},
		{
			"__comment": "Chef-Hat-Outer63",
			"from": [ 2, 11, 2 ],
			"to": [ 14, 15, 2.5 ],
			"faces": {
				"down": { "uv": [ 2, 13.5, 14, 14 ], "texture": "#Outside" },
				"up": { "uv": [ 2, 2, 14, 2.5 ], "texture": "#Outside" },
				"north": { "uv": [ 2, 1, 14, 5 ], "texture": "#Outside" },
				"west": { "uv": [ 2, 1, 2.5, 5 ], "texture": "#Outside" },
				"east": { "uv": [ 13.5, 1, 14, 5 ], "texture": "#Outside" }
			}
		},
		{
			"__comment": "Chef-Hat-Outer64",
			"from": [ 2, 11, 13.5 ],
			"to": [ 14, 15, 14 ],
			"faces": {
				"down": { "uv": [ 2, 2, 14, 2.5 ], "texture": "#Outside" },
				"up": { "uv": [ 2, 13.5, 14, 14 ], "texture": "#Outside" },
				"south": { "uv": [ 2, 1, 14, 5 ], "texture": "#Outside" },
				"west": { "uv": [ 13.5, 1, 14, 5 ], "texture": "#Outside" },
				"east": { "uv": [ 2, 1, 2.5, 5 ], "texture": "#Outside" }
			}
		},
		{
			"__comment": "Chef-Hat-Outer65",
			"from": [ 2, 15, 2.5 ],
			"to": [ 14, 15.5, 3 ],
			"faces": {
				"up": { "uv": [ 2, 2.5, 14, 3 ], "texture": "#Outside" },
				"north": { "uv": [ 2, 0.5, 14, 1 ], "texture": "#Outside" },
				"west": { "uv": [ 2.5, 0.5, 3, 1 ], "texture": "#Outside" },
				"east": { "uv": [ 13, 0.5, 13.5, 1 ], "texture": "#Outside" }
			}
		},
		{
			"__comment": "Chef-Hat-Outer66",
			"from": [ 2, 15, 13 ],
			"to": [ 14, 15.5, 13.5 ],
			"faces": {
				"up": { "uv": [ 2, 13, 14, 13.5 ], "texture": "#Outside" },
				"south": { "uv": [ 2, 0.5, 14, 1 ], "texture": "#Outside" },
				"west": { "uv": [ 13, 0.5, 13.5, 1 ], "texture": "#Outside" },
				"east": { "uv": [ 2.5, 0.5, 3, 1 ], "texture": "#Outside" }
			}
		},
		{
			"__comment": "Chef-Hat-Outer67",
			"from": [ 2, 15.5, 3 ],
			"to": [ 14, 16, 4 ],
			"faces": {
				"up": { "uv": [ 2, 3, 14, 4 ], "texture": "#Outside", "cullface": "up" },
				"north": { "uv": [ 2, 0, 14, 0.5 ], "texture": "#Outside" },
				"west": { "uv": [ 3, 0, 4, 0.5 ], "texture": "#Outside" },
				"east": { "uv": [ 12, 0, 13, 0.5 ], "texture": "#Outside" }
			}
		},
		{
			"__comment": "Chef-Hat-Outer68",
			"from": [ 2, 15.5, 12 ],
			"to": [ 14, 16, 13 ],
			"faces": {
				"up": { "uv": [ 2, 12, 14, 13 ], "texture": "#Outside", "cullface": "up" },
				"south": { "uv": [ 2, 0, 14, 0.5 ], "texture": "#Outside" },
				"west": { "uv": [ 12, 0, 13, 0.5 ], "texture": "#Outside" },
				"east": { "uv": [ 3, 0, 4, 0.5 ], "texture": "#Outside" }
			}
		},
		{
			"__comment": "Chef-Hat-Outer69",
			"from": [ 2.5, 0, 4 ],
			"to": [ 13.5, 9.5, 4.5 ],
			"faces": {
				"down": { "uv": [ 2.5, 11.5, 13.5, 12 ], "texture": "#Outside", "cullface": "down" },
				"north": { "uv": [ 2.5, 6.5, 13.5, 16 ], "texture": "#Outside" },
				"south": { "uv": [ 2.5, 6.5, 13.5, 16 ], "texture": "#Outside" },
				"west": { "uv": [ 4, 6.5, 4.5, 16 ], "texture": "#Outside" },
				"east": { "uv": [ 11.5, 6.5, 12, 16 ], "texture": "#Outside" }
			}
		},
		{
			"__comment": "Chef-Hat-Outer70",
			"from": [ 2.5, 0, 4.5 ],
			"to": [ 13.5, 0.5, 5.5 ],
			"faces": {
				"down": { "uv": [ 2.5, 10.5, 13.5, 11.5 ], "texture": "#Outside", "cullface": "down" },
				"up": { "uv": [ 2.5, 4.5, 13.5, 5.5 ], "texture": "#Outside" },
				"west": { "uv": [ 4.5, 15.5, 5.5, 16 ], "texture": "#Outside" },
				"east": { "uv": [ 10.5, 15.5, 11.5, 16 ], "texture": "#Outside" }
			}
		},
		{
			"__comment": "Chef-Hat-Outer71",
			"from": [ 2.5, 0, 10.5 ],
			"to": [ 13.5, 9.5, 11 ],
			"faces": {
				"down": { "uv": [ 2.5, 5, 13.5, 5.5 ], "texture": "#Outside", "cullface": "down" },
				"north": { "uv": [ 2.5, 6.5, 13.5, 16 ], "texture": "#Outside" },
				"south": { "uv": [ 2.5, 6.5, 13.5, 16 ], "texture": "#Outside" },
				"west": { "uv": [ 10.5, 6.5, 11, 16 ], "texture": "#Outside" },
				"east": { "uv": [ 5, 6.5, 5.5, 16 ], "texture": "#Outside" }
			}
		},
		{
			"__comment": "Chef-Hat-Outer72",
			"from": [ 2.5, 0, 11 ],
			"to": [ 13.5, 0.5, 12 ],
			"faces": {
				"down": { "uv": [ 2.5, 4, 13.5, 5 ], "texture": "#Outside", "cullface": "down" },
				"up": { "uv": [ 2.5, 11, 13.5, 12 ], "texture": "#Outside" },
				"south": { "uv": [ 2.5, 15.5, 13.5, 16 ], "texture": "#Outside" },
				"west": { "uv": [ 11, 15.5, 12, 16 ], "texture": "#Outside" },
				"east": { "uv": [ 4, 15.5, 5, 16 ], "texture": "#Outside" }
			}
		},
		{
			"__comment": "Chef-Hat-Outer73",
			"from": [ 2.5, 0.5, 5 ],
			"to": [ 3, 9.5, 5.5 ],
			"faces": {
				"north": { "uv": [ 13, 6.5, 13.5, 15.5 ], "texture": "#Outside" },
				"west": { "uv": [ 5, 6.5, 5.5, 15.5 ], "texture": "#Outside" },
				"east": { "uv": [ 10.5, 6.5, 11, 15.5 ], "texture": "#Outside" }
			}
		},
		{
			"__comment": "Chef-Hat-Outer74",
			"from": [ 2.5, 0.5, 11.5 ],
			"to": [ 13.5, 9.5, 12 ],
			"faces": {
				"north": { "uv": [ 2.5, 6.5, 13.5, 15.5 ], "texture": "#Outside" },
				"south": { "uv": [ 2.5, 6.5, 13.5, 15.5 ], "texture": "#Outside" },
				"west": { "uv": [ 11.5, 6.5, 12, 15.5 ], "texture": "#Outside" },
				"east": { "uv": [ 4, 6.5, 4.5, 15.5 ], "texture": "#Outside" }
			}
		},
		{
			"__comment": "Chef-Hat-Outer75",
			"from": [ 2.5, 9, 4.5 ],
			"to": [ 13.5, 9.5, 5 ],
			"faces": {
				"down": { "uv": [ 2.5, 11, 13.5, 11.5 ], "texture": "#Outside" },
				"south": { "uv": [ 2.5, 6.5, 13.5, 7 ], "texture": "#Outside" },
				"west": { "uv": [ 4.5, 6.5, 5, 7 ], "texture": "#Outside" },
				"east": { "uv": [ 11, 6.5, 11.5, 7 ], "texture": "#Outside" }
			}
		},
		{
			"__comment": "Chef-Hat-Outer76",
			"from": [ 2.5, 9, 7 ],
			"to": [ 14, 9.5, 7.5 ],
			"faces": {
				"down": { "uv": [ 2.5, 8.5, 14, 9 ], "texture": "#Outside" },
				"east": { "uv": [ 8.5, 6.5, 9, 7 ], "texture": "#Outside" }
			}
		},
		{
			"__comment": "Chef-Hat-Outer77",
			"from": [ 2.5, 9, 8.5 ],
			"to": [ 14, 9.5, 9 ],
			"faces": {
				"down": { "uv": [ 2.5, 7, 14, 7.5 ], "texture": "#Outside" },
				"east": { "uv": [ 7, 6.5, 7.5, 7 ], "texture": "#Outside" }
			}
		},
		{
			"__comment": "Chef-Hat-Outer78",
			"from": [ 2.5, 9, 11 ],
			"to": [ 13.5, 9.5, 11.5 ],
			"faces": {
				"down": { "uv": [ 2.5, 4.5, 13.5, 5 ], "texture": "#Outside" },
				"west": { "uv": [ 11, 6.5, 11.5, 7 ], "texture": "#Outside" },
				"east": { "uv": [ 4.5, 6.5, 5, 7 ], "texture": "#Outside" }
			}
		},
		{
			"__comment": "Chef-Hat-Outer79",
			"from": [ 2.5, 9.5, 3.5 ],
			"to": [ 13.5, 10, 4 ],
			"faces": {
				"down": { "uv": [ 2.5, 12, 13.5, 12.5 ], "texture": "#Outside" },
				"north": { "uv": [ 2.5, 6, 13.5, 6.5 ], "texture": "#Outside" },
				"west": { "uv": [ 3.5, 6, 4, 6.5 ], "texture": "#Outside" },
				"east": { "uv": [ 12, 6, 12.5, 6.5 ], "texture": "#Outside" }
			}
		},
		{
			"__comment": "Chef-Hat-Outer80",
			"from": [ 2.5, 9.5, 12 ],
			"to": [ 13.5, 10, 12.5 ],
			"faces": {
				"down": { "uv": [ 2.5, 3.5, 13.5, 4 ], "texture": "#Outside" },
				"south": { "uv": [ 2.5, 6, 13.5, 6.5 ], "texture": "#Outside" },
				"west": { "uv": [ 12, 6, 12.5, 6.5 ], "texture": "#Outside" },
				"east": { "uv": [ 3.5, 6, 4, 6.5 ], "texture": "#Outside" }
			}
		},
		{
			"__comment": "Chef-Hat-Outer81",
			"from": [ 2.5, 10, 2.5 ],
			"to": [ 13.5, 10.5, 3 ],
			"faces": {
				"down": { "uv": [ 2.5, 13, 13.5, 13.5 ], "texture": "#Outside" },
				"north": { "uv": [ 2.5, 5.5, 13.5, 6 ], "texture": "#Outside" },
				"west": { "uv": [ 2.5, 5.5, 3, 6 ], "texture": "#Outside" },
				"east": { "uv": [ 13, 5.5, 13.5, 6 ], "texture": "#Outside" }
			}
		},
		{
			"__comment": "Chef-Hat-Outer82",
			"from": [ 2.5, 10, 13 ],
			"to": [ 13.5, 10.5, 13.5 ],
			"faces": {
				"down": { "uv": [ 2.5, 2.5, 13.5, 3 ], "texture": "#Outside" },
				"south": { "uv": [ 2.5, 5.5, 13.5, 6 ], "texture": "#Outside" },
				"west": { "uv": [ 13, 5.5, 13.5, 6 ], "texture": "#Outside" },
				"east": { "uv": [ 2.5, 5.5, 3, 6 ], "texture": "#Outside" }
			}
		},
		{
			"__comment": "Chef-Hat-Outer83",
			"from": [ 2.5, 10.5, 2 ],
			"to": [ 13.5, 11, 2.5 ],
			"faces": {
				"down": { "uv": [ 2.5, 13.5, 13.5, 14 ], "texture": "#Outside" },
				"north": { "uv": [ 2.5, 5, 13.5, 5.5 ], "texture": "#Outside" },
				"west": { "uv": [ 2, 5, 2.5, 5.5 ], "texture": "#Outside" },
				"east": { "uv": [ 13.5, 5, 14, 5.5 ], "texture": "#Outside" }
			}
		},
		{
			"__comment": "Chef-Hat-Outer84",
			"from": [ 2.5, 10.5, 13.5 ],
			"to": [ 13.5, 11, 14 ],
			"faces": {
				"down": { "uv": [ 2.5, 2, 13.5, 2.5 ], "texture": "#Outside" },
				"south": { "uv": [ 2.5, 5, 13.5, 5.5 ], "texture": "#Outside" },
				"west": { "uv": [ 13.5, 5, 14, 5.5 ], "texture": "#Outside" },
				"east": { "uv": [ 2, 5, 2.5, 5.5 ], "texture": "#Outside" }
			}
		},
		{
			"__comment": "Chef-Hat-Outer85",
			"from": [ 2.5, 11, 1.5 ],
			"to": [ 13.5, 11.5, 2 ],
			"faces": {
				"down": { "uv": [ 2.5, 14, 13.5, 14.5 ], "texture": "#Outside" },
				"up": { "uv": [ 2.5, 1.5, 13.5, 2 ], "texture": "#Outside" },
				"north": { "uv": [ 2.5, 4.5, 13.5, 5 ], "texture": "#Outside" },
				"west": { "uv": [ 1.5, 4.5, 2, 5 ], "texture": "#Outside" },
				"east": { "uv": [ 14, 4.5, 14.5, 5 ], "texture": "#Outside" }
			}
		},
		{
			"__comment": "Chef-Hat-Outer86",
			"from": [ 2.5, 11, 14 ],
			"to": [ 13.5, 11.5, 14.5 ],
			"faces": {
				"down": { "uv": [ 2.5, 1.5, 13.5, 2 ], "texture": "#Outside" },
				"up": { "uv": [ 2.5, 14, 13.5, 14.5 ], "texture": "#Outside" },
				"south": { "uv": [ 2.5, 4.5, 13.5, 5 ], "texture": "#Outside" },
				"west": { "uv": [ 14, 4.5, 14.5, 5 ], "texture": "#Outside" },
				"east": { "uv": [ 1.5, 4.5, 2, 5 ], "texture": "#Outside" }
			}
		},
		{
			"__comment": "Chef-Hat-Outer87",
			"from": [ 2.5, 11.5, 1.5 ],
			"to": [ 3.5, 15, 2 ],
			"faces": {
				"up": { "uv": [ 2.5, 1.5, 3.5, 2 ], "texture": "#Outside" },
				"north": { "uv": [ 12.5, 1, 13.5, 4.5 ], "texture": "#Outside" },
				"west": { "uv": [ 1.5, 1, 2, 4.5 ], "texture": "#Outside" },
				"east": { "uv": [ 14, 1, 14.5, 4.5 ], "texture": "#Outside" }
			}
		},
		{
			"__comment": "Chef-Hat-Outer88",
			"from": [ 2.5, 11.5, 14 ],
			"to": [ 3.5, 15, 14.5 ],
			"faces": {
				"up": { "uv": [ 2.5, 14, 3.5, 14.5 ], "texture": "#Outside" },
				"south": { "uv": [ 2.5, 1, 3.5, 4.5 ], "texture": "#Outside" },
				"west": { "uv": [ 14, 1, 14.5, 4.5 ], "texture": "#Outside" },
				"east": { "uv": [ 1.5, 1, 2, 4.5 ], "texture": "#Outside" }
			}
		},
		{
			"__comment": "Chef-Hat-Outer89",
			"from": [ 2.5, 15, 2 ],
			"to": [ 13.5, 15.5, 2.5 ],
			"faces": {
				"up": { "uv": [ 2.5, 2, 13.5, 2.5 ], "texture": "#Outside" },
				"north": { "uv": [ 2.5, 0.5, 13.5, 1 ], "texture": "#Outside" },
				"west": { "uv": [ 2, 0.5, 2.5, 1 ], "texture": "#Outside" },
				"east": { "uv": [ 13.5, 0.5, 14, 1 ], "texture": "#Outside" }
			}
		},
		{
			"__comment": "Chef-Hat-Outer90",
			"from": [ 2.5, 15, 13.5 ],
			"to": [ 13.5, 15.5, 14 ],
			"faces": {
				"up": { "uv": [ 2.5, 13.5, 13.5, 14 ], "texture": "#Outside" },
				"south": { "uv": [ 2.5, 0.5, 13.5, 1 ], "texture": "#Outside" },
				"west": { "uv": [ 13.5, 0.5, 14, 1 ], "texture": "#Outside" },
				"east": { "uv": [ 2, 0.5, 2.5, 1 ], "texture": "#Outside" }
			}
		},
		{
			"__comment": "Chef-Hat-Outer91",
			"from": [ 2.5, 15.5, 2.5 ],
			"to": [ 13.5, 16, 3 ],
			"faces": {
				"up": { "uv": [ 2.5, 2.5, 13.5, 3 ], "texture": "#Outside", "cullface": "up" },
				"north": { "uv": [ 2.5, 0, 13.5, 0.5 ], "texture": "#Outside" },
				"west": { "uv": [ 2.5, 0, 3, 0.5 ], "texture": "#Outside" },
				"east": { "uv": [ 13, 0, 13.5, 0.5 ], "texture": "#Outside" }
			}
		},
		{
			"__comment": "Chef-Hat-Outer92",
			"from": [ 2.5, 15.5, 13 ],
			"to": [ 13.5, 16, 13.5 ],
			"faces": {
				"up": { "uv": [ 2.5, 13, 13.5, 13.5 ], "texture": "#Outside", "cullface": "up" },
				"south": { "uv": [ 2.5, 0, 13.5, 0.5 ], "texture": "#Outside" },
				"west": { "uv": [ 13, 0, 13.5, 0.5 ], "texture": "#Outside" },
				"east": { "uv": [ 2.5, 0, 3, 0.5 ], "texture": "#Outside" }
			}
		},
		{
			"__comment": "Chef-Hat-Outer93",
			"from": [ 3, 0, 3.5 ],
			"to": [ 13, 9.5, 4 ],
			"faces": {
				"down": { "uv": [ 3, 12, 13, 12.5 ], "texture": "#Outside", "cullface": "down" },
				"north": { "uv": [ 3, 6.5, 13, 16 ], "texture": "#Outside" },
				"west": { "uv": [ 3.5, 6.5, 4, 16 ], "texture": "#Outside" },
				"east": { "uv": [ 12, 6.5, 12.5, 16 ], "texture": "#Outside" }
			}
		},
		{
			"__comment": "Chef-Hat-Outer94",
			"from": [ 3, 0, 12 ],
			"to": [ 13, 9.5, 12.5 ],
			"faces": {
				"down": { "uv": [ 3, 3.5, 13, 4 ], "texture": "#Outside", "cullface": "down" },
				"north": { "uv": [ 3, 6.5, 13, 16 ], "texture": "#Outside" },
				"south": { "uv": [ 3, 6.5, 13, 16 ], "texture": "#Outside" },
				"west": { "uv": [ 12, 6.5, 12.5, 16 ], "texture": "#Outside" },
				"east": { "uv": [ 3.5, 6.5, 4, 16 ], "texture": "#Outside" }
			}
		},
		{
			"__comment": "Chef-Hat-Outer95",
			"from": [ 3, 9, 5 ],
			"to": [ 13.5, 9.5, 5.5 ],
			"faces": {
				"down": { "uv": [ 3, 10.5, 13.5, 11 ], "texture": "#Outside" },
				"east": { "uv": [ 10.5, 6.5, 11, 7 ], "texture": "#Outside" }
			}
		},
		{
			"__comment": "Chef-Hat-Outer96",
			"from": [ 3, 9, 10 ],
			"to": [ 14, 9.5, 10.5 ],
			"faces": {
				"down": { "uv": [ 3, 5.5, 14, 6 ], "texture": "#Outside" },
				"south": { "uv": [ 3, 6.5, 14, 7 ], "texture": "#Outside" },
				"east": { "uv": [ 5.5, 6.5, 6, 7 ], "texture": "#Outside" }
			}
		},
		{
			"__comment": "Chef-Hat-Outer97",
			"from": [ 3, 9.5, 3 ],
			"to": [ 13, 10, 3.5 ],
			"faces": {
				"down": { "uv": [ 3, 12.5, 13, 13 ], "texture": "#Outside" },
				"north": { "uv": [ 3, 6, 13, 6.5 ], "texture": "#Outside" },
				"west": { "uv": [ 3, 6, 3.5, 6.5 ], "texture": "#Outside" },
				"east": { "uv": [ 12.5, 6, 13, 6.5 ], "texture": "#Outside" }
			}
		},
		{
			"__comment": "Chef-Hat-Outer98",
			"from": [ 3, 9.5, 12.5 ],
			"to": [ 13, 10, 13 ],
			"faces": {
				"down": { "uv": [ 3, 3, 13, 3.5 ], "texture": "#Outside" },
				"south": { "uv": [ 3, 6, 13, 6.5 ], "texture": "#Outside" },
				"west": { "uv": [ 12.5, 6, 13, 6.5 ], "texture": "#Outside" },
				"east": { "uv": [ 3, 6, 3.5, 6.5 ], "texture": "#Outside" }
			}
		},
		{
			"__comment": "Chef-Hat-Outer99",
			"from": [ 3, 10, 2 ],
			"to": [ 13, 10.5, 2.5 ],
			"faces": {
				"down": { "uv": [ 3, 13.5, 13, 14 ], "texture": "#Outside" },
				"north": { "uv": [ 3, 5.5, 13, 6 ], "texture": "#Outside" },
				"west": { "uv": [ 2, 5.5, 2.5, 6 ], "texture": "#Outside" },
				"east": { "uv": [ 13.5, 5.5, 14, 6 ], "texture": "#Outside" }
			}
		},
		{
			"__comment": "Chef-Hat-Outer100",
			"from": [ 3, 10, 13.5 ],
			"to": [ 13, 10.5, 14 ],
			"faces": {
				"down": { "uv": [ 3, 2, 13, 2.5 ], "texture": "#Outside" },
				"south": { "uv": [ 3, 5.5, 13, 6 ], "texture": "#Outside" },
				"west": { "uv": [ 13.5, 5.5, 14, 6 ], "texture": "#Outside" },
				"east": { "uv": [ 2, 5.5, 2.5, 6 ], "texture": "#Outside" }
			}
		},
		{
			"__comment": "Chef-Hat-Outer101",
			"from": [ 3, 10.5, 1.5 ],
			"to": [ 13, 11, 2 ],
			"faces": {
				"down": { "uv": [ 3, 14, 13, 14.5 ], "texture": "#Outside" },
				"north": { "uv": [ 3, 5, 13, 5.5 ], "texture": "#Outside" },
				"west": { "uv": [ 1.5, 5, 2, 5.5 ], "texture": "#Outside" },
				"east": { "uv": [ 14, 5, 14.5, 5.5 ], "texture": "#Outside" }
			}
		},
		{
			"__comment": "Chef-Hat-Outer102",
			"from": [ 3, 10.5, 14 ],
			"to": [ 13, 11, 14.5 ],
			"faces": {
				"down": { "uv": [ 3, 1.5, 13, 2 ], "texture": "#Outside" },
				"south": { "uv": [ 3, 5, 13, 5.5 ], "texture": "#Outside" },
				"west": { "uv": [ 14, 5, 14.5, 5.5 ], "texture": "#Outside" },
				"east": { "uv": [ 1.5, 5, 2, 5.5 ], "texture": "#Outside" }
			}
		},
		{
			"__comment": "Chef-Hat-Outer103",
			"from": [ 3, 11, 1 ],
			"to": [ 13, 11.5, 1.5 ],
			"faces": {
				"down": { "uv": [ 3, 14.5, 13, 15 ], "texture": "#Outside" },
				"up": { "uv": [ 3, 1, 13, 1.5 ], "texture": "#Outside" },
				"north": { "uv": [ 3, 4.5, 13, 5 ], "texture": "#Outside" },
				"west": { "uv": [ 1, 4.5, 1.5, 5 ], "texture": "#Outside" },
				"east": { "uv": [ 14.5, 4.5, 15, 5 ], "texture": "#Outside" }
			}
		},
		{
			"__comment": "Chef-Hat-Outer104",
			"from": [ 3, 11, 14.5 ],
			"to": [ 13, 11.5, 15 ],
			"faces": {
				"down": { "uv": [ 3, 1, 13, 1.5 ], "texture": "#Outside" },
				"up": { "uv": [ 3, 14.5, 13, 15 ], "texture": "#Outside" },
				"south": { "uv": [ 3, 4.5, 13, 5 ], "texture": "#Outside" },
				"west": { "uv": [ 14.5, 4.5, 15, 5 ], "texture": "#Outside" },
				"east": { "uv": [ 1, 4.5, 1.5, 5 ], "texture": "#Outside" }
			}
		},
		{
			"__comment": "Chef-Hat-Outer105",
			"from": [ 3, 11.5, 1 ],
			"to": [ 3.5, 15, 1.5 ],
			"faces": {
				"up": { "uv": [ 3, 1, 3.5, 1.5 ], "texture": "#Outside" },
				"north": { "uv": [ 12.5, 1, 13, 4.5 ], "texture": "#Outside" },
				"west": { "uv": [ 1, 1, 1.5, 4.5 ], "texture": "#Outside" },
				"east": { "uv": [ 14.5, 1, 15, 4.5 ], "texture": "#Outside" }
			}
		},
		{
			"__comment": "Chef-Hat-Outer106",
			"from": [ 3, 11.5, 14.5 ],
			"to": [ 3.5, 15, 15 ],
			"faces": {
				"up": { "uv": [ 3, 14.5, 3.5, 15 ], "texture": "#Outside" },
				"south": { "uv": [ 3, 1, 3.5, 4.5 ], "texture": "#Outside" },
				"west": { "uv": [ 14.5, 1, 15, 4.5 ], "texture": "#Outside" },
				"east": { "uv": [ 1, 1, 1.5, 4.5 ], "texture": "#Outside" }
			}
		},
		{
			"__comment": "Chef-Hat-Outer107",
			"from": [ 3, 15, 1.5 ],
			"to": [ 13, 15.5, 2 ],
			"faces": {
				"down": { "uv": [ 3, 14, 13, 14.5 ], "texture": "#Outside" },
				"up": { "uv": [ 3, 1.5, 13, 2 ], "texture": "#Outside" },
				"north": { "uv": [ 3, 0.5, 13, 1 ], "texture": "#Outside" },
				"west": { "uv": [ 1.5, 0.5, 2, 1 ], "texture": "#Outside" },
				"east": { "uv": [ 14, 0.5, 14.5, 1 ], "texture": "#Outside" }
			}
		},
		{
			"__comment": "Chef-Hat-Outer108",
			"from": [ 3, 15, 14 ],
			"to": [ 13, 15.5, 14.5 ],
			"faces": {
				"down": { "uv": [ 3, 1.5, 13, 2 ], "texture": "#Outside" },
				"up": { "uv": [ 3, 14, 13, 14.5 ], "texture": "#Outside" },
				"south": { "uv": [ 3, 0.5, 13, 1 ], "texture": "#Outside" },
				"west": { "uv": [ 14, 0.5, 14.5, 1 ], "texture": "#Outside" },
				"east": { "uv": [ 1.5, 0.5, 2, 1 ], "texture": "#Outside" }
			}
		},
		{
			"__comment": "Chef-Hat-Outer109",
			"from": [ 3, 15.5, 2 ],
			"to": [ 13, 16, 2.5 ],
			"faces": {
				"up": { "uv": [ 3, 2, 13, 2.5 ], "texture": "#Outside", "cullface": "up" },
				"north": { "uv": [ 3, 0, 13, 0.5 ], "texture": "#Outside" },
				"west": { "uv": [ 2, 0, 2.5, 0.5 ], "texture": "#Outside" },
				"east": { "uv": [ 13.5, 0, 14, 0.5 ], "texture": "#Outside" }
			}
		},
		{
			"__comment": "Chef-Hat-Outer110",
			"from": [ 3, 15.5, 13.5 ],
			"to": [ 13, 16, 14 ],
			"faces": {
				"up": { "uv": [ 3, 13.5, 13, 14 ], "texture": "#Outside", "cullface": "up" },
				"south": { "uv": [ 3, 0, 13, 0.5 ], "texture": "#Outside" },
				"west": { "uv": [ 13.5, 0, 14, 0.5 ], "texture": "#Outside" },
				"east": { "uv": [ 2, 0, 2.5, 0.5 ], "texture": "#Outside" }
			}
		},
		{
			"__comment": "Chef-Hat-Outer111",
			"from": [ 3.5, 0, 3 ],
			"to": [ 12.5, 0.5, 3.5 ],
			"faces": {
				"down": { "uv": [ 3.5, 12.5, 12.5, 13 ], "texture": "#Outside", "cullface": "down" },
				"up": { "uv": [ 3.5, 3, 12.5, 3.5 ], "texture": "#Outside" },
				"north": { "uv": [ 3.5, 15.5, 12.5, 16 ], "texture": "#Outside" },
				"west": { "uv": [ 3, 15.5, 3.5, 16 ], "texture": "#Outside" },
				"east": { "uv": [ 12.5, 15.5, 13, 16 ], "texture": "#Outside" }
			}
		},
		{
			"__comment": "Chef-Hat-Outer112",
			"from": [ 3.5, 0, 12.5 ],
			"to": [ 12.5, 0.5, 13 ],
			"faces": {
				"down": { "uv": [ 3.5, 3, 12.5, 3.5 ], "texture": "#Outside", "cullface": "down" },
				"up": { "uv": [ 3.5, 12.5, 12.5, 13 ], "texture": "#Outside" },
				"south": { "uv": [ 3.5, 15.5, 12.5, 16 ], "texture": "#Outside" },
				"west": { "uv": [ 12.5, 15.5, 13, 16 ], "texture": "#Outside" },
				"east": { "uv": [ 3, 15.5, 3.5, 16 ], "texture": "#Outside" }
			}
		},
		{
			"__comment": "Chef-Hat-Outer113",
			"from": [ 3.5, 0.5, 3 ],
			"to": [ 4.5, 9.5, 3.5 ],
			"faces": {
				"north": { "uv": [ 11.5, 6.5, 12.5, 15.5 ], "texture": "#Outside" },
				"west": { "uv": [ 3, 6.5, 3.5, 15.5 ], "texture": "#Outside" },
				"east": { "uv": [ 12.5, 6.5, 13, 15.5 ], "texture": "#Outside" }
			}
		},
		{
			"__comment": "Chef-Hat-Outer114",
			"from": [ 3.5, 0.5, 4.5 ],
			"to": [ 12.5, 9, 5.5 ],
			"faces": {
				"up": { "uv": [ 3.5, 4.5, 12.5, 5.5 ], "texture": "#Outside" }
			}
		},
		{
			"__comment": "Chef-Hat-Outer115",
			"from": [ 3.5, 0.5, 6 ],
			"to": [ 12.5, 9, 10.5 ],
			"faces": {
				"up": { "uv": [ 3.5, 6, 12.5, 10.5 ], "texture": "#Outside" },
				"west": { "uv": [ 6, 7, 10.5, 15.5 ], "texture": "#Outside" },
				"east": { "uv": [ 5.5, 7, 10, 15.5 ], "texture": "#Outside" }
			}
		},
		{
			"__comment": "Chef-Hat-Outer116",
			"from": [ 3.5, 0.5, 12.5 ],
			"to": [ 4.5, 9.5, 13 ],
			"faces": {
				"south": { "uv": [ 3.5, 6.5, 4.5, 15.5 ], "texture": "#Outside" },
				"west": { "uv": [ 12.5, 6.5, 13, 15.5 ], "texture": "#Outside" },
				"east": { "uv": [ 3, 6.5, 3.5, 15.5 ], "texture": "#Outside" }
			}
		},
		{
			"__comment": "Chef-Hat-Outer117",
			"from": [ 3.5, 9.5, 2.5 ],
			"to": [ 12.5, 10, 3 ],
			"faces": {
				"down": { "uv": [ 3.5, 13, 12.5, 13.5 ], "texture": "#Outside" },
				"north": { "uv": [ 3.5, 6, 12.5, 6.5 ], "texture": "#Outside" },
				"west": { "uv": [ 2.5, 6, 3, 6.5 ], "texture": "#Outside" },
				"east": { "uv": [ 13, 6, 13.5, 6.5 ], "texture": "#Outside" }
			}
		},
		{
			"__comment": "Chef-Hat-Outer118",
			"from": [ 3.5, 9.5, 13 ],
			"to": [ 12.5, 10, 13.5 ],
			"faces": {
				"down": { "uv": [ 3.5, 2.5, 12.5, 3 ], "texture": "#Outside" },
				"south": { "uv": [ 3.5, 6, 12.5, 6.5 ], "texture": "#Outside" },
				"west": { "uv": [ 13, 6, 13.5, 6.5 ], "texture": "#Outside" },
				"east": { "uv": [ 2.5, 6, 3, 6.5 ], "texture": "#Outside" }
			}
		},
		{
			"__comment": "Chef-Hat-Outer119",
			"from": [ 3.5, 14.5, 1 ],
			"to": [ 13, 15, 2 ],
			"faces": {
				"down": { "uv": [ 3.5, 14, 13, 15 ], "texture": "#Outside" },
				"up": { "uv": [ 3.5, 1, 13, 2 ], "texture": "#Outside" },
				"north": { "uv": [ 3, 1, 12.5, 1.5 ], "texture": "#Outside" },
				"west": { "uv": [ 1, 1, 2, 1.5 ], "texture": "#Outside" },
				"east": { "uv": [ 14, 1, 15, 1.5 ], "texture": "#Outside" }
			}
		},
		{
			"__comment": "Chef-Hat-Outer120",
			"from": [ 3.5, 14.5, 14 ],
			"to": [ 13.5, 15, 14.5 ],
			"faces": {
				"down": { "uv": [ 3.5, 1.5, 13.5, 2 ], "texture": "#Outside" },
				"up": { "uv": [ 3.5, 14, 13.5, 14.5 ], "texture": "#Outside" },
				"south": { "uv": [ 3.5, 1, 13.5, 1.5 ], "texture": "#Outside" },
				"east": { "uv": [ 1.5, 1, 2, 1.5 ], "texture": "#Outside" }
			}
		},
		{
			"__comment": "Chef-Hat-Outer121",
			"from": [ 3.5, 14.5, 14.5 ],
			"to": [ 13, 15, 15 ],
			"faces": {
				"down": { "uv": [ 3.5, 1, 13, 1.5 ], "texture": "#Outside" },
				"up": { "uv": [ 3.5, 14.5, 13, 15 ], "texture": "#Outside" },
				"south": { "uv": [ 3.5, 1, 13, 1.5 ], "texture": "#Outside" },
				"east": { "uv": [ 1, 1, 1.5, 1.5 ], "texture": "#Outside" }
			}
		},
		{
			"__comment": "Chef-Hat-Outer122",
			"from": [ 4, 0, 2.5 ],
			"to": [ 12, 0.5, 3 ],
			"faces": {
				"down": { "uv": [ 4, 13, 12, 13.5 ], "texture": "#Outside", "cullface": "down" },
				"up": { "uv": [ 4, 2.5, 12, 3 ], "texture": "#Outside" },
				"north": { "uv": [ 4, 15.5, 12, 16 ], "texture": "#Outside" },
				"west": { "uv": [ 2.5, 15.5, 3, 16 ], "texture": "#Outside" },
				"east": { "uv": [ 13, 15.5, 13.5, 16 ], "texture": "#Outside" }
			}
		},
		{
			"__comment": "Chef-Hat-Outer123",
			"from": [ 4, 0, 13 ],
			"to": [ 12, 0.5, 13.5 ],
			"faces": {
				"down": { "uv": [ 4, 2.5, 12, 3 ], "texture": "#Outside", "cullface": "down" },
				"up": { "uv": [ 4, 13, 12, 13.5 ], "texture": "#Outside" },
				"south": { "uv": [ 4, 15.5, 12, 16 ], "texture": "#Outside" },
				"west": { "uv": [ 13, 15.5, 13.5, 16 ], "texture": "#Outside" },
				"east": { "uv": [ 2.5, 15.5, 3, 16 ], "texture": "#Outside" }
			}
		},
		{
			"__comment": "Chef-Hat-Outer124",
			"from": [ 4, 0.5, 2.5 ],
			"to": [ 4.5, 9.5, 3 ],
			"faces": {
				"north": { "uv": [ 11.5, 6.5, 12, 15.5 ], "texture": "#Outside" },
				"west": { "uv": [ 2.5, 6.5, 3, 15.5 ], "texture": "#Outside" },
				"east": { "uv": [ 13, 6.5, 13.5, 15.5 ], "texture": "#Outside" }
			}
		},
		{
			"__comment": "Chef-Hat-Outer125",
			"from": [ 4, 0.5, 13 ],
			"to": [ 4.5, 9.5, 13.5 ],
			"faces": {
				"south": { "uv": [ 4, 6.5, 4.5, 15.5 ], "texture": "#Outside" },
				"west": { "uv": [ 13, 6.5, 13.5, 15.5 ], "texture": "#Outside" },
				"east": { "uv": [ 2.5, 6.5, 3, 15.5 ], "texture": "#Outside" }
			}
		},
		{
			"__comment": "Chef-Hat-Outer126",
			"from": [ 4, 9.5, 2 ],
			"to": [ 12, 10, 2.5 ],
			"faces": {
				"down": { "uv": [ 4, 13.5, 12, 14 ], "texture": "#Outside" },
				"north": { "uv": [ 4, 6, 12, 6.5 ], "texture": "#Outside" },
				"west": { "uv": [ 2, 6, 2.5, 6.5 ], "texture": "#Outside" },
				"east": { "uv": [ 13.5, 6, 14, 6.5 ], "texture": "#Outside" }
			}
		},
		{
			"__comment": "Chef-Hat-Outer127",
			"from": [ 4, 9.5, 13.5 ],
			"to": [ 12, 10, 14 ],
			"faces": {
				"down": { "uv": [ 4, 2, 12, 2.5 ], "texture": "#Outside" },
				"south": { "uv": [ 4, 6, 12, 6.5 ], "texture": "#Outside" },
				"west": { "uv": [ 13.5, 6, 14, 6.5 ], "texture": "#Outside" },
				"east": { "uv": [ 2, 6, 2.5, 6.5 ], "texture": "#Outside" }
			}
		},
		{
			"__comment": "Chef-Hat-Outer128",
			"from": [ 4, 10, 1.5 ],
			"to": [ 12, 10.5, 2 ],
			"faces": {
				"down": { "uv": [ 4, 14, 12, 14.5 ], "texture": "#Outside" },
				"north": { "uv": [ 4, 5.5, 12, 6 ], "texture": "#Outside" },
				"west": { "uv": [ 1.5, 5.5, 2, 6 ], "texture": "#Outside" },
				"east": { "uv": [ 14, 5.5, 14.5, 6 ], "texture": "#Outside" }
			}
		},
		{
			"__comment": "Chef-Hat-Outer129",
			"from": [ 4, 10, 14 ],
			"to": [ 12, 10.5, 14.5 ],
			"faces": {
				"down": { "uv": [ 4, 1.5, 12, 2 ], "texture": "#Outside" },
				"south": { "uv": [ 4, 5.5, 12, 6 ], "texture": "#Outside" },
				"west": { "uv": [ 14, 5.5, 14.5, 6 ], "texture": "#Outside" },
				"east": { "uv": [ 1.5, 5.5, 2, 6 ], "texture": "#Outside" }
			}
		},
		{
			"__comment": "Chef-Hat-Outer130",
			"from": [ 4, 10.5, 1 ],
			"to": [ 12, 11, 1.5 ],
			"faces": {
				"down": { "uv": [ 4, 14.5, 12, 15 ], "texture": "#Outside" },
				"north": { "uv": [ 4, 5, 12, 5.5 ], "texture": "#Outside" },
				"west": { "uv": [ 1, 5, 1.5, 5.5 ], "texture": "#Outside" },
				"east": { "uv": [ 14.5, 5, 15, 5.5 ], "texture": "#Outside" }
			}
		},
		{
			"__comment": "Chef-Hat-Outer131",
			"from": [ 4, 10.5, 14.5 ],
			"to": [ 12, 11, 15 ],
			"faces": {
				"down": { "uv": [ 4, 1, 12, 1.5 ], "texture": "#Outside" },
				"south": { "uv": [ 4, 5, 12, 5.5 ], "texture": "#Outside" },
				"west": { "uv": [ 14.5, 5, 15, 5.5 ], "texture": "#Outside" },
				"east": { "uv": [ 1, 5, 1.5, 5.5 ], "texture": "#Outside" }
			}
		},
		{
			"__comment": "Chef-Hat-Outer132",
			"from": [ 4, 11, 0.5 ],
			"to": [ 12, 11.5, 1 ],
			"faces": {
				"down": { "uv": [ 4, 15, 12, 15.5 ], "texture": "#Outside" },
				"up": { "uv": [ 4, 0.5, 12, 1 ], "texture": "#Outside" },
				"north": { "uv": [ 4, 4.5, 12, 5 ], "texture": "#Outside" },
				"west": { "uv": [ 0.5, 4.5, 1, 5 ], "texture": "#Outside" },
				"east": { "uv": [ 15, 4.5, 15.5, 5 ], "texture": "#Outside" }
			}
		},
		{
			"__comment": "Chef-Hat-Outer133",
			"from": [ 4, 11, 15 ],
			"to": [ 12, 11.5, 15.5 ],
			"faces": {
				"down": { "uv": [ 4, 0.5, 12, 1 ], "texture": "#Outside" },
				"up": { "uv": [ 4, 15, 12, 15.5 ], "texture": "#Outside" },
				"south": { "uv": [ 4, 4.5, 12, 5 ], "texture": "#Outside" },
				"west": { "uv": [ 15, 4.5, 15.5, 5 ], "texture": "#Outside" },
				"east": { "uv": [ 0.5, 4.5, 1, 5 ], "texture": "#Outside" }
			}
		},
		{
			"__comment": "Chef-Hat-Outer134",
			"from": [ 4, 11.5, 0.5 ],
			"to": [ 4.5, 15, 1 ],
			"faces": {
				"up": { "uv": [ 4, 0.5, 4.5, 1 ], "texture": "#Outside" },
				"north": { "uv": [ 11.5, 1, 12, 4.5 ], "texture": "#Outside" },
				"south": { "uv": [ 4, 1, 4.5, 4.5 ], "texture": "#Outside" },
				"west": { "uv": [ 0.5, 1, 1, 4.5 ], "texture": "#Outside" },
				"east": { "uv": [ 15, 1, 15.5, 4.5 ], "texture": "#Outside" }
			}
		},
		{
			"__comment": "Chef-Hat-Outer135",
			"from": [ 4, 11.5, 1 ],
			"to": [ 4.5, 14.5, 2 ],
			"faces": {
				"down": { "uv": [ 4, 14, 4.5, 15 ], "texture": "#Outside" },
				"west": { "uv": [ 1, 1.5, 2, 4.5 ], "texture": "#Outside" },
				"east": { "uv": [ 14, 1.5, 15, 4.5 ], "texture": "#Outside" }
			}
		},
		{
			"__comment": "Chef-Hat-Outer136",
			"from": [ 4, 11.5, 14 ],
			"to": [ 12, 14.5, 14.5 ],
			"faces": {
				"south": { "uv": [ 4, 1.5, 12, 4.5 ], "texture": "#Outside" }
			}
		},
		{
			"__comment": "Chef-Hat-Outer137",
			"from": [ 4, 11.5, 14.5 ],
			"to": [ 4.5, 14.5, 15.5 ],
			"faces": {
				"down": { "uv": [ 4, 0.5, 4.5, 1.5 ], "texture": "#Outside" },
				"up": { "uv": [ 4, 14.5, 4.5, 15.5 ], "texture": "#Outside" },
				"south": { "uv": [ 4, 1.5, 4.5, 4.5 ], "texture": "#Outside" },
				"west": { "uv": [ 14.5, 1.5, 15.5, 4.5 ], "texture": "#Outside" },
				"east": { "uv": [ 0.5, 1.5, 1.5, 4.5 ], "texture": "#Outside" }
			}
		},
		{
			"__comment": "Chef-Hat-Outer138",
			"from": [ 4, 14.5, 15 ],
			"to": [ 12, 15, 15.5 ],
			"faces": {
				"down": { "uv": [ 4, 0.5, 12, 1 ], "texture": "#Outside" },
				"up": { "uv": [ 4, 15, 12, 15.5 ], "texture": "#Outside" },
				"south": { "uv": [ 4, 1, 12, 1.5 ], "texture": "#Outside" },
				"west": { "uv": [ 15, 1, 15.5, 1.5 ], "texture": "#Outside" },
				"east": { "uv": [ 0.5, 1, 1, 1.5 ], "texture": "#Outside" }
			}
		},
		{
			"__comment": "Chef-Hat-Outer139",
			"from": [ 4, 15, 1 ],
			"to": [ 12, 15.5, 1.5 ],
			"faces": {
				"up": { "uv": [ 4, 1, 12, 1.5 ], "texture": "#Outside" },
				"north": { "uv": [ 4, 0.5, 12, 1 ], "texture": "#Outside" },
				"west": { "uv": [ 1, 0.5, 1.5, 1 ], "texture": "#Outside" },
				"east": { "uv": [ 14.5, 0.5, 15, 1 ], "texture": "#Outside" }
			}
		},
		{
			"__comment": "Chef-Hat-Outer140",
			"from": [ 4, 15, 14.5 ],
			"to": [ 12, 15.5, 15 ],
			"faces": {
				"up": { "uv": [ 4, 14.5, 12, 15 ], "texture": "#Outside" },
				"south": { "uv": [ 4, 0.5, 12, 1 ], "texture": "#Outside" },
				"west": { "uv": [ 14.5, 0.5, 15, 1 ], "texture": "#Outside" },
				"east": { "uv": [ 1, 0.5, 1.5, 1 ], "texture": "#Outside" }
			}
		},
		{
			"__comment": "Chef-Hat-Outer141",
			"from": [ 4, 15.5, 1.5 ],
			"to": [ 12, 16, 2 ],
			"faces": {
				"up": { "uv": [ 4, 1.5, 12, 2 ], "texture": "#Outside", "cullface": "up" },
				"north": { "uv": [ 4, 0, 12, 0.5 ], "texture": "#Outside" },
				"west": { "uv": [ 1.5, 0, 2, 0.5 ], "texture": "#Outside" },
				"east": { "uv": [ 14, 0, 14.5, 0.5 ], "texture": "#Outside" }
			}
		},
		{
			"__comment": "Chef-Hat-Outer142",
			"from": [ 4, 15.5, 14 ],
			"to": [ 12, 16, 14.5 ],
			"faces": {
				"up": { "uv": [ 4, 14, 12, 14.5 ], "texture": "#Outside", "cullface": "up" },
				"south": { "uv": [ 4, 0, 12, 0.5 ], "texture": "#Outside" },
				"west": { "uv": [ 14, 0, 14.5, 0.5 ], "texture": "#Outside" },
				"east": { "uv": [ 1.5, 0, 2, 0.5 ], "texture": "#Outside" }
			}
		},
		{
			"__comment": "Chef-Hat-Outer143",
			"from": [ 4.5, 9, 2.5 ],
			"to": [ 12, 9.5, 3.5 ],
			"faces": {
				"down": { "uv": [ 4.5, 12.5, 12, 13.5 ], "texture": "#Outside" },
				"up": { "uv": [ 4.5, 2.5, 12, 3.5 ], "texture": "#Outside" },
				"north": { "uv": [ 4, 6.5, 11.5, 7 ], "texture": "#Outside" },
				"west": { "uv": [ 2.5, 6.5, 3.5, 7 ], "texture": "#Outside" },
				"east": { "uv": [ 12.5, 6.5, 13.5, 7 ], "texture": "#Outside" }
			}
		},
		{
			"__comment": "Chef-Hat-Outer144",
			"from": [ 4.5, 9, 12.5 ],
			"to": [ 12.5, 9.5, 13 ],
			"faces": {
				"down": { "uv": [ 4.5, 3, 12.5, 3.5 ], "texture": "#Outside" },
				"south": { "uv": [ 4.5, 6.5, 12.5, 7 ], "texture": "#Outside" },
				"east": { "uv": [ 3, 6.5, 3.5, 7 ], "texture": "#Outside" }
			}
		},
		{
			"__comment": "Chef-Hat-Outer145",
			"from": [ 4.5, 9, 13 ],
			"to": [ 12, 9.5, 13.5 ],
			"faces": {
				"down": { "uv": [ 4.5, 2.5, 12, 3 ], "texture": "#Outside" },
				"south": { "uv": [ 4.5, 6.5, 12, 7 ], "texture": "#Outside" },
				"east": { "uv": [ 2.5, 6.5, 3, 7 ], "texture": "#Outside" }
			}
		},
		{
			"__comment": "Chef-Hat-Outer146",
			"from": [ 4.5, 11.5, 1.5 ],
			"to": [ 12, 14.5, 2 ],
			"faces": {
				"north": { "uv": [ 4, 1.5, 11.5, 4.5 ], "texture": "#Outside" }
			}
		},
		{
			"__comment": "Chef-Hat-Outer147",
			"from": [ 4.5, 14.5, 0.5 ],
			"to": [ 12, 15, 1 ],
			"faces": {
				"down": { "uv": [ 4.5, 15, 12, 15.5 ], "texture": "#Outside" },
				"up": { "uv": [ 4.5, 0.5, 12, 1 ], "texture": "#Outside" },
				"north": { "uv": [ 4, 1, 11.5, 1.5 ], "texture": "#Outside" },
				"east": { "uv": [ 15, 1, 15.5, 1.5 ], "texture": "#Outside" }
			}
		},
		{
			"__comment": "Chef-Hat-Outer148",
			"from": [ 5, 0.5, 2.5 ],
			"to": [ 6, 9, 3 ],
			"faces": {
				"north": { "uv": [ 10, 7, 11, 15.5 ], "texture": "#Outside" },
				"west": { "uv": [ 2.5, 7, 3, 15.5 ], "texture": "#Outside" }
			}
		},
		{
			"__comment": "Chef-Hat-Outer149",
			"from": [ 5, 0.5, 13 ],
			"to": [ 6, 9, 13.5 ],
			"faces": {
				"south": { "uv": [ 5, 7, 6, 15.5 ], "texture": "#Outside" },
				"west": { "uv": [ 13, 7, 13.5, 15.5 ], "texture": "#Outside" }
			}
		},
		{
			"__comment": "Chef-Hat-Outer150",
			"from": [ 5, 10, 1 ],
			"to": [ 11, 10.5, 1.5 ],
			"faces": {
				"down": { "uv": [ 5, 14.5, 11, 15 ], "texture": "#Outside" },
				"north": { "uv": [ 5, 5.5, 11, 6 ], "texture": "#Outside" },
				"west": { "uv": [ 1, 5.5, 1.5, 6 ], "texture": "#Outside" },
				"east": { "uv": [ 14.5, 5.5, 15, 6 ], "texture": "#Outside" }
			}
		},
		{
			"__comment": "Chef-Hat-Outer151",
			"from": [ 5, 10, 14.5 ],
			"to": [ 11, 10.5, 15 ],
			"faces": {
				"down": { "uv": [ 5, 1, 11, 1.5 ], "texture": "#Outside" },
				"south": { "uv": [ 5, 5.5, 11, 6 ], "texture": "#Outside" },
				"west": { "uv": [ 14.5, 5.5, 15, 6 ], "texture": "#Outside" },
				"east": { "uv": [ 1, 5.5, 1.5, 6 ], "texture": "#Outside" }
			}
		},
		{
			"__comment": "Chef-Hat-Outer152",
			"from": [ 5, 10.5, 0.5 ],
			"to": [ 11, 11, 1 ],
			"faces": {
				"down": { "uv": [ 5, 15, 11, 15.5 ], "texture": "#Outside" },
				"north": { "uv": [ 5, 5, 11, 5.5 ], "texture": "#Outside" },
				"west": { "uv": [ 0.5, 5, 1, 5.5 ], "texture": "#Outside" },
				"east": { "uv": [ 15, 5, 15.5, 5.5 ], "texture": "#Outside" }
			}
		},
		{
			"__comment": "Chef-Hat-Outer153",
			"from": [ 5, 10.5, 15 ],
			"to": [ 11, 11, 15.5 ],
			"faces": {
				"down": { "uv": [ 5, 0.5, 11, 1 ], "texture": "#Outside" },
				"south": { "uv": [ 5, 5, 11, 5.5 ], "texture": "#Outside" },
				"west": { "uv": [ 15, 5, 15.5, 5.5 ], "texture": "#Outside" },
				"east": { "uv": [ 0.5, 5, 1, 5.5 ], "texture": "#Outside" }
			}
		},
		{
			"__comment": "Chef-Hat-Outer154",
			"from": [ 5, 11, 0 ],
			"to": [ 11, 11.5, 0.5 ],
			"faces": {
				"down": { "uv": [ 5, 15.5, 11, 16 ], "texture": "#Outside" },
				"up": { "uv": [ 5, 0, 11, 0.5 ], "texture": "#Outside" },
				"north": { "uv": [ 5, 4.5, 11, 5 ], "texture": "#Outside", "cullface": "north" },
				"west": { "uv": [ 0, 4.5, 0.5, 5 ], "texture": "#Outside" },
				"east": { "uv": [ 15.5, 4.5, 16, 5 ], "texture": "#Outside" }
			}
		},
		{
			"__comment": "Chef-Hat-Outer155",
			"from": [ 5, 11, 15.5 ],
			"to": [ 11, 11.5, 16 ],
			"faces": {
				"down": { "uv": [ 5, 0, 11, 0.5 ], "texture": "#Outside" },
				"up": { "uv": [ 5, 15.5, 11, 16 ], "texture": "#Outside" },
				"south": { "uv": [ 5, 4.5, 11, 5 ], "texture": "#Outside", "cullface": "south" },
				"west": { "uv": [ 15.5, 4.5, 16, 5 ], "texture": "#Outside" },
				"east": { "uv": [ 0, 4.5, 0.5, 5 ], "texture": "#Outside" }
			}
		},
		{
			"__comment": "Chef-Hat-Outer156",
			"from": [ 5, 11.5, 0 ],
			"to": [ 5.5, 15, 0.5 ],
			"faces": {
				"up": { "uv": [ 5, 0, 5.5, 0.5 ], "texture": "#Outside" },
				"north": { "uv": [ 10.5, 1, 11, 4.5 ], "texture": "#Outside", "cullface": "north" },
				"south": { "uv": [ 5, 1, 5.5, 4.5 ], "texture": "#Outside" },
				"west": { "uv": [ 0, 1, 0.5, 4.5 ], "texture": "#Outside" },
				"east": { "uv": [ 15.5, 1, 16, 4.5 ], "texture": "#Outside" }
			}
		},
		{
			"__comment": "Chef-Hat-Outer157",
			"from": [ 5, 11.5, 0.5 ],
			"to": [ 5.5, 14.5, 1.5 ],
			"faces": {
				"down": { "uv": [ 5, 14.5, 5.5, 15.5 ], "texture": "#Outside" },
				"up": { "uv": [ 5, 0.5, 5.5, 1.5 ], "texture": "#Outside" },
				"west": { "uv": [ 0.5, 1.5, 1.5, 4.5 ], "texture": "#Outside" },
				"east": { "uv": [ 14.5, 1.5, 15.5, 4.5 ], "texture": "#Outside" }
			}
		},
		{
			"__comment": "Chef-Hat-Outer158",
			"from": [ 5, 11.5, 14.5 ],
			"to": [ 11, 14.5, 15 ],
			"faces": {
				"south": { "uv": [ 5, 1.5, 11, 4.5 ], "texture": "#Outside" }
			}
		},
		{
			"__comment": "Chef-Hat-Outer159",
			"from": [ 5, 11.5, 15 ],
			"to": [ 5.5, 14.5, 16 ],
			"faces": {
				"down": { "uv": [ 5, 0, 5.5, 1 ], "texture": "#Outside" },
				"up": { "uv": [ 5, 15, 5.5, 16 ], "texture": "#Outside" },
				"south": { "uv": [ 5, 1.5, 5.5, 4.5 ], "texture": "#Outside", "cullface": "south" },
				"west": { "uv": [ 15, 1.5, 16, 4.5 ], "texture": "#Outside" },
				"east": { "uv": [ 0, 1.5, 1, 4.5 ], "texture": "#Outside" }
			}
		},
		{
			"__comment": "Chef-Hat-Outer160",
			"from": [ 5, 14.5, 15.5 ],
			"to": [ 11, 15, 16 ],
			"faces": {
				"down": { "uv": [ 5, 0, 11, 0.5 ], "texture": "#Outside" },
				"up": { "uv": [ 5, 15.5, 11, 16 ], "texture": "#Outside" },
				"south": { "uv": [ 5, 1, 11, 1.5 ], "texture": "#Outside", "cullface": "south" },
				"west": { "uv": [ 15.5, 1, 16, 1.5 ], "texture": "#Outside" },
				"east": { "uv": [ 0, 1, 0.5, 1.5 ], "texture": "#Outside" }
			}
		},
		{
			"__comment": "Chef-Hat-Outer161",
			"from": [ 5, 15, 0.5 ],
			"to": [ 11, 15.5, 1 ],
			"faces": {
				"up": { "uv": [ 5, 0.5, 11, 1 ], "texture": "#Outside" },
				"north": { "uv": [ 5, 0.5, 11, 1 ], "texture": "#Outside" },
				"west": { "uv": [ 0.5, 0.5, 1, 1 ], "texture": "#Outside" },
				"east": { "uv": [ 15, 0.5, 15.5, 1 ], "texture": "#Outside" }
			}
		},
		{
			"__comment": "Chef-Hat-Outer162",
			"from": [ 5, 15, 15 ],
			"to": [ 11, 15.5, 15.5 ],
			"faces": {
				"up": { "uv": [ 5, 15, 11, 15.5 ], "texture": "#Outside" },
				"south": { "uv": [ 5, 0.5, 11, 1 ], "texture": "#Outside" },
				"west": { "uv": [ 15, 0.5, 15.5, 1 ], "texture": "#Outside" },
				"east": { "uv": [ 0.5, 0.5, 1, 1 ], "texture": "#Outside" }
			}
		},
		{
			"__comment": "Chef-Hat-Outer163",
			"from": [ 5, 15.5, 1 ],
			"to": [ 11, 16, 1.5 ],
			"faces": {
				"up": { "uv": [ 5, 1, 11, 1.5 ], "texture": "#Outside", "cullface": "up" },
				"north": { "uv": [ 5, 0, 11, 0.5 ], "texture": "#Outside" },
				"west": { "uv": [ 1, 0, 1.5, 0.5 ], "texture": "#Outside" },
				"east": { "uv": [ 14.5, 0, 15, 0.5 ], "texture": "#Outside" }
			}
		},
		{
			"__comment": "Chef-Hat-Outer164",
			"from": [ 5, 15.5, 14.5 ],
			"to": [ 11, 16, 15 ],
			"faces": {
				"up": { "uv": [ 5, 14.5, 11, 15 ], "texture": "#Outside", "cullface": "up" },
				"south": { "uv": [ 5, 0, 11, 0.5 ], "texture": "#Outside" },
				"west": { "uv": [ 14.5, 0, 15, 0.5 ], "texture": "#Outside" },
				"east": { "uv": [ 1, 0, 1.5, 0.5 ], "texture": "#Outside" }
			}
		},
		{
			"__comment": "Chef-Hat-Outer165",
			"from": [ 5.5, 0, 2 ],
			"to": [ 10.5, 0.5, 2.5 ],
			"faces": {
				"down": { "uv": [ 5.5, 13.5, 10.5, 14 ], "texture": "#Outside", "cullface": "down" },
				"up": { "uv": [ 5.5, 2, 10.5, 2.5 ], "texture": "#Outside" },
				"north": { "uv": [ 5.5, 15.5, 10.5, 16 ], "texture": "#Outside" },
				"west": { "uv": [ 2, 15.5, 2.5, 16 ], "texture": "#Outside" },
				"east": { "uv": [ 13.5, 15.5, 14, 16 ], "texture": "#Outside" }
			}
		},
		{
			"__comment": "Chef-Hat-Outer166",
			"from": [ 5.5, 0, 13.5 ],
			"to": [ 10.5, 0.5, 14 ],
			"faces": {
				"down": { "uv": [ 5.5, 2, 10.5, 2.5 ], "texture": "#Outside", "cullface": "down" },
				"up": { "uv": [ 5.5, 13.5, 10.5, 14 ], "texture": "#Outside" },
				"south": { "uv": [ 5.5, 15.5, 10.5, 16 ], "texture": "#Outside" },
				"west": { "uv": [ 13.5, 15.5, 14, 16 ], "texture": "#Outside" },
				"east": { "uv": [ 2, 15.5, 2.5, 16 ], "texture": "#Outside" }
			}
		},
		{
			"__comment": "Chef-Hat-Outer167",
			"from": [ 5.5, 0.5, 2 ],
			"to": [ 6, 9.5, 2.5 ],
			"faces": {
				"north": { "uv": [ 10, 6.5, 10.5, 15.5 ], "texture": "#Outside" },
				"south": { "uv": [ 5.5, 6.5, 6, 15.5 ], "texture": "#Outside" },
				"west": { "uv": [ 2, 6.5, 2.5, 15.5 ], "texture": "#Outside" },
				"east": { "uv": [ 13.5, 6.5, 14, 15.5 ], "texture": "#Outside" }
			}
		},
		{
			"__comment": "Chef-Hat-Outer168",
			"from": [ 5.5, 0.5, 13.5 ],
			"to": [ 6, 9.5, 14 ],
			"faces": {
				"north": { "uv": [ 10, 6.5, 10.5, 15.5 ], "texture": "#Outside" },
				"south": { "uv": [ 5.5, 6.5, 6, 15.5 ], "texture": "#Outside" },
				"west": { "uv": [ 13.5, 6.5, 14, 15.5 ], "texture": "#Outside" },
				"east": { "uv": [ 2, 6.5, 2.5, 15.5 ], "texture": "#Outside" }
			}
		},
		{
			"__comment": "Chef-Hat-Outer169",
			"from": [ 5.5, 9.5, 1.5 ],
			"to": [ 10.5, 10, 2 ],
			"faces": {
				"down": { "uv": [ 5.5, 14, 10.5, 14.5 ], "texture": "#Outside" },
				"north": { "uv": [ 5.5, 6, 10.5, 6.5 ], "texture": "#Outside" },
				"west": { "uv": [ 1.5, 6, 2, 6.5 ], "texture": "#Outside" },
				"east": { "uv": [ 14, 6, 14.5, 6.5 ], "texture": "#Outside" }
			}
		},
		{
			"__comment": "Chef-Hat-Outer170",
			"from": [ 5.5, 9.5, 14 ],
			"to": [ 10.5, 10, 14.5 ],
			"faces": {
				"down": { "uv": [ 5.5, 1.5, 10.5, 2 ], "texture": "#Outside" },
				"south": { "uv": [ 5.5, 6, 10.5, 6.5 ], "texture": "#Outside" },
				"west": { "uv": [ 14, 6, 14.5, 6.5 ], "texture": "#Outside" },
				"east": { "uv": [ 1.5, 6, 2, 6.5 ], "texture": "#Outside" }
			}
		},
		{
			"__comment": "Chef-Hat-Outer171",
			"from": [ 5.5, 11.5, 1 ],
			"to": [ 11, 14.5, 1.5 ],
			"faces": {
				"north": { "uv": [ 5, 1.5, 10.5, 4.5 ], "texture": "#Outside" }
			}
		},
		{
			"__comment": "Chef-Hat-Outer172",
			"from": [ 5.5, 14.5, 0 ],
			"to": [ 11, 15, 0.5 ],
			"faces": {
				"down": { "uv": [ 5.5, 15.5, 11, 16 ], "texture": "#Outside" },
				"up": { "uv": [ 5.5, 0, 11, 0.5 ], "texture": "#Outside" },
				"north": { "uv": [ 5, 1, 10.5, 1.5 ], "texture": "#Outside", "cullface": "north" },
				"east": { "uv": [ 15.5, 1, 16, 1.5 ], "texture": "#Outside" }
			}
		},
		{
			"__comment": "Chef-Hat-Outer173",
			"from": [ 6, 9, 2 ],
			"to": [ 10.5, 9.5, 2.5 ],
			"faces": {
				"down": { "uv": [ 6, 13.5, 10.5, 14 ], "texture": "#Outside" },
				"north": { "uv": [ 5.5, 6.5, 10, 7 ], "texture": "#Outside" },
				"east": { "uv": [ 13.5, 6.5, 14, 7 ], "texture": "#Outside" }
			}
		},
		{
			"__comment": "Chef-Hat-Outer174",
			"from": [ 6, 9, 13.5 ],
			"to": [ 10.5, 9.5, 14 ],
			"faces": {
				"down": { "uv": [ 6, 2, 10.5, 2.5 ], "texture": "#Outside" },
				"south": { "uv": [ 6, 6.5, 10.5, 7 ], "texture": "#Outside" },
				"east": { "uv": [ 2, 6.5, 2.5, 7 ], "texture": "#Outside" }
			}
		},
		{
			"__comment": "Chef-Hat-Outer175",
			"from": [ 6, 11.5, 0 ],
			"to": [ 6.5, 14.5, 0.5 ],
			"faces": {
				"north": { "uv": [ 9.5, 1.5, 10, 4.5 ], "texture": "#Outside", "cullface": "north" },
				"west": { "uv": [ 0, 1.5, 0.5, 4.5 ], "texture": "#Outside" },
				"east": { "uv": [ 15.5, 1.5, 16, 4.5 ], "texture": "#Outside" }
			}
		},
		{
			"__comment": "Chef-Hat-Outer176",
			"from": [ 6, 11.5, 15.5 ],
			"to": [ 6.5, 14.5, 16 ],
			"faces": {
				"south": { "uv": [ 6, 1.5, 6.5, 4.5 ], "texture": "#Outside", "cullface": "south" },
				"west": { "uv": [ 15.5, 1.5, 16, 4.5 ], "texture": "#Outside" },
				"east": { "uv": [ 0, 1.5, 0.5, 4.5 ], "texture": "#Outside" }
			}
		},
		{
			"__comment": "Chef-Hat-Outer177",
			"from": [ 7, 0.5, 2 ],
			"to": [ 7.5, 9, 2.5 ],
			"faces": {
				"north": { "uv": [ 8.5, 7, 9, 15.5 ], "texture": "#Outside" },
				"west": { "uv": [ 2, 7, 2.5, 15.5 ], "texture": "#Outside" },
				"east": { "uv": [ 13.5, 7, 14, 15.5 ], "texture": "#Outside" }
			}
		},
		{
			"__comment": "Chef-Hat-Outer178",
			"from": [ 7, 0.5, 13.5 ],
			"to": [ 7.5, 9, 14 ],
			"faces": {
				"south": { "uv": [ 7, 7, 7.5, 15.5 ], "texture": "#Outside" },
				"west": { "uv": [ 13.5, 7, 14, 15.5 ], "texture": "#Outside" },
				"east": { "uv": [ 2, 7, 2.5, 15.5 ], "texture": "#Outside" }
			}
		},
		{
			"__comment": "Chef-Hat-Outer179",
			"from": [ 7, 11.5, 0 ],
			"to": [ 7.5, 14.5, 0.5 ],
			"faces": {
				"north": { "uv": [ 8.5, 1.5, 9, 4.5 ], "texture": "#Outside", "cullface": "north" },
				"west": { "uv": [ 0, 1.5, 0.5, 4.5 ], "texture": "#Outside" },
				"east": { "uv": [ 15.5, 1.5, 16, 4.5 ], "texture": "#Outside" }
			}
		},
		{
			"__comment": "Chef-Hat-Outer180",
			"from": [ 7, 11.5, 15.5 ],
			"to": [ 7.5, 14.5, 16 ],
			"faces": {
				"south": { "uv": [ 7, 1.5, 7.5, 4.5 ], "texture": "#Outside", "cullface": "south" },
				"west": { "uv": [ 15.5, 1.5, 16, 4.5 ], "texture": "#Outside" },
				"east": { "uv": [ 0, 1.5, 0.5, 4.5 ], "texture": "#Outside" }
			}
		},
		{
			"__comment": "Chef-Hat-Outer181",
			"from": [ 8.5, 0.5, 2 ],
			"to": [ 9, 9, 2.5 ],
			"faces": {
				"north": { "uv": [ 7, 7, 7.5, 15.5 ], "texture": "#Outside" },
				"west": { "uv": [ 2, 7, 2.5, 15.5 ], "texture": "#Outside" },
				"east": { "uv": [ 13.5, 7, 14, 15.5 ], "texture": "#Outside" }
			}
		},
		{
			"__comment": "Chef-Hat-Outer182",
			"from": [ 8.5, 0.5, 13.5 ],
			"to": [ 9, 9, 14 ],
			"faces": {
				"south": { "uv": [ 8.5, 7, 9, 15.5 ], "texture": "#Outside" },
				"west": { "uv": [ 13.5, 7, 14, 15.5 ], "texture": "#Outside" },
				"east": { "uv": [ 2, 7, 2.5, 15.5 ], "texture": "#Outside" }
			}
		},
		{
			"__comment": "Chef-Hat-Outer183",
			"from": [ 8.5, 11.5, 0 ],
			"to": [ 9, 14.5, 0.5 ],
			"faces": {
				"north": { "uv": [ 7, 1.5, 7.5, 4.5 ], "texture": "#Outside", "cullface": "north" },
				"west": { "uv": [ 0, 1.5, 0.5, 4.5 ], "texture": "#Outside" },
				"east": { "uv": [ 15.5, 1.5, 16, 4.5 ], "texture": "#Outside" }
			}
		},
		{
			"__comment": "Chef-Hat-Outer184",
			"from": [ 8.5, 11.5, 15.5 ],
			"to": [ 9, 14.5, 16 ],
			"faces": {
				"south": { "uv": [ 8.5, 1.5, 9, 4.5 ], "texture": "#Outside", "cullface": "south" },
				"west": { "uv": [ 15.5, 1.5, 16, 4.5 ], "texture": "#Outside" },
				"east": { "uv": [ 0, 1.5, 0.5, 4.5 ], "texture": "#Outside" }
			}
		},
		{
			"__comment": "Chef-Hat-Outer185",
			"from": [ 9.5, 11.5, 0 ],
			"to": [ 10, 14.5, 0.5 ],
			"faces": {
				"north": { "uv": [ 6, 1.5, 6.5, 4.5 ], "texture": "#Outside", "cullface": "north" },
				"west": { "uv": [ 0, 1.5, 0.5, 4.5 ], "texture": "#Outside" },
				"east": { "uv": [ 15.5, 1.5, 16, 4.5 ], "texture": "#Outside" }
			}
		},
		{
			"__comment": "Chef-Hat-Outer186",
			"from": [ 9.5, 11.5, 15.5 ],
			"to": [ 10, 14.5, 16 ],
			"faces": {
				"south": { "uv": [ 9.5, 1.5, 10, 4.5 ], "texture": "#Outside", "cullface": "south" },
				"west": { "uv": [ 15.5, 1.5, 16, 4.5 ], "texture": "#Outside" },
				"east": { "uv": [ 0, 1.5, 0.5, 4.5 ], "texture": "#Outside" }
			}
		},
		{
			"__comment": "Chef-Hat-Outer187",
			"from": [ 10, 0.5, 2 ],
			"to": [ 10.5, 9, 3 ],
			"faces": {
				"down": { "uv": [ 10, 13, 10.5, 14 ], "texture": "#Outside" },
				"up": { "uv": [ 10, 2, 10.5, 3 ], "texture": "#Outside" },
				"north": { "uv": [ 5.5, 7, 6, 15.5 ], "texture": "#Outside" },
				"west": { "uv": [ 2, 7, 3, 15.5 ], "texture": "#Outside" },
				"east": { "uv": [ 13, 7, 14, 15.5 ], "texture": "#Outside" }
			}
		},
		{
			"__comment": "Chef-Hat-Outer188",
			"from": [ 10, 0.5, 13 ],
			"to": [ 11, 9, 13.5 ],
			"faces": {
				"south": { "uv": [ 10, 7, 11, 15.5 ], "texture": "#Outside" },
				"east": { "uv": [ 2.5, 7, 3, 15.5 ], "texture": "#Outside" }
			}
		},
		{
			"__comment": "Chef-Hat-Outer189",
			"from": [ 10, 0.5, 13.5 ],
			"to": [ 10.5, 9, 14 ],
			"faces": {
				"south": { "uv": [ 10, 7, 10.5, 15.5 ], "texture": "#Outside" },
				"west": { "uv": [ 13.5, 7, 14, 15.5 ], "texture": "#Outside" },
				"east": { "uv": [ 2, 7, 2.5, 15.5 ], "texture": "#Outside" }
			}
		},
		{
			"__comment": "Chef-Hat-Outer190",
			"from": [ 10.5, 0.5, 2.5 ],
			"to": [ 11, 9, 3 ],
			"faces": {
				"north": { "uv": [ 5, 7, 5.5, 15.5 ], "texture": "#Outside" },
				"east": { "uv": [ 13, 7, 13.5, 15.5 ], "texture": "#Outside" }
			}
		},
		{
			"__comment": "Chef-Hat-Outer191",
			"from": [ 10.5, 11.5, 0 ],
			"to": [ 11, 14.5, 1 ],
			"faces": {
				"down": { "uv": [ 10.5, 15, 11, 16 ], "texture": "#Outside" },
				"up": { "uv": [ 10.5, 0, 11, 1 ], "texture": "#Outside" },
				"north": { "uv": [ 5, 1.5, 5.5, 4.5 ], "texture": "#Outside", "cullface": "north" },
				"west": { "uv": [ 0, 1.5, 1, 4.5 ], "texture": "#Outside" },
				"east": { "uv": [ 15, 1.5, 16, 4.5 ], "texture": "#Outside" }
			}
		},
		{
			"__comment": "Chef-Hat-Outer192",
			"from": [ 10.5, 11.5, 15 ],
			"to": [ 11, 14.5, 16 ],
			"faces": {
				"down": { "uv": [ 10.5, 0, 11, 1 ], "texture": "#Outside" },
				"up": { "uv": [ 10.5, 15, 11, 16 ], "texture": "#Outside" },
				"south": { "uv": [ 10.5, 1.5, 11, 4.5 ], "texture": "#Outside", "cullface": "south" },
				"west": { "uv": [ 15, 1.5, 16, 4.5 ], "texture": "#Outside" },
				"east": { "uv": [ 0, 1.5, 1, 4.5 ], "texture": "#Outside" }
			}
		},
		{
			"__comment": "Chef-Hat-Outer193",
			"from": [ 11.5, 0.5, 2.5 ],
			"to": [ 12, 9, 3.5 ],
			"faces": {
				"down": { "uv": [ 11.5, 12.5, 12, 13.5 ], "texture": "#Outside" },
				"north": { "uv": [ 4, 7, 4.5, 15.5 ], "texture": "#Outside" },
				"west": { "uv": [ 2.5, 7, 3.5, 15.5 ], "texture": "#Outside" },
				"east": { "uv": [ 12.5, 7, 13.5, 15.5 ], "texture": "#Outside" }
			}
		},
		{
			"__comment": "Chef-Hat-Outer194",
			"from": [ 11.5, 0.5, 12.5 ],
			"to": [ 12.5, 9, 13 ],
			"faces": {
				"south": { "uv": [ 11.5, 7, 12.5, 15.5 ], "texture": "#Outside" },
				"east": { "uv": [ 3, 7, 3.5, 15.5 ], "texture": "#Outside" }
			}
		},
		{
			"__comment": "Chef-Hat-Outer195",
			"from": [ 11.5, 0.5, 13 ],
			"to": [ 12, 9, 13.5 ],
			"faces": {
				"south": { "uv": [ 11.5, 7, 12, 15.5 ], "texture": "#Outside" },
				"west": { "uv": [ 13, 7, 13.5, 15.5 ], "texture": "#Outside" },
				"east": { "uv": [ 2.5, 7, 3, 15.5 ], "texture": "#Outside" }
			}
		},
		{
			"__comment": "Chef-Hat-Outer196",
			"from": [ 11.5, 11.5, 0.5 ],
			"to": [ 12, 14.5, 1.5 ],
			"faces": {
				"down": { "uv": [ 11.5, 14.5, 12, 15.5 ], "texture": "#Outside" },
				"up": { "uv": [ 11.5, 0.5, 12, 1.5 ], "texture": "#Outside" },
				"north": { "uv": [ 4, 1.5, 4.5, 4.5 ], "texture": "#Outside" },
				"west": { "uv": [ 0.5, 1.5, 1.5, 4.5 ], "texture": "#Outside" },
				"east": { "uv": [ 14.5, 1.5, 15.5, 4.5 ], "texture": "#Outside" }
			}
		},
		{
			"__comment": "Chef-Hat-Outer197",
			"from": [ 11.5, 11.5, 14.5 ],
			"to": [ 12, 14.5, 15.5 ],
			"faces": {
				"down": { "uv": [ 11.5, 0.5, 12, 1.5 ], "texture": "#Outside" },
				"up": { "uv": [ 11.5, 14.5, 12, 15.5 ], "texture": "#Outside" },
				"south": { "uv": [ 11.5, 1.5, 12, 4.5 ], "texture": "#Outside" },
				"west": { "uv": [ 14.5, 1.5, 15.5, 4.5 ], "texture": "#Outside" },
				"east": { "uv": [ 0.5, 1.5, 1.5, 4.5 ], "texture": "#Outside" }
			}
		},
		{
			"__comment": "Chef-Hat-Outer198",
			"from": [ 12, 0.5, 3 ],
			"to": [ 12.5, 9.5, 3.5 ],
			"faces": {
				"north": { "uv": [ 3.5, 6.5, 4, 15.5 ], "texture": "#Outside" },
				"west": { "uv": [ 3, 6.5, 3.5, 15.5 ], "texture": "#Outside" },
				"east": { "uv": [ 12.5, 6.5, 13, 15.5 ], "texture": "#Outside" }
			}
		},
		{
			"__comment": "Chef-Hat-Outer199",
			"from": [ 12.5, 11.5, 1 ],
			"to": [ 13, 14.5, 2 ],
			"faces": {
				"down": { "uv": [ 12.5, 14, 13, 15 ], "texture": "#Outside" },
				"north": { "uv": [ 3, 1.5, 3.5, 4.5 ], "texture": "#Outside" },
				"west": { "uv": [ 1, 1.5, 2, 4.5 ], "texture": "#Outside" },
				"east": { "uv": [ 14, 1.5, 15, 4.5 ], "texture": "#Outside" }
			}
		},
		{
			"__comment": "Chef-Hat-Outer200",
			"from": [ 12.5, 11.5, 14 ],
			"to": [ 13.5, 14.5, 14.5 ],
			"faces": {
				"south": { "uv": [ 12.5, 1.5, 13.5, 4.5 ], "texture": "#Outside" },
				"east": { "uv": [ 1.5, 1.5, 2, 4.5 ], "texture": "#Outside" }
			}
		},
		{
			"__comment": "Chef-Hat-Outer201",
			"from": [ 12.5, 11.5, 14.5 ],
			"to": [ 13, 14.5, 15 ],
			"faces": {
				"south": { "uv": [ 12.5, 1.5, 13, 4.5 ], "texture": "#Outside" },
				"west": { "uv": [ 14.5, 1.5, 15, 4.5 ], "texture": "#Outside" },
				"east": { "uv": [ 1, 1.5, 1.5, 4.5 ], "texture": "#Outside" }
			}
		},
		{
			"__comment": "Chef-Hat-Outer202",
			"from": [ 13, 0.5, 5 ],
			"to": [ 13.5, 9, 5.5 ],
			"faces": {
				"north": { "uv": [ 2.5, 7, 3, 15.5 ], "texture": "#Outside" },
				"east": { "uv": [ 10.5, 7, 11, 15.5 ], "texture": "#Outside" }
			}
		},
		{
			"__comment": "Chef-Hat-Outer203",
			"from": [ 13, 0.5, 10 ],
			"to": [ 14, 9, 10.5 ],
			"faces": {
				"north": { "uv": [ 2, 7, 3, 15.5 ], "texture": "#Outside" },
				"south": { "uv": [ 13, 7, 14, 15.5 ], "texture": "#Outside" },
				"east": { "uv": [ 5.5, 7, 6, 15.5 ], "texture": "#Outside" }
			}
		},
		{
			"__comment": "Chef-Hat-Outer204",
			"from": [ 13, 11.5, 1.5 ],
			"to": [ 13.5, 15, 2 ],
			"faces": {
				"up": { "uv": [ 13, 1.5, 13.5, 2 ], "texture": "#Outside" },
				"north": { "uv": [ 2.5, 1, 3, 4.5 ], "texture": "#Outside" },
				"west": { "uv": [ 1.5, 1, 2, 4.5 ], "texture": "#Outside" },
				"east": { "uv": [ 14, 1, 14.5, 4.5 ], "texture": "#Outside" }
			}
		},
		{
			"__comment": "Chef-Hat-Outer205",
			"from": [ 13.5, 0.5, 7 ],
			"to": [ 14, 9, 7.5 ],
			"faces": {
				"north": { "uv": [ 2, 7, 2.5, 15.5 ], "texture": "#Outside" },
				"south": { "uv": [ 13.5, 7, 14, 15.5 ], "texture": "#Outside" },
				"east": { "uv": [ 8.5, 7, 9, 15.5 ], "texture": "#Outside" }
			}
		},
		{
			"__comment": "Chef-Hat-Outer206",
			"from": [ 13.5, 0.5, 8.5 ],
			"to": [ 14, 9, 9 ],
			"faces": {
				"north": { "uv": [ 2, 7, 2.5, 15.5 ], "texture": "#Outside" },
				"south": { "uv": [ 13.5, 7, 14, 15.5 ], "texture": "#Outside" },
				"east": { "uv": [ 7, 7, 7.5, 15.5 ], "texture": "#Outside" }
			}
		},
		{
			"__comment": "Chef-Hat-Outer207",
			"from": [ 14, 10.5, 3.5 ],
			"to": [ 14.5, 11, 4 ],
			"faces": {
				"down": { "uv": [ 14, 12, 14.5, 12.5 ], "texture": "#Outside" },
				"east": { "uv": [ 12, 5, 12.5, 5.5 ], "texture": "#Outside" }
			}
		},
		{
			"__comment": "Chef-Hat-Outer208",
			"from": [ 15.5, 11.5, 6 ],
			"to": [ 16, 14.5, 6.5 ],
			"faces": {
				"north": { "uv": [ 0, 1.5, 0.5, 4.5 ], "texture": "#Outside" },
				"south": { "uv": [ 15.5, 1.5, 16, 4.5 ], "texture": "#Outside" },
				"east": { "uv": [ 9.5, 1.5, 10, 4.5 ], "texture": "#Outside", "cullface": "east" }
			}
		},
		{
			"__comment": "Chef-Hat-Outer209",
			"from": [ 15.5, 11.5, 7 ],
			"to": [ 16, 14.5, 7.5 ],
			"faces": {
				"north": { "uv": [ 0, 1.5, 0.5, 4.5 ], "texture": "#Outside" },
				"south": { "uv": [ 15.5, 1.5, 16, 4.5 ], "texture": "#Outside" },
				"east": { "uv": [ 8.5, 1.5, 9, 4.5 ], "texture": "#Outside", "cullface": "east" }
			}
		},
		{
			"__comment": "Chef-Hat-Outer210",
			"from": [ 15.5, 11.5, 8.5 ],
			"to": [ 16, 14.5, 9 ],
			"faces": {
				"north": { "uv": [ 0, 1.5, 0.5, 4.5 ], "texture": "#Outside" },
				"south": { "uv": [ 15.5, 1.5, 16, 4.5 ], "texture": "#Outside" },
				"east": { "uv": [ 7, 1.5, 7.5, 4.5 ], "texture": "#Outside", "cullface": "east" }
			}
		},
		{
			"__comment": "Chef-Hat-Outer211",
			"from": [ 15.5, 11.5, 9.5 ],
			"to": [ 16, 14.5, 10 ],
			"faces": {
				"north": { "uv": [ 0, 1.5, 0.5, 4.5 ], "texture": "#Outside" },
				"south": { "uv": [ 15.5, 1.5, 16, 4.5 ], "texture": "#Outside" },
				"east": { "uv": [ 6, 1.5, 6.5, 4.5 ], "texture": "#Outside", "cullface": "east" }
			}
		},
		{
			"__comment": "Chef-Hat-Inner10",
			"from": [ 0.5, 11.5, 5.5 ],
			"to": [ 1, 14.5, 10.5 ],
			"faces": {
				"up": { "uv": [ 0.5, 5.5, 1, 10.5 ], "texture": "#Inside" },
				"west": { "uv": [ 5.5, 1.5, 10.5, 4.5 ], "texture": "#Inside" }
			}
		},
		{
			"__comment": "Chef-Hat-Inner11",
			"from": [ 1, 11.5, 4.5 ],
			"to": [ 1.5, 14.5, 5 ],
			"faces": {
				"west": { "uv": [ 4.5, 1.5, 5, 4.5 ], "texture": "#Inside" }
			}
		},
		{
			"__comment": "Chef-Hat-Inner13",
			"from": [ 1, 11.5, 11 ],
			"to": [ 1.5, 14.5, 11.5 ],
			"faces": {
				"west": { "uv": [ 11, 1.5, 11.5, 4.5 ], "texture": "#Inside" }
			}
		},
		{
			"__comment": "Chef-Hat-Inner12",
			"from": [ 1.5, 11.5, 3.5 ],
			"to": [ 2, 14.5, 4 ],
			"faces": {
				"west": { "uv": [ 3.5, 1.5, 4, 4.5 ], "texture": "#Inside" }
			}
		},
		{
			"__comment": "Chef-Hat-Inner14",
			"from": [ 1.5, 11.5, 12 ],
			"to": [ 2, 14.5, 12.5 ],
			"faces": {
				"west": { "uv": [ 12, 1.5, 12.5, 4.5 ], "texture": "#Inside" }
			}
		},
		{
			"__comment": "Chef-Hat-Inner8",
			"from": [ 2.5, 0.5, 6 ],
			"to": [ 3.5, 9, 10 ],
			"faces": {
				"up": { "uv": [ 2.5, 6, 3.5, 10 ], "texture": "#Inside" },
				"south": { "uv": [ 2.5, 7, 3.5, 15.5 ], "texture": "#Inside" },
				"west": { "uv": [ 6, 7, 10, 15.5 ], "texture": "#Inside" }
			}
		},
		{
			"__comment": "Chef-Hat-Inner7",
			"from": [ 3, 0.5, 4.5 ],
			"to": [ 3.5, 9, 5.5 ],
			"faces": {
				"up": { "uv": [ 3, 4.5, 3.5, 5.5 ], "texture": "#Inside" },
				"west": { "uv": [ 4.5, 7, 5.5, 15.5 ], "texture": "#Inside" }
			}
		},
		{
			"__comment": "Chef-Hat-Inner9",
			"from": [ 3, 0.5, 11 ],
			"to": [ 3.5, 9, 11.5 ],
			"faces": {
				"west": { "uv": [ 11, 7, 11.5, 15.5 ], "texture": "#Inside" }
			}
		},
		{
			"__comment": "Chef-Hat-Inner29",
			"from": [ 3.5, 11.5, 1.5 ],
			"to": [ 4, 14.5, 2 ],
			"faces": {
				"north": { "uv": [ 12, 1.5, 12.5, 4.5 ], "texture": "#Inside" }
			}
		},
		{
			"__comment": "Chef-Hat-Inner15",
			"from": [ 3.5, 11.5, 14 ],
			"to": [ 4, 14.5, 14.5 ],
			"faces": {
				"south": { "uv": [ 3.5, 1.5, 4, 4.5 ], "texture": "#Inside" }
			}
		},
		{
			"__comment": "Chef-Hat-Inner5",
			"from": [ 4.5, 0.5, 3 ],
			"to": [ 11.5, 9, 3.5 ],
			"faces": {
				"north": { "uv": [ 4.5, 7, 11.5, 15.5 ], "texture": "#Inside" }
			}
		},
		{
			"__comment": "Chef-Hat-Inner1",
			"from": [ 4.5, 0.5, 12.5 ],
			"to": [ 11.5, 9, 13 ],
			"faces": {
				"south": { "uv": [ 4.5, 7, 11.5, 15.5 ], "texture": "#Inside" }
			}
		},
		{
			"__comment": "Chef-Hat-Inner28",
			"from": [ 4.5, 11.5, 1 ],
			"to": [ 5, 14.5, 1.5 ],
			"faces": {
				"north": { "uv": [ 11, 1.5, 11.5, 4.5 ], "texture": "#Inside" }
			}
		},
		{
			"__comment": "Chef-Hat-Inner16",
			"from": [ 4.5, 11.5, 14.5 ],
			"to": [ 5, 14.5, 15 ],
			"faces": {
				"south": { "uv": [ 4.5, 1.5, 5, 4.5 ], "texture": "#Inside" }
			}
		},
		{
			"__comment": "Chef-Hat-Inner27",
			"from": [ 5.5, 11.5, 0.5 ],
			"to": [ 10.5, 14.5, 1 ],
			"faces": {
				"north": { "uv": [ 5.5, 1.5, 10.5, 4.5 ], "texture": "#Inside" }
			}
		},
		{
			"__comment": "Chef-Hat-Inner17",
			"from": [ 5.5, 11.5, 15 ],
			"to": [ 10.5, 14.5, 15.5 ],
			"faces": {
				"south": { "uv": [ 5.5, 1.5, 10.5, 4.5 ], "texture": "#Inside" }
			}
		},
		{
			"__comment": "Chef-Hat-Inner6",
			"from": [ 6, 0.5, 2.5 ],
			"to": [ 10, 9, 3 ],
			"faces": {
				"north": { "uv": [ 6, 7, 10, 15.5 ], "texture": "#Inside" }
			}
		},
		{
			"__comment": "Chef-Hat-Inner",
			"from": [ 6, 0.5, 13 ],
			"to": [ 10, 9, 13.5 ],
			"faces": {
				"south": { "uv": [ 6, 7, 10, 15.5 ], "texture": "#Inside" }
			}
		},
		{
			"__comment": "Chef-Hat-Inner26",
			"from": [ 11, 11.5, 1 ],
			"to": [ 11.5, 14.5, 1.5 ],
			"faces": {
				"north": { "uv": [ 4.5, 1.5, 5, 4.5 ], "texture": "#Inside" }
			}
		},
		{
			"__comment": "Chef-Hat-Inner18",
			"from": [ 11, 11.5, 14.5 ],
			"to": [ 11.5, 14.5, 15 ],
			"faces": {
				"south": { "uv": [ 11, 1.5, 11.5, 4.5 ], "texture": "#Inside" }
			}
		},
		{
			"__comment": "Chef-Hat-Inner25",
			"from": [ 12, 11.5, 1.5 ],
			"to": [ 12.5, 14.5, 2 ],
			"faces": {
				"north": { "uv": [ 3.5, 1.5, 4, 4.5 ], "texture": "#Inside" }
			}
		},
		{
			"__comment": "Chef-Hat-Inner19",
			"from": [ 12, 11.5, 14 ],
			"to": [ 12.5, 14.5, 14.5 ],
			"faces": {
				"south": { "uv": [ 12, 1.5, 12.5, 4.5 ], "texture": "#Inside" }
			}
		},
		{
			"__comment": "Chef-Hat-Inner4",
			"from": [ 12.5, 0.5, 4.5 ],
			"to": [ 13, 9, 5.5 ],
			"faces": {
				"up": { "uv": [ 12.5, 4.5, 13, 5.5 ], "texture": "#Inside" },
				"east": { "uv": [ 10.5, 7, 11.5, 15.5 ], "texture": "#Inside" }
			}
		},
		{
			"__comment": "Chef-Hat-Inner3",
			"from": [ 12.5, 0.5, 6 ],
			"to": [ 13.5, 9, 10 ],
			"faces": {
				"up": { "uv": [ 12.5, 6, 13.5, 10 ], "texture": "#Inside" },
				"south": { "uv": [ 12.5, 7, 13.5, 15.5 ], "texture": "#Inside" },
				"east": { "uv": [ 6, 7, 10, 15.5 ], "texture": "#Inside" }
			}
		},
		{
			"__comment": "Chef-Hat-Inner2",
			"from": [ 12.5, 0.5, 11 ],
			"to": [ 13, 9, 11.5 ],
			"faces": {
				"east": { "uv": [ 4.5, 7, 5, 15.5 ], "texture": "#Inside" }
			}
		},
		{
			"__comment": "Chef-Hat-Inner24",
			"from": [ 14, 11.5, 3.5 ],
			"to": [ 14.5, 14.5, 4 ],
			"faces": {
				"east": { "uv": [ 12, 1.5, 12.5, 4.5 ], "texture": "#Inside" }
			}
		},
		{
			"__comment": "Chef-Hat-Inner20",
			"from": [ 14, 11.5, 12 ],
			"to": [ 14.5, 14.5, 12.5 ],
			"faces": {
				"east": { "uv": [ 3.5, 1.5, 4, 4.5 ], "texture": "#Inside" }
			}
		},
		{
			"__comment": "Chef-Hat-Inner23",
			"from": [ 14.5, 11.5, 4.5 ],
			"to": [ 15, 14.5, 5 ],
			"faces": {
				"east": { "uv": [ 11, 1.5, 11.5, 4.5 ], "texture": "#Inside" }
			}
		},
		{
			"__comment": "Chef-Hat-Inner21",
			"from": [ 14.5, 11.5, 11 ],
			"to": [ 15, 14.5, 11.5 ],
			"faces": {
				"east": { "uv": [ 4.5, 1.5, 5, 4.5 ], "texture": "#Inside" }
			}
		},
		{
			"__comment": "Chef-Hat-Inner22",
			"from": [ 15, 11.5, 5.5 ],
			"to": [ 15.5, 14.5, 10.5 ],
			"faces": {
				"up": { "uv": [ 15, 5.5, 15.5, 10.5 ], "texture": "#Inside" },
				"east": { "uv": [ 5.5, 1.5, 10.5, 4.5 ], "texture": "#Inside" }
			}
		}
	],
	"display": {
		"thirdperson_righthand": {
			"rotation":  [ 75, 45, 0 ],
			"translation":  [ 0, 2.5, 0 ],
			"scale":  [ 0.375, 0.375, 0.375 ]
		},
		"thirdperson_lefthand": {
			"rotation":  [ 75, 45, 0 ],
			"translation":  [ 0, 2.5, 0 ],
			"scale":  [ 0.375, 0.375, 0.375 ]
		},
		"firstperson_righthand": {
			"rotation":  [ 0, -90, 25 ],
			"translation":  [ 1.13, 3.2, 1.13 ],
			"scale":  [ 0.68, 0.68, 0.68 ]
		},
		"firstperson_lefthand": {
			"rotation":  [ 0, 90, -25 ],
			"translation":  [ 1.13, 3.2, 1.13 ],
			"scale":  [ 0.68, 0.68, 0.68 ]
		},
		"gui": {
			"rotation":  [ 22.5, 45, 0 ],
			"scale":  [ 0.65, 0.65, 0.65 ]
		},
		"head": {
			"translation":  [ 0, 14.5, 0 ]
		},
		"ground": {
			"translation":  [ 0, 3, 0 ],
			"scale":  [ 0.25, 0.25, 0.25 ]
		},
		"fixed": {
			"rotation":  [ 0, 180, 0 ]
		}
	}
}