{
	"__comment": "Designed by Randamonium with Cubik Studio - https://cubik.studio",
	"textures": {
		"Frame": "block/brown_concrete",
		"Eyes-Moustache": "block/black_concrete",
		"Eyes-Fill": "block/white_concrete",
		"Nose": "block/orange_concrete"
	},
	"elements": [ 	 
		{
			"__comment": "Eyes-Moustache1",
			"from": [ 0, 4, 1 ],
			"to": [ 1.5, 4.5, 2 ],
			"faces": {
				"down": { "uv": [ 0, 14, 1.5, 15 ], "texture": "#Eyes-Moustache" },
				"up": { "uv": [ 0, 1, 1.5, 2 ], "texture": "#Eyes-Moustache" },
				"north": { "uv": [ 14.5, 11.5, 16, 12 ], "texture": "#Eyes-Moustache" },
				"south": { "uv": [ 0, 11.5, 1.5, 12 ], "texture": "#Eyes-Moustache" },
				"west": { "uv": [ 1, 11.5, 2, 12 ], "texture": "#Eyes-Moustache", "cullface": "west" },
				"east": { "uv": [ 14, 11.5, 15, 12 ], "texture": "#Eyes-Moustache" }
			}
		},
		{
			"__comment": "Eyes-Moustache2",
			"from": [ 0, 4.5, 1 ],
			"to": [ 1, 5, 2 ],
			"faces": {
				"up": { "uv": [ 0, 1, 1, 2 ], "texture": "#Eyes-Moustache" },
				"north": { "uv": [ 15, 11, 16, 11.5 ], "texture": "#Eyes-Moustache" },
				"south": { "uv": [ 0, 11, 1, 11.5 ], "texture": "#Eyes-Moustache" },
				"west": { "uv": [ 1, 11, 2, 11.5 ], "texture": "#Eyes-Moustache", "cullface": "west" },
				"east": { "uv": [ 14, 11, 15, 11.5 ], "texture": "#Eyes-Moustache" }
			}
		},
		{
			"__comment": "Eyes-Moustache3",
			"from": [ 0.5, 3, 1 ],
			"to": [ 15.5, 3.5, 1.5 ],
			"faces": {
				"down": { "uv": [ 0.5, 14.5, 15.5, 15 ], "texture": "#Eyes-Moustache" },
				"up": { "uv": [ 0.5, 1, 15.5, 1.5 ], "texture": "#Eyes-Moustache" },
				"north": { "uv": [ 0.5, 12.5, 15.5, 13 ], "texture": "#Eyes-Moustache" },
				"south": { "uv": [ 0.5, 12.5, 15.5, 13 ], "texture": "#Eyes-Moustache" },
				"west": { "uv": [ 1, 12.5, 1.5, 13 ], "texture": "#Eyes-Moustache" },
				"east": { "uv": [ 14.5, 12.5, 15, 13 ], "texture": "#Eyes-Moustache" }
			}
		},
		{
			"__comment": "Eyes-Moustache4",
			"from": [ 0.5, 3, 1.5 ],
			"to": [ 6, 3.5, 2 ],
			"faces": {
				"down": { "uv": [ 0.5, 14, 6, 14.5 ], "texture": "#Eyes-Moustache" },
				"up": { "uv": [ 0.5, 1.5, 6, 2 ], "texture": "#Eyes-Moustache" },
				"south": { "uv": [ 0.5, 12.5, 6, 13 ], "texture": "#Eyes-Moustache" },
				"west": { "uv": [ 1.5, 12.5, 2, 13 ], "texture": "#Eyes-Moustache" }
			}
		},
		{
			"__comment": "Eyes-Moustache5",
			"from": [ 0.5, 3.5, 1 ],
			"to": [ 2, 4, 2 ],
			"faces": {
				"down": { "uv": [ 0.5, 14, 2, 15 ], "texture": "#Eyes-Moustache" },
				"up": { "uv": [ 0.5, 1, 2, 2 ], "texture": "#Eyes-Moustache" },
				"north": { "uv": [ 14, 12, 15.5, 12.5 ], "texture": "#Eyes-Moustache" },
				"south": { "uv": [ 0.5, 12, 2, 12.5 ], "texture": "#Eyes-Moustache" },
				"west": { "uv": [ 1, 12, 2, 12.5 ], "texture": "#Eyes-Moustache" },
				"east": { "uv": [ 14, 12, 15, 12.5 ], "texture": "#Eyes-Moustache" }
			}
		},
		{
			"__comment": "Eyes-Moustache6",
			"from": [ 1, 2.5, 1 ],
			"to": [ 6, 3, 2 ],
			"faces": {
				"down": { "uv": [ 1, 14, 6, 15 ], "texture": "#Eyes-Moustache" },
				"up": { "uv": [ 1, 1, 6, 2 ], "texture": "#Eyes-Moustache" },
				"north": { "uv": [ 10, 13, 15, 13.5 ], "texture": "#Eyes-Moustache" },
				"south": { "uv": [ 1, 13, 6, 13.5 ], "texture": "#Eyes-Moustache" },
				"west": { "uv": [ 1, 13, 2, 13.5 ], "texture": "#Eyes-Moustache" }
			}
		},
		{
			"__comment": "Eyes-Moustache7",
			"from": [ 1.5, 2, 0.5 ],
			"to": [ 5.5, 3, 1 ],
			"faces": {
				"down": { "uv": [ 1.5, 15, 5.5, 15.5 ], "texture": "#Eyes-Moustache" },
				"up": { "uv": [ 1.5, 0.5, 5.5, 1 ], "texture": "#Eyes-Moustache" },
				"north": { "uv": [ 10.5, 13, 14.5, 14 ], "texture": "#Eyes-Moustache" },
				"south": { "uv": [ 1.5, 13, 5.5, 14 ], "texture": "#Eyes-Moustache" },
				"west": { "uv": [ 0.5, 13, 1, 14 ], "texture": "#Eyes-Moustache" },
				"east": { "uv": [ 15, 13, 15.5, 14 ], "texture": "#Eyes-Moustache" }
			}
		},
		{
			"__comment": "Eyes-Moustache8",
			"from": [ 1.5, 2, 1 ],
			"to": [ 5.5, 2.5, 1.5 ],
			"faces": {
				"down": { "uv": [ 1.5, 14.5, 5.5, 15 ], "texture": "#Eyes-Moustache" },
				"south": { "uv": [ 1.5, 13.5, 5.5, 14 ], "texture": "#Eyes-Moustache" },
				"west": { "uv": [ 1, 13.5, 1.5, 14 ], "texture": "#Eyes-Moustache" },
				"east": { "uv": [ 14.5, 13.5, 15, 14 ], "texture": "#Eyes-Moustache" }
			}
		},
		{
			"__comment": "Eyes-Moustache9",
			"from": [ 3, 7.5, 1.5 ],
			"to": [ 5, 8.5, 2 ],
			"faces": {
				"down": { "uv": [ 3, 14, 5, 14.5 ], "texture": "#Eyes-Moustache" },
				"up": { "uv": [ 3, 1.5, 5, 2 ], "texture": "#Eyes-Moustache" },
				"north": { "uv": [ 11, 7.5, 13, 8.5 ], "texture": "#Eyes-Moustache" },
				"south": { "uv": [ 3, 7.5, 5, 8.5 ], "texture": "#Eyes-Moustache" }
			}
		},
		{
			"__comment": "Eyes-Moustache10",
			"from": [ 3.5, 7, 1.5 ],
			"to": [ 4.5, 7.5, 2 ],
			"faces": {
				"north": { "uv": [ 11.5, 8.5, 12.5, 9 ], "texture": "#Eyes-Moustache" },
				"south": { "uv": [ 3.5, 8.5, 4.5, 9 ], "texture": "#Eyes-Moustache" }
			}
		},
		{
			"__comment": "Eyes-Moustache11",
			"from": [ 3.5, 8.5, 1.5 ],
			"to": [ 4.5, 9, 2 ],
			"faces": {
				"north": { "uv": [ 11.5, 7, 12.5, 7.5 ], "texture": "#Eyes-Moustache" },
				"south": { "uv": [ 3.5, 7, 4.5, 7.5 ], "texture": "#Eyes-Moustache" }
			}
		},
		{
			"__comment": "Eyes-Moustache12",
			"from": [ 5, 3.5, 1 ],
			"to": [ 6, 4, 2 ],
			"faces": {
				"down": { "uv": [ 5, 14, 6, 15 ], "texture": "#Eyes-Moustache" },
				"north": { "uv": [ 10, 12, 11, 12.5 ], "texture": "#Eyes-Moustache" },
				"south": { "uv": [ 5, 12, 6, 12.5 ], "texture": "#Eyes-Moustache" },
				"west": { "uv": [ 1, 12, 2, 12.5 ], "texture": "#Eyes-Moustache" },
				"east": { "uv": [ 14, 12, 15, 12.5 ], "texture": "#Eyes-Moustache" }
			}
		},
		{
			"__comment": "Eyes-Moustache13",
			"from": [ 10, 2.5, 1 ],
			"to": [ 15, 3, 2 ],
			"faces": {
				"down": { "uv": [ 10, 14, 15, 15 ], "texture": "#Eyes-Moustache" },
				"up": { "uv": [ 10, 1, 15, 2 ], "texture": "#Eyes-Moustache" },
				"north": { "uv": [ 1, 13, 6, 13.5 ], "texture": "#Eyes-Moustache" },
				"south": { "uv": [ 10, 13, 15, 13.5 ], "texture": "#Eyes-Moustache" },
				"east": { "uv": [ 14, 13, 15, 13.5 ], "texture": "#Eyes-Moustache" }
			}
		},
		{
			"__comment": "Eyes-Moustache14",
			"from": [ 10, 3.5, 1 ],
			"to": [ 11, 4, 2 ],
			"faces": {
				"down": { "uv": [ 10, 14, 11, 15 ], "texture": "#Eyes-Moustache" },
				"north": { "uv": [ 5, 12, 6, 12.5 ], "texture": "#Eyes-Moustache" },
				"south": { "uv": [ 10, 12, 11, 12.5 ], "texture": "#Eyes-Moustache" },
				"west": { "uv": [ 1, 12, 2, 12.5 ], "texture": "#Eyes-Moustache" },
				"east": { "uv": [ 14, 12, 15, 12.5 ], "texture": "#Eyes-Moustache" }
			}
		},
		{
			"__comment": "Eyes-Moustache15",
			"from": [ 10.5, 2, 1 ],
			"to": [ 14.5, 2.5, 2 ],
			"faces": {
				"down": { "uv": [ 10.5, 14, 14.5, 15 ], "texture": "#Eyes-Moustache" },
				"north": { "uv": [ 1.5, 13.5, 5.5, 14 ], "texture": "#Eyes-Moustache" },
				"south": { "uv": [ 10.5, 13.5, 14.5, 14 ], "texture": "#Eyes-Moustache" },
				"west": { "uv": [ 1, 13.5, 2, 14 ], "texture": "#Eyes-Moustache" },
				"east": { "uv": [ 14, 13.5, 15, 14 ], "texture": "#Eyes-Moustache" }
			}
		},
		{
			"__comment": "Eyes-Moustache16",
			"from": [ 11, 7.5, 1.5 ],
			"to": [ 13, 8.5, 2 ],
			"faces": {
				"down": { "uv": [ 11, 14, 13, 14.5 ], "texture": "#Eyes-Moustache" },
				"up": { "uv": [ 11, 1.5, 13, 2 ], "texture": "#Eyes-Moustache" },
				"north": { "uv": [ 3, 7.5, 5, 8.5 ], "texture": "#Eyes-Moustache" },
				"south": { "uv": [ 11, 7.5, 13, 8.5 ], "texture": "#Eyes-Moustache" }
			}
		},
		{
			"__comment": "Eyes-Moustache17",
			"from": [ 11.5, 7, 1.5 ],
			"to": [ 12.5, 7.5, 2 ],
			"faces": {
				"north": { "uv": [ 3.5, 8.5, 4.5, 9 ], "texture": "#Eyes-Moustache" },
				"south": { "uv": [ 11.5, 8.5, 12.5, 9 ], "texture": "#Eyes-Moustache" }
			}
		},
		{
			"__comment": "Eyes-Moustache18",
			"from": [ 11.5, 8.5, 1.5 ],
			"to": [ 12.5, 9, 2 ],
			"faces": {
				"north": { "uv": [ 3.5, 7, 4.5, 7.5 ], "texture": "#Eyes-Moustache" },
				"south": { "uv": [ 11.5, 7, 12.5, 7.5 ], "texture": "#Eyes-Moustache" }
			}
		},
		{
			"__comment": "Eyes-Moustache19",
			"from": [ 14, 3.5, 1 ],
			"to": [ 15.5, 4, 2 ],
			"faces": {
				"down": { "uv": [ 14, 14, 15.5, 15 ], "texture": "#Eyes-Moustache" },
				"up": { "uv": [ 14, 1, 15.5, 2 ], "texture": "#Eyes-Moustache" },
				"north": { "uv": [ 0.5, 12, 2, 12.5 ], "texture": "#Eyes-Moustache" },
				"south": { "uv": [ 14, 12, 15.5, 12.5 ], "texture": "#Eyes-Moustache" },
				"west": { "uv": [ 1, 12, 2, 12.5 ], "texture": "#Eyes-Moustache" },
				"east": { "uv": [ 14, 12, 15, 12.5 ], "texture": "#Eyes-Moustache" }
			}
		},
		{
			"__comment": "Eyes-Moustache20",
			"from": [ 14.5, 4, 1 ],
			"to": [ 16, 4.5, 2 ],
			"faces": {
				"down": { "uv": [ 14.5, 14, 16, 15 ], "texture": "#Eyes-Moustache" },
				"up": { "uv": [ 14.5, 1, 16, 2 ], "texture": "#Eyes-Moustache" },
				"north": { "uv": [ 0, 11.5, 1.5, 12 ], "texture": "#Eyes-Moustache" },
				"south": { "uv": [ 14.5, 11.5, 16, 12 ], "texture": "#Eyes-Moustache" },
				"west": { "uv": [ 1, 11.5, 2, 12 ], "texture": "#Eyes-Moustache" },
				"east": { "uv": [ 14, 11.5, 15, 12 ], "texture": "#Eyes-Moustache", "cullface": "east" }
			}
		},
		{
			"__comment": "Eyes-Moustache21",
			"from": [ 15, 4.5, 1 ],
			"to": [ 16, 5, 2 ],
			"faces": {
				"up": { "uv": [ 15, 1, 16, 2 ], "texture": "#Eyes-Moustache" },
				"north": { "uv": [ 0, 11, 1, 11.5 ], "texture": "#Eyes-Moustache" },
				"south": { "uv": [ 15, 11, 16, 11.5 ], "texture": "#Eyes-Moustache" },
				"west": { "uv": [ 1, 11, 2, 11.5 ], "texture": "#Eyes-Moustache" },
				"east": { "uv": [ 14, 11, 15, 11.5 ], "texture": "#Eyes-Moustache", "cullface": "east" }
			}
		},
		{
			"__comment": "Eyes-Moustache",
			"from": [ 10, 3, 1.5 ],
			"to": [ 15.5, 3.5, 2 ],
			"faces": {
				"down": { "uv": [ 10, 14, 15.5, 14.5 ], "texture": "#Eyes-Moustache" },
				"up": { "uv": [ 10, 1.5, 15.5, 2 ], "texture": "#Eyes-Moustache" },
				"south": { "uv": [ 10, 12.5, 15.5, 13 ], "texture": "#Eyes-Moustache" },
				"east": { "uv": [ 14, 12.5, 14.5, 13 ], "texture": "#Eyes-Moustache" }
			}
		},
		{
			"__comment": "Frame",
			"from": [ 10, 4, 1 ],
			"to": [ 14, 4.5, 2 ],
			"faces": {
				"down": { "uv": [ 10, 14, 14, 15 ], "texture": "#Frame" },
				"up": { "uv": [ 10, 1, 14, 2 ], "texture": "#Frame" },
				"north": { "uv": [ 2, 11.5, 6, 12 ], "texture": "#Frame" },
				"south": { "uv": [ 10, 11.5, 14, 12 ], "texture": "#Frame" },
				"west": { "uv": [ 1, 11.5, 2, 12 ], "texture": "#Frame" },
				"east": { "uv": [ 14, 11.5, 15, 12 ], "texture": "#Frame" }
			}
		},
		{
			"__comment": "Frame44",
			"from": [ 0, 6, 1 ],
			"to": [ 1.5, 6.5, 2 ],
			"faces": {
				"down": { "uv": [ 0, 14, 1.5, 15 ], "texture": "#Frame" },
				"up": { "uv": [ 0, 1, 1.5, 2 ], "texture": "#Frame" },
				"north": { "uv": [ 14.5, 9.5, 16, 10 ], "texture": "#Frame" },
				"south": { "uv": [ 0, 9.5, 1.5, 10 ], "texture": "#Frame" },
				"west": { "uv": [ 1, 9.5, 2, 10 ], "texture": "#Frame", "cullface": "west" },
				"east": { "uv": [ 14, 9.5, 15, 10 ], "texture": "#Frame" }
			}
		},
		{
			"__comment": "Frame43",
			"from": [ 0, 6, 8 ],
			"to": [ 1, 8.5, 8.5 ],
			"faces": {
				"down": { "uv": [ 0, 7.5, 1, 8 ], "texture": "#Frame" },
				"up": { "uv": [ 0, 8, 1, 8.5 ], "texture": "#Frame" },
				"north": { "uv": [ 15, 7.5, 16, 10 ], "texture": "#Frame" },
				"south": { "uv": [ 0, 7.5, 1, 10 ], "texture": "#Frame" },
				"west": { "uv": [ 8, 7.5, 8.5, 10 ], "texture": "#Frame", "cullface": "west" },
				"east": { "uv": [ 7.5, 7.5, 8, 10 ], "texture": "#Frame" }
			}
		},
		{
			"__comment": "Frame42",
			"from": [ 0, 6, 8.5 ],
			"to": [ 1, 8, 9 ],
			"faces": {
				"down": { "uv": [ 0, 7, 1, 7.5 ], "texture": "#Frame" },
				"up": { "uv": [ 0, 8.5, 1, 9 ], "texture": "#Frame" },
				"south": { "uv": [ 0, 8, 1, 10 ], "texture": "#Frame" },
				"west": { "uv": [ 8.5, 8, 9, 10 ], "texture": "#Frame", "cullface": "west" },
				"east": { "uv": [ 7, 8, 7.5, 10 ], "texture": "#Frame" }
			}
		},
		{
			"__comment": "Frame45",
			"from": [ 0, 6.5, 1 ],
			"to": [ 1, 10, 2 ],
			"faces": {
				"up": { "uv": [ 0, 1, 1, 2 ], "texture": "#Frame" },
				"north": { "uv": [ 15, 6, 16, 9.5 ], "texture": "#Frame" },
				"south": { "uv": [ 0, 6, 1, 9.5 ], "texture": "#Frame" },
				"west": { "uv": [ 1, 6, 2, 9.5 ], "texture": "#Frame", "cullface": "west" },
				"east": { "uv": [ 14, 6, 15, 9.5 ], "texture": "#Frame" }
			}
		},
		{
			"__comment": "Frame41",
			"from": [ 0, 7.5, 7.5 ],
			"to": [ 1, 9, 8 ],
			"faces": {
				"down": { "uv": [ 0, 8, 1, 8.5 ], "texture": "#Frame" },
				"up": { "uv": [ 0, 7.5, 1, 8 ], "texture": "#Frame" },
				"north": { "uv": [ 15, 7, 16, 8.5 ], "texture": "#Frame" },
				"south": { "uv": [ 0, 7, 1, 8.5 ], "texture": "#Frame" },
				"west": { "uv": [ 7.5, 7, 8, 8.5 ], "texture": "#Frame", "cullface": "west" },
				"east": { "uv": [ 8, 7, 8.5, 8.5 ], "texture": "#Frame" }
			}
		},
		{
			"__comment": "Frame40",
			"from": [ 0, 8, 2 ],
			"to": [ 1, 9, 7.5 ],
			"faces": {
				"down": { "uv": [ 0, 8.5, 1, 14 ], "texture": "#Frame" },
				"up": { "uv": [ 0, 2, 1, 7.5 ], "texture": "#Frame" },
				"west": { "uv": [ 2, 7, 7.5, 8 ], "texture": "#Frame", "cullface": "west" },
				"east": { "uv": [ 8.5, 7, 14, 8 ], "texture": "#Frame" }
			}
		},
		{
			"__comment": "Frame39",
			"from": [ 0.5, 5.5, 1 ],
			"to": [ 2, 6, 2 ],
			"faces": {
				"down": { "uv": [ 0.5, 14, 2, 15 ], "texture": "#Frame" },
				"up": { "uv": [ 0.5, 1, 2, 2 ], "texture": "#Frame" },
				"north": { "uv": [ 14, 10, 15.5, 10.5 ], "texture": "#Frame" },
				"south": { "uv": [ 0.5, 10, 2, 10.5 ], "texture": "#Frame" },
				"west": { "uv": [ 1, 10, 2, 10.5 ], "texture": "#Frame" },
				"east": { "uv": [ 14, 10, 15, 10.5 ], "texture": "#Frame" }
			}
		},
		{
			"__comment": "Frame38",
			"from": [ 0.5, 10, 1 ],
			"to": [ 2, 10.5, 2 ],
			"faces": {
				"down": { "uv": [ 0.5, 14, 2, 15 ], "texture": "#Frame" },
				"up": { "uv": [ 0.5, 1, 2, 2 ], "texture": "#Frame" },
				"north": { "uv": [ 14, 5.5, 15.5, 6 ], "texture": "#Frame" },
				"south": { "uv": [ 0.5, 5.5, 2, 6 ], "texture": "#Frame" },
				"west": { "uv": [ 1, 5.5, 2, 6 ], "texture": "#Frame" },
				"east": { "uv": [ 14, 5.5, 15, 6 ], "texture": "#Frame" }
			}
		},
		{
			"__comment": "Frame37",
			"from": [ 1, 5, 1 ],
			"to": [ 2.5, 5.5, 2 ],
			"faces": {
				"down": { "uv": [ 1, 14, 2.5, 15 ], "texture": "#Frame" },
				"up": { "uv": [ 1, 1, 2.5, 2 ], "texture": "#Frame" },
				"north": { "uv": [ 13.5, 10.5, 15, 11 ], "texture": "#Frame" },
				"south": { "uv": [ 1, 10.5, 2.5, 11 ], "texture": "#Frame" },
				"west": { "uv": [ 1, 10.5, 2, 11 ], "texture": "#Frame" },
				"east": { "uv": [ 14, 10.5, 15, 11 ], "texture": "#Frame" }
			}
		},
		{
			"__comment": "Frame36",
			"from": [ 1, 9.5, 1 ],
			"to": [ 1.5, 10, 2 ],
			"faces": {
				"down": { "uv": [ 1, 14, 1.5, 15 ], "texture": "#Frame" },
				"north": { "uv": [ 14.5, 6, 15, 6.5 ], "texture": "#Frame" },
				"south": { "uv": [ 1, 6, 1.5, 6.5 ], "texture": "#Frame" },
				"east": { "uv": [ 14, 6, 15, 6.5 ], "texture": "#Frame" }
			}
		},
		{
			"__comment": "Frame35",
			"from": [ 1, 10.5, 1 ],
			"to": [ 2.5, 11, 2 ],
			"faces": {
				"down": { "uv": [ 1, 14, 2.5, 15 ], "texture": "#Frame" },
				"up": { "uv": [ 1, 1, 2.5, 2 ], "texture": "#Frame" },
				"north": { "uv": [ 13.5, 5, 15, 5.5 ], "texture": "#Frame" },
				"south": { "uv": [ 1, 5, 2.5, 5.5 ], "texture": "#Frame" },
				"west": { "uv": [ 1, 5, 2, 5.5 ], "texture": "#Frame" },
				"east": { "uv": [ 14, 5, 15, 5.5 ], "texture": "#Frame" }
			}
		},
		{
			"__comment": "Frame34",
			"from": [ 1.5, 4.5, 1 ],
			"to": [ 14.5, 5, 1.5 ],
			"faces": {
				"down": { "uv": [ 1.5, 14.5, 14.5, 15 ], "texture": "#Frame" },
				"up": { "uv": [ 1.5, 1, 14.5, 1.5 ], "texture": "#Frame" },
				"north": { "uv": [ 1.5, 11, 14.5, 11.5 ], "texture": "#Frame" },
				"south": { "uv": [ 1.5, 11, 14.5, 11.5 ], "texture": "#Frame" },
				"west": { "uv": [ 1, 11, 1.5, 11.5 ], "texture": "#Frame" },
				"east": { "uv": [ 14.5, 11, 15, 11.5 ], "texture": "#Frame" }
			}
		},
		{
			"__comment": "Frame33",
			"from": [ 1.5, 4.5, 1.5 ],
			"to": [ 6, 5, 2 ],
			"faces": {
				"down": { "uv": [ 1.5, 14, 6, 14.5 ], "texture": "#Frame" },
				"up": { "uv": [ 1.5, 1.5, 6, 2 ], "texture": "#Frame" },
				"south": { "uv": [ 1.5, 11, 6, 11.5 ], "texture": "#Frame" },
				"west": { "uv": [ 1.5, 11, 2, 11.5 ], "texture": "#Frame" }
			}
		},
		{
			"__comment": "Frame32",
			"from": [ 1.5, 11, 1 ],
			"to": [ 6.5, 11.5, 2 ],
			"faces": {
				"down": { "uv": [ 1.5, 14, 6.5, 15 ], "texture": "#Frame" },
				"up": { "uv": [ 1.5, 1, 6.5, 2 ], "texture": "#Frame" },
				"north": { "uv": [ 9.5, 4.5, 14.5, 5 ], "texture": "#Frame" },
				"south": { "uv": [ 1.5, 4.5, 6.5, 5 ], "texture": "#Frame" },
				"west": { "uv": [ 1, 4.5, 2, 5 ], "texture": "#Frame" },
				"east": { "uv": [ 14, 4.5, 15, 5 ], "texture": "#Frame" }
			}
		},
		{
			"__comment": "Frame31",
			"from": [ 2, 4, 1 ],
			"to": [ 6, 4.5, 2 ],
			"faces": {
				"down": { "uv": [ 2, 14, 6, 15 ], "texture": "#Frame" },
				"up": { "uv": [ 2, 1, 6, 2 ], "texture": "#Frame" },
				"north": { "uv": [ 10, 11.5, 14, 12 ], "texture": "#Frame" },
				"south": { "uv": [ 2, 11.5, 6, 12 ], "texture": "#Frame" },
				"west": { "uv": [ 1, 11.5, 2, 12 ], "texture": "#Frame" },
				"east": { "uv": [ 14, 11.5, 15, 12 ], "texture": "#Frame" }
			}
		},
		{
			"__comment": "Frame30",
			"from": [ 2, 11.5, 1 ],
			"to": [ 6, 12, 2 ],
			"faces": {
				"up": { "uv": [ 2, 1, 6, 2 ], "texture": "#Frame" },
				"north": { "uv": [ 10, 4, 14, 4.5 ], "texture": "#Frame" },
				"south": { "uv": [ 2, 4, 6, 4.5 ], "texture": "#Frame" },
				"west": { "uv": [ 1, 4, 2, 4.5 ], "texture": "#Frame" },
				"east": { "uv": [ 14, 4, 15, 4.5 ], "texture": "#Frame" }
			}
		},
		{
			"__comment": "Frame29",
			"from": [ 5.5, 5, 1 ],
			"to": [ 7, 5.5, 2 ],
			"faces": {
				"down": { "uv": [ 5.5, 14, 7, 15 ], "texture": "#Frame" },
				"up": { "uv": [ 5.5, 1, 7, 2 ], "texture": "#Frame" },
				"north": { "uv": [ 9, 10.5, 10.5, 11 ], "texture": "#Frame" },
				"south": { "uv": [ 5.5, 10.5, 7, 11 ], "texture": "#Frame" },
				"west": { "uv": [ 1, 10.5, 2, 11 ], "texture": "#Frame" }
			}
		},
		{
			"__comment": "Frame28",
			"from": [ 5.5, 10.5, 1 ],
			"to": [ 7, 11, 2 ],
			"faces": {
				"down": { "uv": [ 5.5, 14, 7, 15 ], "texture": "#Frame" },
				"up": { "uv": [ 5.5, 1, 7, 2 ], "texture": "#Frame" },
				"north": { "uv": [ 9, 5, 10.5, 5.5 ], "texture": "#Frame" },
				"south": { "uv": [ 5.5, 5, 7, 5.5 ], "texture": "#Frame" },
				"west": { "uv": [ 1, 5, 2, 5.5 ], "texture": "#Frame" },
				"east": { "uv": [ 14, 5, 15, 5.5 ], "texture": "#Frame" }
			}
		},
		{
			"__comment": "Frame27",
			"from": [ 6, 5.5, 1 ],
			"to": [ 10, 6, 1.5 ],
			"faces": {
				"down": { "uv": [ 6, 14.5, 10, 15 ], "texture": "#Frame" },
				"up": { "uv": [ 6, 1, 10, 1.5 ], "texture": "#Frame" },
				"north": { "uv": [ 6, 10, 10, 10.5 ], "texture": "#Frame" },
				"south": { "uv": [ 6, 10, 10, 10.5 ], "texture": "#Frame" },
				"west": { "uv": [ 1, 10, 1.5, 10.5 ], "texture": "#Frame" },
				"east": { "uv": [ 14.5, 10, 15, 10.5 ], "texture": "#Frame" }
			}
		},
		{
			"__comment": "Frame25",
			"from": [ 6, 5.5, 1.5 ],
			"to": [ 7, 6, 2 ],
			"faces": {
				"up": { "uv": [ 6, 1.5, 7, 2 ], "texture": "#Frame" },
				"south": { "uv": [ 6, 10, 7, 10.5 ], "texture": "#Frame" }
			}
		},
		{
			"__comment": "Frame26",
			"from": [ 6, 10, 1 ],
			"to": [ 7.5, 10.5, 2 ],
			"faces": {
				"down": { "uv": [ 6, 14, 7.5, 15 ], "texture": "#Frame" },
				"up": { "uv": [ 6, 1, 7.5, 2 ], "texture": "#Frame" },
				"north": { "uv": [ 8.5, 5.5, 10, 6 ], "texture": "#Frame" },
				"south": { "uv": [ 6, 5.5, 7.5, 6 ], "texture": "#Frame" },
				"west": { "uv": [ 1, 5.5, 2, 6 ], "texture": "#Frame" },
				"east": { "uv": [ 14, 5.5, 15, 6 ], "texture": "#Frame" }
			}
		},
		{
			"__comment": "Frame24",
			"from": [ 6.5, 6, 1 ],
			"to": [ 9.5, 6.5, 2 ],
			"faces": {
				"down": { "uv": [ 6.5, 14, 9.5, 15 ], "texture": "#Frame" },
				"up": { "uv": [ 6.5, 1, 9.5, 2 ], "texture": "#Frame" },
				"north": { "uv": [ 6.5, 9.5, 9.5, 10 ], "texture": "#Frame" },
				"south": { "uv": [ 6.5, 9.5, 9.5, 10 ], "texture": "#Frame" },
				"west": { "uv": [ 1, 9.5, 2, 10 ], "texture": "#Frame" },
				"east": { "uv": [ 14, 9.5, 15, 10 ], "texture": "#Frame" }
			}
		},
		{
			"__comment": "Frame23",
			"from": [ 6.5, 9.5, 1 ],
			"to": [ 9.5, 10, 2 ],
			"faces": {
				"down": { "uv": [ 6.5, 14, 9.5, 15 ], "texture": "#Frame" },
				"up": { "uv": [ 6.5, 1, 9.5, 2 ], "texture": "#Frame" },
				"north": { "uv": [ 6.5, 6, 9.5, 6.5 ], "texture": "#Frame" },
				"south": { "uv": [ 6.5, 6, 9.5, 6.5 ], "texture": "#Frame" },
				"west": { "uv": [ 1, 6, 2, 6.5 ], "texture": "#Frame" },
				"east": { "uv": [ 14, 6, 15, 6.5 ], "texture": "#Frame" }
			}
		},
		{
			"__comment": "Frame22",
			"from": [ 7, 6.5, 1 ],
			"to": [ 9, 9.5, 2 ],
			"faces": {
				"north": { "uv": [ 7, 6.5, 9, 9.5 ], "texture": "#Frame" },
				"south": { "uv": [ 7, 6.5, 9, 9.5 ], "texture": "#Frame" },
				"west": { "uv": [ 1, 6.5, 2, 9.5 ], "texture": "#Frame" },
				"east": { "uv": [ 14, 6.5, 15, 9.5 ], "texture": "#Frame" }
			}
		},
		{
			"__comment": "Frame21",
			"from": [ 8.5, 10, 1 ],
			"to": [ 10, 10.5, 2 ],
			"faces": {
				"down": { "uv": [ 8.5, 14, 10, 15 ], "texture": "#Frame" },
				"up": { "uv": [ 8.5, 1, 10, 2 ], "texture": "#Frame" },
				"north": { "uv": [ 6, 5.5, 7.5, 6 ], "texture": "#Frame" },
				"south": { "uv": [ 8.5, 5.5, 10, 6 ], "texture": "#Frame" },
				"west": { "uv": [ 1, 5.5, 2, 6 ], "texture": "#Frame" },
				"east": { "uv": [ 14, 5.5, 15, 6 ], "texture": "#Frame" }
			}
		},
		{
			"__comment": "Frame20",
			"from": [ 9, 5, 1 ],
			"to": [ 10.5, 5.5, 2 ],
			"faces": {
				"down": { "uv": [ 9, 14, 10.5, 15 ], "texture": "#Frame" },
				"up": { "uv": [ 9, 1, 10.5, 2 ], "texture": "#Frame" },
				"north": { "uv": [ 5.5, 10.5, 7, 11 ], "texture": "#Frame" },
				"south": { "uv": [ 9, 10.5, 10.5, 11 ], "texture": "#Frame" },
				"east": { "uv": [ 14, 10.5, 15, 11 ], "texture": "#Frame" }
			}
		},
		{
			"__comment": "Frame19",
			"from": [ 9, 5.5, 1.5 ],
			"to": [ 10, 6, 2 ],
			"faces": {
				"up": { "uv": [ 9, 1.5, 10, 2 ], "texture": "#Frame" },
				"south": { "uv": [ 9, 10, 10, 10.5 ], "texture": "#Frame" }
			}
		},
		{
			"__comment": "Frame18",
			"from": [ 9, 10.5, 1 ],
			"to": [ 10.5, 11, 2 ],
			"faces": {
				"down": { "uv": [ 9, 14, 10.5, 15 ], "texture": "#Frame" },
				"up": { "uv": [ 9, 1, 10.5, 2 ], "texture": "#Frame" },
				"north": { "uv": [ 5.5, 5, 7, 5.5 ], "texture": "#Frame" },
				"south": { "uv": [ 9, 5, 10.5, 5.5 ], "texture": "#Frame" },
				"west": { "uv": [ 1, 5, 2, 5.5 ], "texture": "#Frame" },
				"east": { "uv": [ 14, 5, 15, 5.5 ], "texture": "#Frame" }
			}
		},
		{
			"__comment": "Frame17",
			"from": [ 9.5, 11, 1 ],
			"to": [ 14.5, 11.5, 2 ],
			"faces": {
				"down": { "uv": [ 9.5, 14, 14.5, 15 ], "texture": "#Frame" },
				"up": { "uv": [ 9.5, 1, 14.5, 2 ], "texture": "#Frame" },
				"north": { "uv": [ 1.5, 4.5, 6.5, 5 ], "texture": "#Frame" },
				"south": { "uv": [ 9.5, 4.5, 14.5, 5 ], "texture": "#Frame" },
				"west": { "uv": [ 1, 4.5, 2, 5 ], "texture": "#Frame" },
				"east": { "uv": [ 14, 4.5, 15, 5 ], "texture": "#Frame" }
			}
		},
		{
			"__comment": "Frame16",
			"from": [ 10, 4.5, 1.5 ],
			"to": [ 14.5, 5, 2 ],
			"faces": {
				"down": { "uv": [ 10, 14, 14.5, 14.5 ], "texture": "#Frame" },
				"up": { "uv": [ 10, 1.5, 14.5, 2 ], "texture": "#Frame" },
				"south": { "uv": [ 10, 11, 14.5, 11.5 ], "texture": "#Frame" },
				"east": { "uv": [ 14, 11, 14.5, 11.5 ], "texture": "#Frame" }
			}
		},
		{
			"__comment": "Frame15",
			"from": [ 10, 11.5, 1 ],
			"to": [ 14, 12, 2 ],
			"faces": {
				"up": { "uv": [ 10, 1, 14, 2 ], "texture": "#Frame" },
				"north": { "uv": [ 2, 4, 6, 4.5 ], "texture": "#Frame" },
				"south": { "uv": [ 10, 4, 14, 4.5 ], "texture": "#Frame" },
				"west": { "uv": [ 1, 4, 2, 4.5 ], "texture": "#Frame" },
				"east": { "uv": [ 14, 4, 15, 4.5 ], "texture": "#Frame" }
			}
		},
		{
			"__comment": "Frame14",
			"from": [ 13.5, 5, 1 ],
			"to": [ 15, 5.5, 2 ],
			"faces": {
				"down": { "uv": [ 13.5, 14, 15, 15 ], "texture": "#Frame" },
				"up": { "uv": [ 13.5, 1, 15, 2 ], "texture": "#Frame" },
				"north": { "uv": [ 1, 10.5, 2.5, 11 ], "texture": "#Frame" },
				"south": { "uv": [ 13.5, 10.5, 15, 11 ], "texture": "#Frame" },
				"west": { "uv": [ 1, 10.5, 2, 11 ], "texture": "#Frame" },
				"east": { "uv": [ 14, 10.5, 15, 11 ], "texture": "#Frame" }
			}
		},
		{
			"__comment": "Frame13",
			"from": [ 13.5, 10.5, 1 ],
			"to": [ 15, 11, 2 ],
			"faces": {
				"down": { "uv": [ 13.5, 14, 15, 15 ], "texture": "#Frame" },
				"up": { "uv": [ 13.5, 1, 15, 2 ], "texture": "#Frame" },
				"north": { "uv": [ 1, 5, 2.5, 5.5 ], "texture": "#Frame" },
				"south": { "uv": [ 13.5, 5, 15, 5.5 ], "texture": "#Frame" },
				"west": { "uv": [ 1, 5, 2, 5.5 ], "texture": "#Frame" },
				"east": { "uv": [ 14, 5, 15, 5.5 ], "texture": "#Frame" }
			}
		},
		{
			"__comment": "Frame12",
			"from": [ 14, 5.5, 1 ],
			"to": [ 15.5, 6, 2 ],
			"faces": {
				"down": { "uv": [ 14, 14, 15.5, 15 ], "texture": "#Frame" },
				"up": { "uv": [ 14, 1, 15.5, 2 ], "texture": "#Frame" },
				"north": { "uv": [ 0.5, 10, 2, 10.5 ], "texture": "#Frame" },
				"south": { "uv": [ 14, 10, 15.5, 10.5 ], "texture": "#Frame" },
				"west": { "uv": [ 1, 10, 2, 10.5 ], "texture": "#Frame" },
				"east": { "uv": [ 14, 10, 15, 10.5 ], "texture": "#Frame" }
			}
		},
		{
			"__comment": "Frame11",
			"from": [ 14, 10, 1 ],
			"to": [ 15.5, 10.5, 2 ],
			"faces": {
				"down": { "uv": [ 14, 14, 15.5, 15 ], "texture": "#Frame" },
				"up": { "uv": [ 14, 1, 15.5, 2 ], "texture": "#Frame" },
				"north": { "uv": [ 0.5, 5.5, 2, 6 ], "texture": "#Frame" },
				"south": { "uv": [ 14, 5.5, 15.5, 6 ], "texture": "#Frame" },
				"west": { "uv": [ 1, 5.5, 2, 6 ], "texture": "#Frame" },
				"east": { "uv": [ 14, 5.5, 15, 6 ], "texture": "#Frame" }
			}
		},
		{
			"__comment": "Frame10",
			"from": [ 14.5, 6, 1 ],
			"to": [ 16, 6.5, 2 ],
			"faces": {
				"down": { "uv": [ 14.5, 14, 16, 15 ], "texture": "#Frame" },
				"up": { "uv": [ 14.5, 1, 16, 2 ], "texture": "#Frame" },
				"north": { "uv": [ 0, 9.5, 1.5, 10 ], "texture": "#Frame" },
				"south": { "uv": [ 14.5, 9.5, 16, 10 ], "texture": "#Frame" },
				"west": { "uv": [ 1, 9.5, 2, 10 ], "texture": "#Frame" },
				"east": { "uv": [ 14, 9.5, 15, 10 ], "texture": "#Frame", "cullface": "east" }
			}
		},
		{
			"__comment": "Frame9",
			"from": [ 14.5, 9.5, 1 ],
			"to": [ 16, 10, 2 ],
			"faces": {
				"down": { "uv": [ 14.5, 14, 16, 15 ], "texture": "#Frame" },
				"up": { "uv": [ 14.5, 1, 16, 2 ], "texture": "#Frame" },
				"north": { "uv": [ 0, 6, 1.5, 6.5 ], "texture": "#Frame" },
				"south": { "uv": [ 14.5, 6, 16, 6.5 ], "texture": "#Frame" },
				"west": { "uv": [ 1, 6, 2, 6.5 ], "texture": "#Frame" },
				"east": { "uv": [ 14, 6, 15, 6.5 ], "texture": "#Frame", "cullface": "east" }
			}
		},
		{
			"__comment": "Frame8",
			"from": [ 15, 6, 8 ],
			"to": [ 16, 8.5, 8.5 ],
			"faces": {
				"down": { "uv": [ 15, 7.5, 16, 8 ], "texture": "#Frame" },
				"up": { "uv": [ 15, 8, 16, 8.5 ], "texture": "#Frame" },
				"north": { "uv": [ 0, 7.5, 1, 10 ], "texture": "#Frame" },
				"south": { "uv": [ 15, 7.5, 16, 10 ], "texture": "#Frame" },
				"west": { "uv": [ 8, 7.5, 8.5, 10 ], "texture": "#Frame" },
				"east": { "uv": [ 7.5, 7.5, 8, 10 ], "texture": "#Frame", "cullface": "east" }
			}
		},
		{
			"__comment": "Frame7",
			"from": [ 15, 6, 8.5 ],
			"to": [ 16, 8, 9 ],
			"faces": {
				"down": { "uv": [ 15, 7, 16, 7.5 ], "texture": "#Frame" },
				"up": { "uv": [ 15, 8.5, 16, 9 ], "texture": "#Frame" },
				"south": { "uv": [ 15, 8, 16, 10 ], "texture": "#Frame" },
				"west": { "uv": [ 8.5, 8, 9, 10 ], "texture": "#Frame" },
				"east": { "uv": [ 7, 8, 7.5, 10 ], "texture": "#Frame", "cullface": "east" }
			}
		},
		{
			"__comment": "Frame6",
			"from": [ 15, 6.5, 1 ],
			"to": [ 16, 9.5, 1.5 ],
			"faces": {
				"north": { "uv": [ 0, 6.5, 1, 9.5 ], "texture": "#Frame" },
				"south": { "uv": [ 15, 6.5, 16, 9.5 ], "texture": "#Frame" },
				"west": { "uv": [ 1, 6.5, 1.5, 9.5 ], "texture": "#Frame" },
				"east": { "uv": [ 14.5, 6.5, 15, 9.5 ], "texture": "#Frame", "cullface": "east" }
			}
		},
		{
			"__comment": "Frame5",
			"from": [ 15, 6.5, 1.5 ],
			"to": [ 16, 8.5, 2 ],
			"faces": {
				"up": { "uv": [ 15, 1.5, 16, 2 ], "texture": "#Frame" },
				"south": { "uv": [ 15, 7.5, 16, 9.5 ], "texture": "#Frame" },
				"west": { "uv": [ 1.5, 7.5, 2, 9.5 ], "texture": "#Frame" },
				"east": { "uv": [ 14, 7.5, 14.5, 9.5 ], "texture": "#Frame", "cullface": "east" }
			}
		},
		{
			"__comment": "Frame4",
			"from": [ 15, 7.5, 7.5 ],
			"to": [ 16, 9, 8 ],
			"faces": {
				"down": { "uv": [ 15, 8, 16, 8.5 ], "texture": "#Frame" },
				"up": { "uv": [ 15, 7.5, 16, 8 ], "texture": "#Frame" },
				"north": { "uv": [ 0, 7, 1, 8.5 ], "texture": "#Frame" },
				"south": { "uv": [ 15, 7, 16, 8.5 ], "texture": "#Frame" },
				"west": { "uv": [ 7.5, 7, 8, 8.5 ], "texture": "#Frame" },
				"east": { "uv": [ 8, 7, 8.5, 8.5 ], "texture": "#Frame", "cullface": "east" }
			}
		},
		{
			"__comment": "Frame3",
			"from": [ 15, 8, 2 ],
			"to": [ 16, 9, 7.5 ],
			"faces": {
				"down": { "uv": [ 15, 8.5, 16, 14 ], "texture": "#Frame" },
				"up": { "uv": [ 15, 2, 16, 7.5 ], "texture": "#Frame" },
				"north": { "uv": [ 0, 7, 1, 8 ], "texture": "#Frame" },
				"west": { "uv": [ 2, 7, 7.5, 8 ], "texture": "#Frame" },
				"east": { "uv": [ 8.5, 7, 14, 8 ], "texture": "#Frame", "cullface": "east" }
			}
		},
		{
			"__comment": "Frame2",
			"from": [ 15, 9, 1.5 ],
			"to": [ 16, 9.5, 2 ],
			"faces": {
				"down": { "uv": [ 15, 14, 16, 14.5 ], "texture": "#Frame" },
				"south": { "uv": [ 15, 6.5, 16, 7 ], "texture": "#Frame" },
				"east": { "uv": [ 14, 6.5, 14.5, 7 ], "texture": "#Frame", "cullface": "east" }
			}
		},
		{
			"__comment": "Frame1",
			"from": [ 15.5, 8.5, 1.5 ],
			"to": [ 16, 9, 2 ],
			"faces": {
				"east": { "uv": [ 14, 7, 14.5, 7.5 ], "texture": "#Frame", "cullface": "east" }
			}
		},
		{
			"__comment": "Nose",
			"from": [ 6, 2.5, 0 ],
			"to": [ 10, 5, 1 ],
			"faces": {
				"down": { "uv": [ 6, 15, 10, 16 ], "texture": "#Nose" },
				"up": { "uv": [ 6, 0, 10, 1 ], "texture": "#Nose" },
				"north": { "uv": [ 6, 11, 10, 13.5 ], "texture": "#Nose", "cullface": "north" },
				"south": { "uv": [ 6, 11, 10, 13.5 ], "texture": "#Nose" },
				"west": { "uv": [ 0, 11, 1, 13.5 ], "texture": "#Nose" },
				"east": { "uv": [ 15, 11, 16, 13.5 ], "texture": "#Nose" }
			}
		},
		{
			"__comment": "Nose1",
			"from": [ 6, 2.5, 1 ],
			"to": [ 10, 3, 2 ],
			"faces": {
				"down": { "uv": [ 6, 14, 10, 15 ], "texture": "#Nose" },
				"up": { "uv": [ 6, 1, 10, 2 ], "texture": "#Nose" },
				"south": { "uv": [ 6, 13, 10, 13.5 ], "texture": "#Nose" }
			}
		},
		{
			"__comment": "Nose2",
			"from": [ 6, 3, 1.5 ],
			"to": [ 10, 5, 2 ],
			"faces": {
				"up": { "uv": [ 6, 1.5, 10, 2 ], "texture": "#Nose" },
				"north": { "uv": [ 6, 11, 10, 13 ], "texture": "#Nose" },
				"south": { "uv": [ 6, 11, 10, 13 ], "texture": "#Nose" },
				"west": { "uv": [ 1.5, 11, 2, 13 ], "texture": "#Nose" },
				"east": { "uv": [ 14, 11, 14.5, 13 ], "texture": "#Nose" }
			}
		},
		{
			"__comment": "Nose3",
			"from": [ 6, 3.5, 1 ],
			"to": [ 10, 4.5, 1.5 ],
			"faces": {
				"west": { "uv": [ 1, 11.5, 1.5, 12.5 ], "texture": "#Nose" },
				"east": { "uv": [ 14.5, 11.5, 15, 12.5 ], "texture": "#Nose" }
			}
		},
		{
			"__comment": "Nose6",
			"from": [ 6.5, 2, 0 ],
			"to": [ 9.5, 2.5, 2 ],
			"faces": {
				"down": { "uv": [ 6.5, 14, 9.5, 16 ], "texture": "#Nose" },
				"up": { "uv": [ 6.5, 0, 9.5, 2 ], "texture": "#Nose" },
				"north": { "uv": [ 6.5, 13.5, 9.5, 14 ], "texture": "#Nose", "cullface": "north" },
				"south": { "uv": [ 6.5, 13.5, 9.5, 14 ], "texture": "#Nose" },
				"west": { "uv": [ 0, 13.5, 2, 14 ], "texture": "#Nose" },
				"east": { "uv": [ 14, 13.5, 16, 14 ], "texture": "#Nose" }
			}
		},
		{
			"__comment": "Nose4",
			"from": [ 6.5, 2.5, -0.5 ],
			"to": [ 9.5, 5, 0 ],
			"faces": {
				"down": { "uv": [ 6.5, 0, 9.5, 0.5 ], "texture": "#Nose", "cullface": "north" },
				"up": { "uv": [ 6.5, 15.5, 9.5, 16 ], "texture": "#Nose", "cullface": "north" },
				"north": { "uv": [ 6.5, 11, 9.5, 13.5 ], "texture": "#Nose", "cullface": "north" },
				"west": { "uv": [ 15.5, 11, 16, 13.5 ], "texture": "#Nose", "cullface": "north" },
				"east": { "uv": [ 0, 11, 0.5, 13.5 ], "texture": "#Nose", "cullface": "north" }
			}
		},
		{
			"__comment": "Nose5",
			"from": [ 6.5, 5, 0 ],
			"to": [ 9.5, 5.5, 1 ],
			"faces": {
				"up": { "uv": [ 6.5, 0, 9.5, 1 ], "texture": "#Nose" },
				"north": { "uv": [ 6.5, 10.5, 9.5, 11 ], "texture": "#Nose", "cullface": "north" },
				"south": { "uv": [ 6.5, 10.5, 9.5, 11 ], "texture": "#Nose" },
				"west": { "uv": [ 0, 10.5, 1, 11 ], "texture": "#Nose" },
				"east": { "uv": [ 15, 10.5, 16, 11 ], "texture": "#Nose" }
			}
		},
		{
			"__comment": "Nose7",
			"from": [ 7, 2, -0.5 ],
			"to": [ 9, 2.5, 0 ],
			"faces": {
				"down": { "uv": [ 7, 0, 9, 0.5 ], "texture": "#Nose", "cullface": "north" },
				"north": { "uv": [ 7, 13.5, 9, 14 ], "texture": "#Nose", "cullface": "north" },
				"west": { "uv": [ 15.5, 13.5, 16, 14 ], "texture": "#Nose", "cullface": "north" },
				"east": { "uv": [ 0, 13.5, 0.5, 14 ], "texture": "#Nose", "cullface": "north" }
			}
		},
		{
			"__comment": "Nose8",
			"from": [ 7, 2.5, -1 ],
			"to": [ 9, 5, -0.5 ],
			"faces": {
				"down": { "uv": [ 7, 0.5, 9, 1 ], "texture": "#Nose", "cullface": "north" },
				"up": { "uv": [ 7, 15, 9, 15.5 ], "texture": "#Nose", "cullface": "north" },
				"north": { "uv": [ 7, 11, 9, 13.5 ], "texture": "#Nose", "cullface": "north" },
				"west": { "uv": [ 15, 11, 15.5, 13.5 ], "texture": "#Nose", "cullface": "north" },
				"east": { "uv": [ 0.5, 11, 1, 13.5 ], "texture": "#Nose", "cullface": "north" }
			}
		},
		{
			"__comment": "Nose9",
			"from": [ 7, 5, -0.5 ],
			"to": [ 9, 5.5, 0 ],
			"faces": {
				"up": { "uv": [ 7, 15.5, 9, 16 ], "texture": "#Nose", "cullface": "north" },
				"north": { "uv": [ 7, 10.5, 9, 11 ], "texture": "#Nose", "cullface": "north" },
				"west": { "uv": [ 15.5, 10.5, 16, 11 ], "texture": "#Nose", "cullface": "north" },
				"east": { "uv": [ 0, 10.5, 0.5, 11 ], "texture": "#Nose", "cullface": "north" }
			}
		},
		{
			"__comment": "Nose10",
			"from": [ 7, 5, 1 ],
			"to": [ 9, 5.5, 2 ],
			"faces": {
				"down": { "uv": [ 7, 14, 9, 15 ], "texture": "#Nose" },
				"up": { "uv": [ 7, 1, 9, 2 ], "texture": "#Nose" },
				"south": { "uv": [ 7, 10.5, 9, 11 ], "texture": "#Nose" }
			}
		},
		{
			"__comment": "Nose11",
			"from": [ 7, 5.5, 0 ],
			"to": [ 9, 6, 1 ],
			"faces": {
				"up": { "uv": [ 7, 0, 9, 1 ], "texture": "#Nose" },
				"north": { "uv": [ 7, 10, 9, 10.5 ], "texture": "#Nose", "cullface": "north" },
				"west": { "uv": [ 0, 10, 1, 10.5 ], "texture": "#Nose" },
				"east": { "uv": [ 15, 10, 16, 10.5 ], "texture": "#Nose" }
			}
		},
		{
			"__comment": "Nose12",
			"from": [ 7, 5.5, 1.5 ],
			"to": [ 9, 6, 2 ],
			"faces": {
				"south": { "uv": [ 7, 10, 9, 10.5 ], "texture": "#Nose" }
			}
		},
		{
			"__comment": "Eye-Fill",
			"from": [ 1, 6.5, 1.5 ],
			"to": [ 7, 7, 2 ],
			"faces": {
				"down": { "uv": [ 1, 14, 7, 14.5 ], "texture": "#Eyes-Fill" },
				"up": { "uv": [ 1, 1.5, 7, 2 ], "texture": "#Eyes-Fill" },
				"north": { "uv": [ 9, 9, 15, 9.5 ], "texture": "#Eyes-Fill" },
				"south": { "uv": [ 1, 9, 7, 9.5 ], "texture": "#Eyes-Fill" }
			}
		},
		{
			"__comment": "Eye-Fill1",
			"from": [ 1, 7, 1.5 ],
			"to": [ 3.5, 7.5, 2 ],
			"faces": {
				"up": { "uv": [ 1, 1.5, 3.5, 2 ], "texture": "#Eyes-Fill" },
				"north": { "uv": [ 12.5, 8.5, 15, 9 ], "texture": "#Eyes-Fill" },
				"south": { "uv": [ 1, 8.5, 3.5, 9 ], "texture": "#Eyes-Fill" }
			}
		},
		{
			"__comment": "Eye-Fill2",
			"from": [ 1, 7.5, 1.5 ],
			"to": [ 3, 9.5, 2 ],
			"faces": {
				"up": { "uv": [ 1, 1.5, 3, 2 ], "texture": "#Eyes-Fill" },
				"north": { "uv": [ 13, 6.5, 15, 8.5 ], "texture": "#Eyes-Fill" },
				"south": { "uv": [ 1, 6.5, 3, 8.5 ], "texture": "#Eyes-Fill" },
				"east": { "uv": [ 14, 6.5, 14.5, 8.5 ], "texture": "#Eyes-Fill" }
			}
		},
		{
			"__comment": "Eye-Fill3",
			"from": [ 1.5, 6, 1.5 ],
			"to": [ 6.5, 6.5, 2 ],
			"faces": {
				"down": { "uv": [ 1.5, 14, 6.5, 14.5 ], "texture": "#Eyes-Fill" },
				"north": { "uv": [ 9.5, 9.5, 14.5, 10 ], "texture": "#Eyes-Fill" },
				"south": { "uv": [ 1.5, 9.5, 6.5, 10 ], "texture": "#Eyes-Fill" }
			}
		},
		{
			"__comment": "Eye-Fill4",
			"from": [ 1.5, 9.5, 1.5 ],
			"to": [ 6.5, 10, 2 ],
			"faces": {
				"down": { "uv": [ 1.5, 14, 6.5, 14.5 ], "texture": "#Eyes-Fill" },
				"up": { "uv": [ 1.5, 1.5, 6.5, 2 ], "texture": "#Eyes-Fill" },
				"north": { "uv": [ 9.5, 6, 14.5, 6.5 ], "texture": "#Eyes-Fill" },
				"south": { "uv": [ 1.5, 6, 6.5, 6.5 ], "texture": "#Eyes-Fill" }
			}
		},
		{
			"__comment": "Eye-Fill5",
			"from": [ 2, 5.5, 1.5 ],
			"to": [ 6, 6, 2 ],
			"faces": {
				"down": { "uv": [ 2, 14, 6, 14.5 ], "texture": "#Eyes-Fill" },
				"north": { "uv": [ 10, 10, 14, 10.5 ], "texture": "#Eyes-Fill" },
				"south": { "uv": [ 2, 10, 6, 10.5 ], "texture": "#Eyes-Fill" }
			}
		},
		{
			"__comment": "Eye-Fill6",
			"from": [ 2, 10, 1.5 ],
			"to": [ 6, 10.5, 2 ],
			"faces": {
				"up": { "uv": [ 2, 1.5, 6, 2 ], "texture": "#Eyes-Fill" },
				"north": { "uv": [ 10, 5.5, 14, 6 ], "texture": "#Eyes-Fill" },
				"south": { "uv": [ 2, 5.5, 6, 6 ], "texture": "#Eyes-Fill" }
			}
		},
		{
			"__comment": "Eye-Fill7",
			"from": [ 2.5, 5, 1.5 ],
			"to": [ 5.5, 5.5, 2 ],
			"faces": {
				"north": { "uv": [ 10.5, 10.5, 13.5, 11 ], "texture": "#Eyes-Fill" },
				"south": { "uv": [ 2.5, 10.5, 5.5, 11 ], "texture": "#Eyes-Fill" }
			}
		},
		{
			"__comment": "Eye-Fill9",
			"from": [ 2.5, 10.5, 1.5 ],
			"to": [ 5.5, 11, 2 ],
			"faces": {
				"north": { "uv": [ 10.5, 5, 13.5, 5.5 ], "texture": "#Eyes-Fill" },
				"south": { "uv": [ 2.5, 5, 5.5, 5.5 ], "texture": "#Eyes-Fill" }
			}
		},
		{
			"__comment": "Eye-Fill8",
			"from": [ 3, 8.5, 1.5 ],
			"to": [ 3.5, 9.5, 2 ],
			"faces": {
				"north": { "uv": [ 12.5, 6.5, 13, 7.5 ], "texture": "#Eyes-Fill" },
				"south": { "uv": [ 3, 6.5, 3.5, 7.5 ], "texture": "#Eyes-Fill" },
				"east": { "uv": [ 14, 6.5, 14.5, 7.5 ], "texture": "#Eyes-Fill" }
			}
		},
		{
			"__comment": "Eye-Fill10",
			"from": [ 3.5, 9, 1.5 ],
			"to": [ 7, 9.5, 2 ],
			"faces": {
				"down": { "uv": [ 3.5, 14, 7, 14.5 ], "texture": "#Eyes-Fill" },
				"up": { "uv": [ 3.5, 1.5, 7, 2 ], "texture": "#Eyes-Fill" },
				"north": { "uv": [ 9, 6.5, 12.5, 7 ], "texture": "#Eyes-Fill" },
				"south": { "uv": [ 3.5, 6.5, 7, 7 ], "texture": "#Eyes-Fill" }
			}
		},
		{
			"__comment": "Eye-Fill11",
			"from": [ 4.5, 7, 1.5 ],
			"to": [ 7, 7.5, 2 ],
			"faces": {
				"up": { "uv": [ 4.5, 1.5, 7, 2 ], "texture": "#Eyes-Fill" },
				"north": { "uv": [ 9, 8.5, 11.5, 9 ], "texture": "#Eyes-Fill" },
				"south": { "uv": [ 4.5, 8.5, 7, 9 ], "texture": "#Eyes-Fill" }
			}
		},
		{
			"__comment": "Eye-Fill12",
			"from": [ 4.5, 8.5, 1.5 ],
			"to": [ 7, 9, 2 ],
			"faces": {
				"down": { "uv": [ 4.5, 14, 7, 14.5 ], "texture": "#Eyes-Fill" },
				"north": { "uv": [ 9, 7, 11.5, 7.5 ], "texture": "#Eyes-Fill" },
				"south": { "uv": [ 4.5, 7, 7, 7.5 ], "texture": "#Eyes-Fill" }
			}
		},
		{
			"__comment": "Eye-Fill13",
			"from": [ 5, 7.5, 1.5 ],
			"to": [ 7, 8.5, 2 ],
			"faces": {
				"north": { "uv": [ 9, 7.5, 11, 8.5 ], "texture": "#Eyes-Fill" },
				"south": { "uv": [ 5, 7.5, 7, 8.5 ], "texture": "#Eyes-Fill" }
			}
		},
		{
			"__comment": "Eye-Fill14",
			"from": [ 9, 6.5, 1.5 ],
			"to": [ 15, 7, 2 ],
			"faces": {
				"down": { "uv": [ 9, 14, 15, 14.5 ], "texture": "#Eyes-Fill" },
				"up": { "uv": [ 9, 1.5, 15, 2 ], "texture": "#Eyes-Fill" },
				"north": { "uv": [ 1, 9, 7, 9.5 ], "texture": "#Eyes-Fill" },
				"south": { "uv": [ 9, 9, 15, 9.5 ], "texture": "#Eyes-Fill" }
			}
		},
		{
			"__comment": "Eye-Fill15",
			"from": [ 9, 7, 1.5 ],
			"to": [ 11.5, 7.5, 2 ],
			"faces": {
				"up": { "uv": [ 9, 1.5, 11.5, 2 ], "texture": "#Eyes-Fill" },
				"north": { "uv": [ 4.5, 8.5, 7, 9 ], "texture": "#Eyes-Fill" },
				"south": { "uv": [ 9, 8.5, 11.5, 9 ], "texture": "#Eyes-Fill" }
			}
		},
		{
			"__comment": "Eye-Fill16",
			"from": [ 9, 7.5, 1.5 ],
			"to": [ 11, 9.5, 2 ],
			"faces": {
				"up": { "uv": [ 9, 1.5, 11, 2 ], "texture": "#Eyes-Fill" },
				"north": { "uv": [ 5, 6.5, 7, 8.5 ], "texture": "#Eyes-Fill" },
				"south": { "uv": [ 9, 6.5, 11, 8.5 ], "texture": "#Eyes-Fill" },
				"east": { "uv": [ 14, 6.5, 14.5, 8.5 ], "texture": "#Eyes-Fill" }
			}
		},
		{
			"__comment": "Eye-Fill17",
			"from": [ 9.5, 6, 1.5 ],
			"to": [ 14.5, 6.5, 2 ],
			"faces": {
				"down": { "uv": [ 9.5, 14, 14.5, 14.5 ], "texture": "#Eyes-Fill" },
				"north": { "uv": [ 1.5, 9.5, 6.5, 10 ], "texture": "#Eyes-Fill" },
				"south": { "uv": [ 9.5, 9.5, 14.5, 10 ], "texture": "#Eyes-Fill" }
			}
		},
		{
			"__comment": "Eye-Fill18",
			"from": [ 9.5, 9.5, 1.5 ],
			"to": [ 14.5, 10, 2 ],
			"faces": {
				"down": { "uv": [ 9.5, 14, 14.5, 14.5 ], "texture": "#Eyes-Fill" },
				"up": { "uv": [ 9.5, 1.5, 14.5, 2 ], "texture": "#Eyes-Fill" },
				"north": { "uv": [ 1.5, 6, 6.5, 6.5 ], "texture": "#Eyes-Fill" },
				"south": { "uv": [ 9.5, 6, 14.5, 6.5 ], "texture": "#Eyes-Fill" }
			}
		},
		{
			"__comment": "Eye-Fill19",
			"from": [ 10, 5.5, 1.5 ],
			"to": [ 14, 6, 2 ],
			"faces": {
				"down": { "uv": [ 10, 14, 14, 14.5 ], "texture": "#Eyes-Fill" },
				"north": { "uv": [ 2, 10, 6, 10.5 ], "texture": "#Eyes-Fill" },
				"south": { "uv": [ 10, 10, 14, 10.5 ], "texture": "#Eyes-Fill" }
			}
		},
		{
			"__comment": "Eye-Fill20",
			"from": [ 10, 10, 1.5 ],
			"to": [ 14, 10.5, 2 ],
			"faces": {
				"up": { "uv": [ 10, 1.5, 14, 2 ], "texture": "#Eyes-Fill" },
				"north": { "uv": [ 2, 5.5, 6, 6 ], "texture": "#Eyes-Fill" },
				"south": { "uv": [ 10, 5.5, 14, 6 ], "texture": "#Eyes-Fill" }
			}
		},
		{
			"__comment": "Eye-Fill21",
			"from": [ 10.5, 5, 1.5 ],
			"to": [ 13.5, 5.5, 2 ],
			"faces": {
				"north": { "uv": [ 2.5, 10.5, 5.5, 11 ], "texture": "#Eyes-Fill" },
				"south": { "uv": [ 10.5, 10.5, 13.5, 11 ], "texture": "#Eyes-Fill" }
			}
		},
		{
			"__comment": "Eye-Fill22",
			"from": [ 10.5, 10.5, 1.5 ],
			"to": [ 13.5, 11, 2 ],
			"faces": {
				"north": { "uv": [ 2.5, 5, 5.5, 5.5 ], "texture": "#Eyes-Fill" },
				"south": { "uv": [ 10.5, 5, 13.5, 5.5 ], "texture": "#Eyes-Fill" }
			}
		},
		{
			"__comment": "Eye-Fill23",
			"from": [ 11, 8.5, 1.5 ],
			"to": [ 11.5, 9.5, 2 ],
			"faces": {
				"north": { "uv": [ 4.5, 6.5, 5, 7.5 ], "texture": "#Eyes-Fill" },
				"south": { "uv": [ 11, 6.5, 11.5, 7.5 ], "texture": "#Eyes-Fill" },
				"east": { "uv": [ 14, 6.5, 14.5, 7.5 ], "texture": "#Eyes-Fill" }
			}
		},
		{
			"__comment": "Eye-Fill24",
			"from": [ 11.5, 9, 1.5 ],
			"to": [ 15, 9.5, 2 ],
			"faces": {
				"down": { "uv": [ 11.5, 14, 15, 14.5 ], "texture": "#Eyes-Fill" },
				"up": { "uv": [ 11.5, 1.5, 15, 2 ], "texture": "#Eyes-Fill" },
				"north": { "uv": [ 1, 6.5, 4.5, 7 ], "texture": "#Eyes-Fill" },
				"south": { "uv": [ 11.5, 6.5, 15, 7 ], "texture": "#Eyes-Fill" }
			}
		},
		{
			"__comment": "Eye-Fill25",
			"from": [ 12.5, 7, 1.5 ],
			"to": [ 15, 7.5, 2 ],
			"faces": {
				"up": { "uv": [ 12.5, 1.5, 15, 2 ], "texture": "#Eyes-Fill" },
				"north": { "uv": [ 1, 8.5, 3.5, 9 ], "texture": "#Eyes-Fill" },
				"south": { "uv": [ 12.5, 8.5, 15, 9 ], "texture": "#Eyes-Fill" }
			}
		},
		{
			"__comment": "Eye-Fill26",
			"from": [ 12.5, 8.5, 1.5 ],
			"to": [ 15.5, 9, 2 ],
			"faces": {
				"down": { "uv": [ 12.5, 14, 15.5, 14.5 ], "texture": "#Eyes-Fill" },
				"up": { "uv": [ 12.5, 1.5, 15.5, 2 ], "texture": "#Eyes-Fill" },
				"north": { "uv": [ 0.5, 7, 3.5, 7.5 ], "texture": "#Eyes-Fill" },
				"south": { "uv": [ 12.5, 7, 15.5, 7.5 ], "texture": "#Eyes-Fill" }
			}
		},
		{
			"__comment": "Eye-Fill27",
			"from": [ 13, 7.5, 1.5 ],
			"to": [ 15, 8.5, 2 ],
			"faces": {
				"north": { "uv": [ 1, 7.5, 3, 8.5 ], "texture": "#Eyes-Fill" },
				"south": { "uv": [ 13, 7.5, 15, 8.5 ], "texture": "#Eyes-Fill" }
			}
		}
	],
	"display": {
		"thirdperson_righthand": {
			"rotation":  [ 75, 45, 0 ],
			"translation":  [ 3, 1.5, 1.5 ],
			"scale":  [ 0.375, 0.375, 0.375 ]
		},
		"thirdperson_lefthand": {
			"rotation":  [ 75, 45, 0 ],
			"translation":  [ 3, 1.5, 1.5 ],
			"scale":  [ 0.375, 0.375, 0.375 ]
		},
		"firstperson_righthand": {
			"rotation":  [ 0, 90, -25 ],
			"translation":  [ 1.13, 3.2, 1.13 ],
			"scale":  [ 0.68, 0.68, 0.68 ]
		},
		"firstperson_lefthand": {
			"rotation":  [ 0, 90, -25 ],
			"translation":  [ 1.13, 3.2, 1.13 ],
			"scale":  [ 0.68, 0.68, 0.68 ]
		},
		"gui": {
			"rotation":  [ 30, -135, 0 ],
			"translation":  [ -2.5, 2, 0 ],
			"scale":  [ 0.75, 0.75, 0.75 ]
		},
		"head": {
			"translation":  [ 0, 0, -1 ]
		},
		"ground": {
			"translation":  [ 0, 3, 0 ],
			"scale":  [ 0.25, 0.25, 0.25 ]
		},
		"fixed": {
			"translation":  [ 0, 0, 7 ]
		}
	}
}