{
	"__comment": "Designed by Randamonium with Cubik Studio - https://cubik.studio",
	"textures": {
		"Halo": "block/polished_gold"
	},
	"elements": [ 	 
		{
			"__comment": "Halo",
			"from": [ 0, 0, 5 ],
			"to": [ 1, 1, 11 ],
			"faces": {
				"down": { "uv": [ 0, 5, 1, 11 ], "texture": "#Halo" },
				"up": { "uv": [ 0, 5, 1, 11 ], "texture": "#Halo" },
				"north": { "uv": [ 1, 15, 0, 16 ], "texture": "#Halo" },
				"south": { "uv": [ 0, 15, 1, 16 ], "texture": "#Halo" },
				"west": { "uv": [ 5, 15, 11, 16 ], "texture": "#Halo" },
				"east": { "uv": [ 11, 15, 5, 16 ], "texture": "#Halo" }
			}
		},
		{
			"__comment": "Halo1",
			"from": [ 0.5, 0, 4 ],
			"to": [ 1.5, 1, 5 ],
			"faces": {
				"down": { "uv": [ 0.5, 11, 1.5, 12 ], "texture": "#Halo" },
				"up": { "uv": [ 0.5, 4, 1.5, 5 ], "texture": "#Halo" },
				"north": { "uv": [ 1.5, 15, 0.5, 16 ], "texture": "#Halo" },
				"south": { "uv": [ 0.5, 15, 1.5, 16 ], "texture": "#Halo" },
				"west": { "uv": [ 4, 15, 5, 16 ], "texture": "#Halo" },
				"east": { "uv": [ 5, 15, 4, 16 ], "texture": "#Halo" }
			}
		},
		{
			"__comment": "Halo2",
			"from": [ 0.5, 0, 11 ],
			"to": [ 1.5, 1, 12 ],
			"faces": {
				"down": { "uv": [ 0.5, 4, 1.5, 5 ], "texture": "#Halo" },
				"up": { "uv": [ 0.5, 11, 1.5, 12 ], "texture": "#Halo" },
				"north": { "uv": [ 1.5, 15, 0.5, 16 ], "texture": "#Halo" },
				"south": { "uv": [ 0.5, 15, 1.5, 16 ], "texture": "#Halo" },
				"west": { "uv": [ 11, 15, 12, 16 ], "texture": "#Halo" },
				"east": { "uv": [ 12, 15, 11, 16 ], "texture": "#Halo" }
			}
		},
		{
			"__comment": "Halo3",
			"from": [ 1, 0, 3 ],
			"to": [ 2, 1, 4 ],
			"faces": {
				"down": { "uv": [ 1, 12, 2, 13 ], "texture": "#Halo" },
				"up": { "uv": [ 1, 3, 2, 4 ], "texture": "#Halo" },
				"north": { "uv": [ 2, 15, 1, 16 ], "texture": "#Halo" },
				"south": { "uv": [ 1, 15, 2, 16 ], "texture": "#Halo" },
				"west": { "uv": [ 3, 15, 4, 16 ], "texture": "#Halo" },
				"east": { "uv": [ 4, 15, 3, 16 ], "texture": "#Halo" }
			}
		},
		{
			"__comment": "Halo4",
			"from": [ 1, 0, 12 ],
			"to": [ 2, 1, 13 ],
			"faces": {
				"down": { "uv": [ 1, 3, 2, 4 ], "texture": "#Halo" },
				"up": { "uv": [ 1, 12, 2, 13 ], "texture": "#Halo" },
				"north": { "uv": [ 2, 15, 1, 16 ], "texture": "#Halo" },
				"south": { "uv": [ 1, 15, 2, 16 ], "texture": "#Halo" },
				"west": { "uv": [ 12, 15, 13, 16 ], "texture": "#Halo" },
				"east": { "uv": [ 13, 15, 12, 16 ], "texture": "#Halo" }
			}
		},
		{
			"__comment": "Halo5",
			"from": [ 1.5, 0, 2.5 ],
			"to": [ 2.5, 1, 3 ],
			"faces": {
				"down": { "uv": [ 1.5, 13, 2.5, 13.5 ], "texture": "#Halo" },
				"up": { "uv": [ 1.5, 2.5, 2.5, 3 ], "texture": "#Halo" },
				"north": { "uv": [ 2.5, 15, 1.5, 16 ], "texture": "#Halo" },
				"south": { "uv": [ 1.5, 15, 2.5, 16 ], "texture": "#Halo" },
				"west": { "uv": [ 2.5, 15, 3, 16 ], "texture": "#Halo" },
				"east": { "uv": [ 3, 15, 2.5, 16 ], "texture": "#Halo" }
			}
		},
		{
			"__comment": "Halo6",
			"from": [ 1.5, 0, 13 ],
			"to": [ 2.5, 1, 13.5 ],
			"faces": {
				"down": { "uv": [ 1.5, 2.5, 2.5, 3 ], "texture": "#Halo" },
				"up": { "uv": [ 1.5, 13, 2.5, 13.5 ], "texture": "#Halo" },
				"north": { "uv": [ 2.5, 15, 1.5, 16 ], "texture": "#Halo" },
				"south": { "uv": [ 1.5, 15, 2.5, 16 ], "texture": "#Halo" },
				"west": { "uv": [ 13, 15, 13.5, 16 ], "texture": "#Halo" },
				"east": { "uv": [ 13.5, 15, 13, 16 ], "texture": "#Halo" }
			}
		},
		{
			"__comment": "Halo7",
			"from": [ 2, 0, 2 ],
			"to": [ 3, 1, 2.5 ],
			"faces": {
				"down": { "uv": [ 2, 13.5, 3, 14 ], "texture": "#Halo" },
				"up": { "uv": [ 2, 2, 3, 2.5 ], "texture": "#Halo" },
				"north": { "uv": [ 3, 15, 2, 16 ], "texture": "#Halo" },
				"south": { "uv": [ 2, 15, 3, 16 ], "texture": "#Halo" },
				"west": { "uv": [ 2, 15, 2.5, 16 ], "texture": "#Halo" },
				"east": { "uv": [ 2.5, 15, 2, 16 ], "texture": "#Halo" }
			}
		},
		{
			"__comment": "Halo8",
			"from": [ 2, 0, 13.5 ],
			"to": [ 3, 1, 14 ],
			"faces": {
				"down": { "uv": [ 2, 2, 3, 2.5 ], "texture": "#Halo" },
				"up": { "uv": [ 2, 13.5, 3, 14 ], "texture": "#Halo" },
				"north": { "uv": [ 3, 15, 2, 16 ], "texture": "#Halo" },
				"south": { "uv": [ 2, 15, 3, 16 ], "texture": "#Halo" },
				"west": { "uv": [ 13.5, 15, 14, 16 ], "texture": "#Halo" },
				"east": { "uv": [ 14, 15, 13.5, 16 ], "texture": "#Halo" }
			}
		},
		{
			"__comment": "Halo9",
			"from": [ 2.5, 0, 1.5 ],
			"to": [ 4, 1, 2 ],
			"faces": {
				"down": { "uv": [ 2.5, 14, 4, 14.5 ], "texture": "#Halo" },
				"up": { "uv": [ 2.5, 1.5, 4, 2 ], "texture": "#Halo" },
				"north": { "uv": [ 4, 15, 2.5, 16 ], "texture": "#Halo" },
				"south": { "uv": [ 2.5, 15, 4, 16 ], "texture": "#Halo" },
				"west": { "uv": [ 1.5, 15, 2, 16 ], "texture": "#Halo" },
				"east": { "uv": [ 2, 15, 1.5, 16 ], "texture": "#Halo" }
			}
		},
		{
			"__comment": "Halo10",
			"from": [ 2.5, 0, 14 ],
			"to": [ 4, 1, 14.5 ],
			"faces": {
				"down": { "uv": [ 2.5, 1.5, 4, 2 ], "texture": "#Halo" },
				"up": { "uv": [ 2.5, 14, 4, 14.5 ], "texture": "#Halo" },
				"north": { "uv": [ 4, 15, 2.5, 16 ], "texture": "#Halo" },
				"south": { "uv": [ 2.5, 15, 4, 16 ], "texture": "#Halo" },
				"west": { "uv": [ 14, 15, 14.5, 16 ], "texture": "#Halo" },
				"east": { "uv": [ 14.5, 15, 14, 16 ], "texture": "#Halo" }
			}
		},
		{
			"__comment": "Halo11",
			"from": [ 3, 0, 1 ],
			"to": [ 5, 1, 1.5 ],
			"faces": {
				"down": { "uv": [ 3, 14.5, 5, 15 ], "texture": "#Halo" },
				"up": { "uv": [ 3, 1, 5, 1.5 ], "texture": "#Halo" },
				"north": { "uv": [ 5, 15, 3, 16 ], "texture": "#Halo" },
				"south": { "uv": [ 3, 15, 5, 16 ], "texture": "#Halo" },
				"west": { "uv": [ 1, 15, 1.5, 16 ], "texture": "#Halo" },
				"east": { "uv": [ 1.5, 15, 1, 16 ], "texture": "#Halo" }
			}
		},
		{
			"__comment": "Halo12",
			"from": [ 3, 0, 14.5 ],
			"to": [ 5, 1, 15 ],
			"faces": {
				"down": { "uv": [ 3, 1, 5, 1.5 ], "texture": "#Halo" },
				"up": { "uv": [ 3, 14.5, 5, 15 ], "texture": "#Halo" },
				"north": { "uv": [ 5, 15, 3, 16 ], "texture": "#Halo" },
				"south": { "uv": [ 3, 15, 5, 16 ], "texture": "#Halo" },
				"west": { "uv": [ 14.5, 15, 15, 16 ], "texture": "#Halo" },
				"east": { "uv": [ 15, 15, 14.5, 16 ], "texture": "#Halo" }
			}
		},
		{
			"__comment": "Halo13",
			"from": [ 4, 0, 0.5 ],
			"to": [ 12, 1, 1 ],
			"faces": {
				"down": { "uv": [ 4, 15, 12, 15.5 ], "texture": "#Halo" },
				"up": { "uv": [ 4, 0.5, 12, 1 ], "texture": "#Halo" },
				"north": { "uv": [ 12, 15, 4, 16 ], "texture": "#Halo" },
				"south": { "uv": [ 4, 15, 12, 16 ], "texture": "#Halo" },
				"west": { "uv": [ 0.5, 15, 1, 16 ], "texture": "#Halo" },
				"east": { "uv": [ 1, 15, 0.5, 16 ], "texture": "#Halo" }
			}
		},
		{
			"__comment": "Halo14",
			"from": [ 4, 0, 15 ],
			"to": [ 12, 1, 15.5 ],
			"faces": {
				"down": { "uv": [ 4, 0.5, 12, 1 ], "texture": "#Halo" },
				"up": { "uv": [ 4, 15, 12, 15.5 ], "texture": "#Halo" },
				"north": { "uv": [ 12, 15, 4, 16 ], "texture": "#Halo" },
				"south": { "uv": [ 4, 15, 12, 16 ], "texture": "#Halo" },
				"west": { "uv": [ 15, 15, 15.5, 16 ], "texture": "#Halo" },
				"east": { "uv": [ 15.5, 15, 15, 16 ], "texture": "#Halo" }
			}
		},
		{
			"__comment": "Halo15",
			"from": [ 5, 0, 0 ],
			"to": [ 11, 1, 0.5 ],
			"faces": {
				"down": { "uv": [ 5, 15.5, 11, 16 ], "texture": "#Halo" },
				"up": { "uv": [ 5, 0, 11, 0.5 ], "texture": "#Halo" },
				"north": { "uv": [ 11, 15, 5, 16 ], "texture": "#Halo" },
				"south": { "uv": [ 5, 15, 11, 16 ], "texture": "#Halo" },
				"west": { "uv": [ 0, 15, 0.5, 16 ], "texture": "#Halo" },
				"east": { "uv": [ 0.5, 15, 0, 16 ], "texture": "#Halo" }
			}
		},
		{
			"__comment": "Halo16",
			"from": [ 5, 0, 15.5 ],
			"to": [ 11, 1, 16 ],
			"faces": {
				"down": { "uv": [ 5, 0, 11, 0.5 ], "texture": "#Halo" },
				"up": { "uv": [ 5, 15.5, 11, 16 ], "texture": "#Halo" },
				"north": { "uv": [ 11, 15, 5, 16 ], "texture": "#Halo" },
				"south": { "uv": [ 5, 15, 11, 16 ], "texture": "#Halo" },
				"west": { "uv": [ 15.5, 15, 16, 16 ], "texture": "#Halo" },
				"east": { "uv": [ 16, 15, 15.5, 16 ], "texture": "#Halo" }
			}
		},
		{
			"__comment": "Halo17",
			"from": [ 11, 0, 1 ],
			"to": [ 13, 1, 1.5 ],
			"faces": {
				"down": { "uv": [ 11, 14.5, 13, 15 ], "texture": "#Halo" },
				"up": { "uv": [ 11, 1, 13, 1.5 ], "texture": "#Halo" },
				"north": { "uv": [ 13, 15, 11, 16 ], "texture": "#Halo" },
				"south": { "uv": [ 11, 15, 13, 16 ], "texture": "#Halo" },
				"west": { "uv": [ 1, 15, 1.5, 16 ], "texture": "#Halo" },
				"east": { "uv": [ 1.5, 15, 1, 16 ], "texture": "#Halo" }
			}
		},
		{
			"__comment": "Halo18",
			"from": [ 11, 0, 14.5 ],
			"to": [ 13, 1, 15 ],
			"faces": {
				"down": { "uv": [ 11, 1, 13, 1.5 ], "texture": "#Halo" },
				"up": { "uv": [ 11, 14.5, 13, 15 ], "texture": "#Halo" },
				"north": { "uv": [ 13, 15, 11, 16 ], "texture": "#Halo" },
				"south": { "uv": [ 11, 15, 13, 16 ], "texture": "#Halo" },
				"west": { "uv": [ 14.5, 15, 15, 16 ], "texture": "#Halo" },
				"east": { "uv": [ 15, 15, 14.5, 16 ], "texture": "#Halo" }
			}
		},
		{
			"__comment": "Halo19",
			"from": [ 12, 0, 1.5 ],
			"to": [ 13.5, 1, 2 ],
			"faces": {
				"down": { "uv": [ 12, 14, 13.5, 14.5 ], "texture": "#Halo" },
				"up": { "uv": [ 12, 1.5, 13.5, 2 ], "texture": "#Halo" },
				"north": { "uv": [ 13.5, 15, 12, 16 ], "texture": "#Halo" },
				"south": { "uv": [ 12, 15, 13.5, 16 ], "texture": "#Halo" },
				"west": { "uv": [ 1.5, 15, 2, 16 ], "texture": "#Halo" },
				"east": { "uv": [ 2, 15, 1.5, 16 ], "texture": "#Halo" }
			}
		},
		{
			"__comment": "Halo20",
			"from": [ 12, 0, 14 ],
			"to": [ 13.5, 1, 14.5 ],
			"faces": {
				"down": { "uv": [ 12, 1.5, 13.5, 2 ], "texture": "#Halo" },
				"up": { "uv": [ 12, 14, 13.5, 14.5 ], "texture": "#Halo" },
				"north": { "uv": [ 13.5, 15, 12, 16 ], "texture": "#Halo" },
				"south": { "uv": [ 12, 15, 13.5, 16 ], "texture": "#Halo" },
				"west": { "uv": [ 14, 15, 14.5, 16 ], "texture": "#Halo" },
				"east": { "uv": [ 14.5, 15, 14, 16 ], "texture": "#Halo" }
			}
		},
		{
			"__comment": "Halo21",
			"from": [ 13, 0, 2 ],
			"to": [ 14, 1, 2.5 ],
			"faces": {
				"down": { "uv": [ 13, 13.5, 14, 14 ], "texture": "#Halo" },
				"up": { "uv": [ 13, 2, 14, 2.5 ], "texture": "#Halo" },
				"north": { "uv": [ 14, 15, 13, 16 ], "texture": "#Halo" },
				"south": { "uv": [ 13, 15, 14, 16 ], "texture": "#Halo" },
				"west": { "uv": [ 2, 15, 2.5, 16 ], "texture": "#Halo" },
				"east": { "uv": [ 2.5, 15, 2, 16 ], "texture": "#Halo" }
			}
		},
		{
			"__comment": "Halo22",
			"from": [ 13, 0, 13.5 ],
			"to": [ 14, 1, 14 ],
			"faces": {
				"down": { "uv": [ 13, 2, 14, 2.5 ], "texture": "#Halo" },
				"up": { "uv": [ 13, 13.5, 14, 14 ], "texture": "#Halo" },
				"north": { "uv": [ 14, 15, 13, 16 ], "texture": "#Halo" },
				"south": { "uv": [ 13, 15, 14, 16 ], "texture": "#Halo" },
				"west": { "uv": [ 13.5, 15, 14, 16 ], "texture": "#Halo" },
				"east": { "uv": [ 14, 15, 13.5, 16 ], "texture": "#Halo" }
			}
		},
		{
			"__comment": "Halo23",
			"from": [ 13.5, 0, 2.5 ],
			"to": [ 14.5, 1, 3 ],
			"faces": {
				"down": { "uv": [ 13.5, 13, 14.5, 13.5 ], "texture": "#Halo" },
				"up": { "uv": [ 13.5, 2.5, 14.5, 3 ], "texture": "#Halo" },
				"north": { "uv": [ 14.5, 15, 13.5, 16 ], "texture": "#Halo" },
				"south": { "uv": [ 13.5, 15, 14.5, 16 ], "texture": "#Halo" },
				"west": { "uv": [ 2.5, 15, 3, 16 ], "texture": "#Halo" },
				"east": { "uv": [ 3, 15, 2.5, 16 ], "texture": "#Halo" }
			}
		},
		{
			"__comment": "Halo24",
			"from": [ 13.5, 0, 13 ],
			"to": [ 14.5, 1, 13.5 ],
			"faces": {
				"down": { "uv": [ 13.5, 2.5, 14.5, 3 ], "texture": "#Halo" },
				"up": { "uv": [ 13.5, 13, 14.5, 13.5 ], "texture": "#Halo" },
				"north": { "uv": [ 14.5, 15, 13.5, 16 ], "texture": "#Halo" },
				"south": { "uv": [ 13.5, 15, 14.5, 16 ], "texture": "#Halo" },
				"west": { "uv": [ 13, 15, 13.5, 16 ], "texture": "#Halo" },
				"east": { "uv": [ 13.5, 15, 13, 16 ], "texture": "#Halo" }
			}
		},
		{
			"__comment": "Halo25",
			"from": [ 14, 0, 3 ],
			"to": [ 15, 1, 4 ],
			"faces": {
				"down": { "uv": [ 14, 12, 15, 13 ], "texture": "#Halo" },
				"up": { "uv": [ 14, 3, 15, 4 ], "texture": "#Halo" },
				"north": { "uv": [ 15, 15, 14, 16 ], "texture": "#Halo" },
				"south": { "uv": [ 14, 15, 15, 16 ], "texture": "#Halo" },
				"west": { "uv": [ 3, 15, 4, 16 ], "texture": "#Halo" },
				"east": { "uv": [ 4, 15, 3, 16 ], "texture": "#Halo" }
			}
		},
		{
			"__comment": "Halo26",
			"from": [ 14, 0, 12 ],
			"to": [ 15, 1, 13 ],
			"faces": {
				"down": { "uv": [ 14, 3, 15, 4 ], "texture": "#Halo" },
				"up": { "uv": [ 14, 12, 15, 13 ], "texture": "#Halo" },
				"north": { "uv": [ 15, 15, 14, 16 ], "texture": "#Halo" },
				"south": { "uv": [ 14, 15, 15, 16 ], "texture": "#Halo" },
				"west": { "uv": [ 12, 15, 13, 16 ], "texture": "#Halo" },
				"east": { "uv": [ 13, 15, 12, 16 ], "texture": "#Halo" }
			}
		},
		{
			"__comment": "Halo27",
			"from": [ 14.5, 0, 4 ],
			"to": [ 15.5, 1, 5 ],
			"faces": {
				"down": { "uv": [ 14.5, 11, 15.5, 12 ], "texture": "#Halo" },
				"up": { "uv": [ 14.5, 4, 15.5, 5 ], "texture": "#Halo" },
				"north": { "uv": [ 15.5, 15, 14.5, 16 ], "texture": "#Halo" },
				"south": { "uv": [ 14.5, 15, 15.5, 16 ], "texture": "#Halo" },
				"west": { "uv": [ 4, 15, 5, 16 ], "texture": "#Halo" },
				"east": { "uv": [ 5, 15, 4, 16 ], "texture": "#Halo" }
			}
		},
		{
			"__comment": "Halo28",
			"from": [ 14.5, 0, 11 ],
			"to": [ 15.5, 1, 12 ],
			"faces": {
				"down": { "uv": [ 14.5, 4, 15.5, 5 ], "texture": "#Halo" },
				"up": { "uv": [ 14.5, 11, 15.5, 12 ], "texture": "#Halo" },
				"north": { "uv": [ 15.5, 15, 14.5, 16 ], "texture": "#Halo" },
				"south": { "uv": [ 14.5, 15, 15.5, 16 ], "texture": "#Halo" },
				"west": { "uv": [ 11, 15, 12, 16 ], "texture": "#Halo" },
				"east": { "uv": [ 12, 15, 11, 16 ], "texture": "#Halo" }
			}
		},
		{
			"__comment": "Halo29",
			"from": [ 15, 0, 5 ],
			"to": [ 16, 1, 11 ],
			"faces": {
				"down": { "uv": [ 15, 5, 16, 11 ], "texture": "#Halo" },
				"up": { "uv": [ 15, 5, 16, 11 ], "texture": "#Halo" },
				"north": { "uv": [ 16, 15, 15, 16 ], "texture": "#Halo" },
				"south": { "uv": [ 15, 15, 16, 16 ], "texture": "#Halo" },
				"west": { "uv": [ 5, 15, 11, 16 ], "texture": "#Halo" },
				"east": { "uv": [ 11, 15, 5, 16 ], "texture": "#Halo" }
			}
		}
	],
	"display": {
		"thirdperson_righthand": {
			"rotation":  [ 75, 45, 0 ],
			"translation":  [ 0, 2.5, 3 ],
			"scale":  [ 0.375, 0.375, 0.375 ]
		},
		"thirdperson_lefthand": {
			"rotation":  [ 75, 45, 0 ],
			"translation":  [ 0, 2.5, 3 ],
			"scale":  [ 0.375, 0.375, 0.375 ]
		},
		"firstperson_righthand": {
			"rotation":  [ -160, 45, 22.5 ],
			"translation":  [ 0, 1, 0 ],
			"scale":  [ 0.4, 0.4, 0.4 ]
		},
		"firstperson_lefthand": {
			"rotation":  [ -160, 45, 22.5 ],
			"translation":  [ 0, 1, 0 ],
			"scale":  [ 0.4, 0.4, 0.4 ]
		},
		"gui": {
			"rotation":  [ 30, 225, 0 ],
			"translation":  [ 0, 3.5, 0 ],
			"scale":  [ 0.625, 0.625, 0.625 ]
		},
		"head": {
			"translation":  [ 0, 18, 0 ]
		},
		"ground": {
			"translation":  [ 0, 3, 0 ],
			"scale":  [ 0.25, 0.25, 0.25 ]
		},
		"fixed": {
			"rotation":  [ -90, 45, 0 ],
			"translation":  [ 0, 0, -6 ]
		}
	}
}