{
	"__comment": "Model animated using Fizzy's model animator - http://fizzy81.github.io/animated-models/",
	"textures": {
		"main": "cosmetic/hat/magicarp"
	},
	"elements": [ 	 
		{
			"__comment": "Magikarp",
			"from": [ 0, 0, 0 ],
			"to": [ 16, 1, 16 ],
			"faces": {
				"down": { "uv": [ 0, 0, 2, 2 ], "texture": "#main" },
				"up": { "uv": [ 0, 0, 2, 2 ], "texture": "#main" },
				"north": { "uv": [ 0, 0, 2, 0.125 ], "texture": "#main" },
				"south": { "uv": [ 0, 0, 2, 0.125 ], "texture": "#main" },
				"west": { "uv": [ 0, 0, 2, 0.125 ], "texture": "#main" },
				"east": { "uv": [ 0, 0, 2, 0.125 ], "texture": "#main" }
			}
		},
		{
			"__comment": "Magikarp1",
			"from": [ 0.5, 1, 0.5 ],
			"to": [ 15.5, 8, 15.5 ],
			"faces": {
				"down": { "uv": [ 2, 0, 3.875, 1.875 ], "texture": "#main" },
				"up": { "uv": [ 2, 0, 3.875, 1.875 ], "texture": "#main" },
				"north": { "uv": [ 2, 0, 3.875, 0.875 ], "texture": "#main" },
				"south": { "uv": [ 2, 0, 3.875, 0.875 ], "texture": "#main" },
				"west": { "uv": [ 2, 0, 3.875, 0.875 ], "texture": "#main" },
				"east": { "uv": [ 2, 0, 3.875, 0.875 ], "texture": "#main" }
			}
		},
		{
			"__comment": "Magikarp2",
			"from": [ 1.5, 7, 1.5 ],
			"to": [ 14.5, 14, 14.5 ],
			"faces": {
				"down": { "uv": [ 2, 0, 3.625, 1.625 ], "texture": "#main" },
				"up": { "uv": [ 2, 0, 3.625, 1.625 ], "texture": "#main" },
				"north": { "uv": [ 2, 0, 3.625, 0.875 ], "texture": "#main" },
				"south": { "uv": [ 2, 0, 3.625, 0.875 ], "texture": "#main" },
				"west": { "uv": [ 2, 0, 3.625, 0.875 ], "texture": "#main" },
				"east": { "uv": [ 2, 0, 3.625, 0.875 ], "texture": "#main" }
			}
		},
		{
			"__comment": "Magikarp3",
			"from": [ 4.5, 11, 2.5 ],
			"to": [ 15.5, 18, 13.5 ],
			"rotation": { "origin": [ 8, 8, 8 ], "axis": "z", "angle": 22.5 },
			"faces": {
				"down": { "uv": [ 2, 0, 3.375, 1.375 ], "texture": "#main" },
				"up": { "uv": [ 2, 0, 3.375, 1.375 ], "texture": "#main" },
				"north": { "uv": [ 2, 0, 3.375, 0.875 ], "texture": "#main" },
				"south": { "uv": [ 2, 0, 3.375, 0.875 ], "texture": "#main" },
				"west": { "uv": [ 2, 0, 3.375, 0.875 ], "texture": "#main" },
				"east": { "uv": [ 2, 0, 3.375, 0.875 ], "texture": "#main" }
			}
		},
		{
			"__comment": "Magikarp4",
			"from": [ 8.5, 12, 4 ],
			"to": [ 16.5, 19, 12 ],
			"rotation": { "origin": [ 8, 8, 8 ], "axis": "z", "angle": 45 },
			"faces": {
				"down": { "uv": [ 2, 0, 3, 1 ], "texture": "#main" },
				"up": { "uv": [ 2, 0, 3, 1 ], "texture": "#main" },
				"north": { "uv": [ 2, 0, 3, 0.875 ], "texture": "#main" },
				"south": { "uv": [ 2, 0, 3, 0.875 ], "texture": "#main" },
				"west": { "uv": [ 2, 0, 3, 0.875 ], "texture": "#main" },
				"east": { "uv": [ 2, 0, 3, 0.875 ], "texture": "#main" }
			}
		},
		{
			"__comment": "Magikarp5",
			"from": [ -3, 13, 5 ],
			"to": [ 3, 19, 11 ],
			"rotation": { "origin": [ 8, 8, 8 ], "axis": "z", "angle": -22.5 },
			"faces": {
				"down": { "uv": [ 2, 0, 2.75, 0.75 ], "texture": "#main" },
				"up": { "uv": [ 2, 0, 2.75, 0.75 ], "texture": "#main" },
				"north": { "uv": [ 2, 0, 2.75, 0.75 ], "texture": "#main" },
				"south": { "uv": [ 2, 0, 2.75, 0.75 ], "texture": "#main" },
				"west": { "uv": [ 2, 0, 2.75, 0.75 ], "texture": "#main" },
				"east": { "uv": [ 2, 0, 2.75, 0.75 ], "texture": "#main" }
			}
		},
		{
			"__comment": "Magikarp6",
			"from": [ -1, 17.5, 6 ],
			"to": [ 3, 21.5, 10 ],
			"faces": {
				"down": { "uv": [ 2, 0, 2.5, 0.5 ], "texture": "#main" },
				"up": { "uv": [ 2, 0, 2.5, 0.5 ], "texture": "#main" },
				"north": { "uv": [ 2, 0, 2.5, 0.5 ], "texture": "#main" },
				"south": { "uv": [ 2, 0, 2.5, 0.5 ], "texture": "#main" },
				"west": { "uv": [ 2, 0, 2.5, 0.5 ], "texture": "#main" },
				"east": { "uv": [ 2, 0, 2.5, 0.5 ], "texture": "#main" }
			}
		},
		{
			"__comment": "Magikarp7",
			"from": [ 3, 21, 7 ],
			"to": [ 5, 23, 9 ],
			"rotation": { "origin": [ 8, 8, 8 ], "axis": "z", "angle": 22.5 },
			"faces": {
				"down": { "uv": [ 2, 0, 2.25, 0.25 ], "texture": "#main" },
				"up": { "uv": [ 2, 0, 2.25, 0.25 ], "texture": "#main" },
				"north": { "uv": [ 2, 0, 2.25, 0.25 ], "texture": "#main" },
				"south": { "uv": [ 2, 0, 2.25, 0.25 ], "texture": "#main" },
				"west": { "uv": [ 2, 0, 2.25, 0.25 ], "texture": "#main" },
				"east": { "uv": [ 2, 0, 2.25, 0.25 ], "texture": "#main" }
			}
		},
		{
			"__comment": "Magikarp8",
			"from": [ 10, 4, 15 ],
			"to": [ 13, 7, 16 ],
			"faces": {
				"down": { "uv": [ 4, 0, 4.375, 0.125 ], "texture": "#main" },
				"up": { "uv": [ 4, 0, 4.375, 0.125 ], "texture": "#main" },
				"north": { "uv": [ 4, 0, 4.375, 0.375 ], "texture": "#main" },
				"south": { "uv": [ 4, 0, 4.375, 0.375 ], "texture": "#main" },
				"west": { "uv": [ 4, 0, 4.125, 0.375 ], "texture": "#main" },
				"east": { "uv": [ 4, 0, 4.125, 0.375 ], "texture": "#main" }
			}
		},
		{
			"__comment": "Magikarp9",
			"from": [ 10, 4, 0 ],
			"to": [ 13, 7, 1 ],
			"faces": {
				"down": { "uv": [ 4, 0, 4.375, 0.125 ], "texture": "#main" },
				"up": { "uv": [ 4, 0, 4.375, 0.125 ], "texture": "#main" },
				"north": { "uv": [ 4, 0, 4.375, 0.375 ], "texture": "#main" },
				"south": { "uv": [ 4, 0, 4.375, 0.375 ], "texture": "#main" },
				"west": { "uv": [ 4, 0, 4.125, 0.375 ], "texture": "#main" },
				"east": { "uv": [ 4, 0, 4.125, 0.375 ], "texture": "#main" }
			}
		},
		{
			"__comment": "Magikarp10",
			"from": [ 8, 22.5, 6 ],
			"to": [ 9, 23.1, 10 ],
			"rotation": { "origin": [ 8, 8, 8 ], "axis": "z", "angle": 45 },
			"faces": {
				"down": { "uv": [ 4, 0, 4.125, 0.5 ], "texture": "#main" },
				"up": { "uv": [ 4, 0, 4.125, 0.5 ], "texture": "#main" },
				"north": { "uv": [ 4, 0, 4.125, 0.07499981 ], "texture": "#main" },
				"south": { "uv": [ 4, 0, 4.125, 0.07499981 ], "texture": "#main" },
				"west": { "uv": [ 4, 0, 4.5, 0.07499981 ], "texture": "#main" },
				"east": { "uv": [ 4, 0, 4.5, 0.07499981 ], "texture": "#main" }
			}
		},
		{
			"__comment": "Magikarp11",
			"from": [ 7, 22.5, 5 ],
			"to": [ 8, 23.1, 11 ],
			"rotation": { "origin": [ 8, 8, 8 ], "axis": "z", "angle": 45 },
			"faces": {
				"down": { "uv": [ 4, 0, 4.125, 0.75 ], "texture": "#main" },
				"up": { "uv": [ 4, 0, 4.125, 0.75 ], "texture": "#main" },
				"north": { "uv": [ 4, 0, 4.125, 0.07499981 ], "texture": "#main" },
				"south": { "uv": [ 4, 0, 4.125, 0.07499981 ], "texture": "#main" },
				"west": { "uv": [ 4, 0, 4.75, 0.07499981 ], "texture": "#main" },
				"east": { "uv": [ 4, 0, 4.75, 0.07499981 ], "texture": "#main" }
			}
		},
		{
			"__comment": "Magikarp12",
			"from": [ 6, 22.5, 4 ],
			"to": [ 7, 23.1, 7 ],
			"rotation": { "origin": [ 8, 8, 8 ], "axis": "z", "angle": 45 },
			"faces": {
				"down": { "uv": [ 4, 0, 4.125, 0.375 ], "texture": "#main" },
				"up": { "uv": [ 4, 0, 4.125, 0.375 ], "texture": "#main" },
				"north": { "uv": [ 4, 0, 4.125, 0.07499981 ], "texture": "#main" },
				"south": { "uv": [ 4, 0, 4.125, 0.07499981 ], "texture": "#main" },
				"west": { "uv": [ 4, 0, 4.375, 0.07499981 ], "texture": "#main" },
				"east": { "uv": [ 4, 0, 4.375, 0.07499981 ], "texture": "#main" }
			}
		},
		{
			"__comment": "Magikarp13",
			"from": [ 6, 22.5, 9 ],
			"to": [ 7, 23.1, 12 ],
			"rotation": { "origin": [ 8, 8, 8 ], "axis": "z", "angle": 45 },
			"faces": {
				"down": { "uv": [ 4, 0, 4.125, 0.375 ], "texture": "#main" },
				"up": { "uv": [ 4, 0, 4.125, 0.375 ], "texture": "#main" },
				"north": { "uv": [ 4, 0, 4.125, 0.07499981 ], "texture": "#main" },
				"south": { "uv": [ 4, 0, 4.125, 0.07499981 ], "texture": "#main" },
				"west": { "uv": [ 4, 0, 4.375, 0.07499981 ], "texture": "#main" },
				"east": { "uv": [ 4, 0, 4.375, 0.07499981 ], "texture": "#main" }
			}
		},
		{
			"__comment": "Magikarp14",
			"from": [ 11, 5, -0.09999999 ],
			"to": [ 11.5, 5.5, 0.9 ],
			"faces": {
				"down": { "uv": [ 6, 0, 6.0625, 0.125 ], "texture": "#main" },
				"up": { "uv": [ 6, 0, 6.0625, 0.125 ], "texture": "#main" },
				"north": { "uv": [ 6, 0, 6.0625, 0.0625 ], "texture": "#main" },
				"south": { "uv": [ 6, 0, 6.0625, 0.0625 ], "texture": "#main" },
				"west": { "uv": [ 6, 0, 6.125, 0.0625 ], "texture": "#main" },
				"east": { "uv": [ 6, 0, 6.125, 0.0625 ], "texture": "#main" }
			}
		},
		{
			"__comment": "Magikarp15",
			"from": [ 11, 5, 15.1 ],
			"to": [ 11.5, 5.5, 16.1 ],
			"faces": {
				"down": { "uv": [ 6, 0, 6.0625, 0.125 ], "texture": "#main" },
				"up": { "uv": [ 6, 0, 6.0625, 0.125 ], "texture": "#main" },
				"north": { "uv": [ 6, 0, 6.0625, 0.0625 ], "texture": "#main" },
				"south": { "uv": [ 6, 0, 6.0625, 0.0625 ], "texture": "#main" },
				"west": { "uv": [ 6, 0, 6.125, 0.0625 ], "texture": "#main" },
				"east": { "uv": [ 6, 0, 6.125, 0.0625 ], "texture": "#main" }
			}
		},
		{
			"__comment": "Magikarp16",
			"from": [ 9, 22.5, 6 ],
			"to": [ 9.3, 23.1, 10 ],
			"rotation": { "origin": [ 8, 8, 8 ], "axis": "z", "angle": 45 },
			"faces": {
				"down": { "uv": [ 2, 0, 2.0375, 0.5 ], "texture": "#main" },
				"up": { "uv": [ 2, 0, 2.0375, 0.5 ], "texture": "#main" },
				"north": { "uv": [ 2, 0, 2.0375, 0.07499981 ], "texture": "#main" },
				"south": { "uv": [ 2, 0, 2.0375, 0.07499981 ], "texture": "#main" },
				"west": { "uv": [ 2, 0, 2.5, 0.07499981 ], "texture": "#main" },
				"east": { "uv": [ 2, 0, 2.5, 0.07499981 ], "texture": "#main" }
			}
		},
		{
			"__comment": "Magikarp17",
			"from": [ 8, 22.5, 10 ],
			"to": [ 8.3, 23.1, 11 ],
			"rotation": { "origin": [ 8, 8, 8 ], "axis": "z", "angle": 45 },
			"faces": {
				"down": { "uv": [ 2, 0, 2.0375, 0.125 ], "texture": "#main" },
				"up": { "uv": [ 2, 0, 2.0375, 0.125 ], "texture": "#main" },
				"north": { "uv": [ 2, 0, 2.0375, 0.07499981 ], "texture": "#main" },
				"south": { "uv": [ 2, 0, 2.0375, 0.07499981 ], "texture": "#main" },
				"west": { "uv": [ 2, 0, 2.125, 0.07499981 ], "texture": "#main" },
				"east": { "uv": [ 2, 0, 2.125, 0.07499981 ], "texture": "#main" }
			}
		},
		{
			"__comment": "Magikarp18",
			"from": [ 7, 22.5, 11 ],
			"to": [ 7.3, 23.1, 12 ],
			"rotation": { "origin": [ 8, 8, 8 ], "axis": "z", "angle": 45 },
			"faces": {
				"down": { "uv": [ 2, 0, 2.0375, 0.125 ], "texture": "#main" },
				"up": { "uv": [ 2, 0, 2.0375, 0.125 ], "texture": "#main" },
				"north": { "uv": [ 2, 0, 2.0375, 0.07499981 ], "texture": "#main" },
				"south": { "uv": [ 2, 0, 2.0375, 0.07499981 ], "texture": "#main" },
				"west": { "uv": [ 2, 0, 2.125, 0.07499981 ], "texture": "#main" },
				"east": { "uv": [ 2, 0, 2.125, 0.07499981 ], "texture": "#main" }
			}
		},
		{
			"__comment": "Magikarp19",
			"from": [ 7, 22.5, 11 ],
			"to": [ 8.3, 23.1, 11.3 ],
			"rotation": { "origin": [ 8, 8, 8 ], "axis": "z", "angle": 45 },
			"faces": {
				"down": { "uv": [ 2, 0, 2.1625, 0.03750038 ], "texture": "#main" },
				"up": { "uv": [ 2, 0, 2.1625, 0.03750038 ], "texture": "#main" },
				"north": { "uv": [ 2, 0, 2.1625, 0.07499981 ], "texture": "#main" },
				"south": { "uv": [ 2, 0, 2.1625, 0.07499981 ], "texture": "#main" },
				"west": { "uv": [ 2, 0, 2.0375, 0.07499981 ], "texture": "#main" },
				"east": { "uv": [ 2, 0, 2.0375, 0.07499981 ], "texture": "#main" }
			}
		},
		{
			"__comment": "Magikarp20",
			"from": [ 8, 22.5, 10 ],
			"to": [ 9.3, 23.1, 10.3 ],
			"rotation": { "origin": [ 8, 8, 8 ], "axis": "z", "angle": 45 },
			"faces": {
				"down": { "uv": [ 2, 0, 2.1625, 0.03750038 ], "texture": "#main" },
				"up": { "uv": [ 2, 0, 2.1625, 0.03750038 ], "texture": "#main" },
				"north": { "uv": [ 2, 0, 2.1625, 0.07499981 ], "texture": "#main" },
				"south": { "uv": [ 2, 0, 2.1625, 0.07499981 ], "texture": "#main" },
				"west": { "uv": [ 2, 0, 2.0375, 0.07499981 ], "texture": "#main" },
				"east": { "uv": [ 2, 0, 2.0375, 0.07499981 ], "texture": "#main" }
			}
		},
		{
			"__comment": "Magikarp21",
			"from": [ 6, 22.5, 12 ],
			"to": [ 7.3, 23.1, 12.3 ],
			"rotation": { "origin": [ 8, 8, 8 ], "axis": "z", "angle": 45 },
			"faces": {
				"down": { "uv": [ 2, 0, 2.1625, 0.03750038 ], "texture": "#main" },
				"up": { "uv": [ 2, 0, 2.1625, 0.03750038 ], "texture": "#main" },
				"north": { "uv": [ 2, 0, 2.1625, 0.07499981 ], "texture": "#main" },
				"south": { "uv": [ 2, 0, 2.1625, 0.07499981 ], "texture": "#main" },
				"west": { "uv": [ 2, 0, 2.0375, 0.07499981 ], "texture": "#main" },
				"east": { "uv": [ 2, 0, 2.0375, 0.07499981 ], "texture": "#main" }
			}
		},
		{
			"__comment": "Magikarp22",
			"from": [ 6, 22.5, 3.7 ],
			"to": [ 7.3, 23.1, 4 ],
			"rotation": { "origin": [ 8, 8, 8 ], "axis": "z", "angle": 45 },
			"faces": {
				"down": { "uv": [ 2, 0, 2.1625, 0.03750038 ], "texture": "#main" },
				"up": { "uv": [ 2, 0, 2.1625, 0.03750038 ], "texture": "#main" },
				"north": { "uv": [ 2, 0, 2.1625, 0.07499981 ], "texture": "#main" },
				"south": { "uv": [ 2, 0, 2.1625, 0.07499981 ], "texture": "#main" },
				"west": { "uv": [ 2, 0, 2.0375, 0.07499981 ], "texture": "#main" },
				"east": { "uv": [ 2, 0, 2.0375, 0.07499981 ], "texture": "#main" }
			}
		},
		{
			"__comment": "Magikarp23",
			"from": [ 7, 22.5, 4 ],
			"to": [ 7.3, 23.1, 5 ],
			"rotation": { "origin": [ 8, 8, 8 ], "axis": "z", "angle": 45 },
			"faces": {
				"down": { "uv": [ 2, 0, 2.0375, 0.125 ], "texture": "#main" },
				"up": { "uv": [ 2, 0, 2.0375, 0.125 ], "texture": "#main" },
				"north": { "uv": [ 2, 0, 2.0375, 0.07499981 ], "texture": "#main" },
				"south": { "uv": [ 2, 0, 2.0375, 0.07499981 ], "texture": "#main" },
				"west": { "uv": [ 2, 0, 2.125, 0.07499981 ], "texture": "#main" },
				"east": { "uv": [ 2, 0, 2.125, 0.07499981 ], "texture": "#main" }
			}
		},
		{
			"__comment": "Magikarp24",
			"from": [ 8, 22.5, 5 ],
			"to": [ 8.3, 23.1, 6 ],
			"rotation": { "origin": [ 8, 8, 8 ], "axis": "z", "angle": 45 },
			"faces": {
				"down": { "uv": [ 2, 0, 2.0375, 0.125 ], "texture": "#main" },
				"up": { "uv": [ 2, 0, 2.0375, 0.125 ], "texture": "#main" },
				"north": { "uv": [ 2, 0, 2.0375, 0.07499981 ], "texture": "#main" },
				"south": { "uv": [ 2, 0, 2.0375, 0.07499981 ], "texture": "#main" },
				"west": { "uv": [ 2, 0, 2.125, 0.07499981 ], "texture": "#main" },
				"east": { "uv": [ 2, 0, 2.125, 0.07499981 ], "texture": "#main" }
			}
		},
		{
			"__comment": "Magikarp25",
			"from": [ 7, 22.5, 4.7 ],
			"to": [ 8.3, 23.1, 5 ],
			"rotation": { "origin": [ 8, 8, 8 ], "axis": "z", "angle": 45 },
			"faces": {
				"down": { "uv": [ 2, 0, 2.1625, 0.03750038 ], "texture": "#main" },
				"up": { "uv": [ 2, 0, 2.1625, 0.03750038 ], "texture": "#main" },
				"north": { "uv": [ 2, 0, 2.1625, 0.07499981 ], "texture": "#main" },
				"south": { "uv": [ 2, 0, 2.1625, 0.07499981 ], "texture": "#main" },
				"west": { "uv": [ 2, 0, 2.0375, 0.07499981 ], "texture": "#main" },
				"east": { "uv": [ 2, 0, 2.0375, 0.07499981 ], "texture": "#main" }
			}
		},
		{
			"__comment": "Magikarp26",
			"from": [ 8, 22.5, 5.7 ],
			"to": [ 9.3, 23.1, 6 ],
			"rotation": { "origin": [ 8, 8, 8 ], "axis": "z", "angle": 45 },
			"faces": {
				"down": { "uv": [ 2, 0, 2.1625, 0.03750038 ], "texture": "#main" },
				"up": { "uv": [ 2, 0, 2.1625, 0.03750038 ], "texture": "#main" },
				"north": { "uv": [ 2, 0, 2.1625, 0.07499981 ], "texture": "#main" },
				"south": { "uv": [ 2, 0, 2.1625, 0.07499981 ], "texture": "#main" },
				"west": { "uv": [ 2, 0, 2.0375, 0.07499981 ], "texture": "#main" },
				"east": { "uv": [ 2, 0, 2.0375, 0.07499981 ], "texture": "#main" }
			}
		},
		{
			"__comment": "Magikarp27",
			"from": [ 14.5, 11, 7.5 ],
			"to": [ 16.5, 13, 8.5 ],
			"rotation": { "origin": [ 8, 8, 8 ], "axis": "z", "angle": 22.5 },
			"faces": {
				"down": { "uv": [ 0, 2, 0.25, 2.125 ], "texture": "#main" },
				"up": { "uv": [ 0, 2, 0.25, 2.125 ], "texture": "#main" },
				"north": { "uv": [ 0, 2, 0.25, 2.25 ], "texture": "#main" },
				"south": { "uv": [ 0, 2, 0.25, 2.25 ], "texture": "#main" },
				"west": { "uv": [ 0, 2, 0.125, 2.25 ], "texture": "#main" },
				"east": { "uv": [ 0, 2, 0.125, 2.25 ], "texture": "#main" }
			}
		},
		{
			"__comment": "Magikarp28",
			"from": [ 16, 10, 7.5 ],
			"to": [ 17.2, 14, 8.5 ],
			"rotation": { "origin": [ 8, 8, 8 ], "axis": "z", "angle": 22.5 },
			"faces": {
				"down": { "uv": [ 0, 2, 0.15, 2.125 ], "texture": "#main" },
				"up": { "uv": [ 0, 2, 0.15, 2.125 ], "texture": "#main" },
				"north": { "uv": [ 0, 2, 0.15, 2.5 ], "texture": "#main" },
				"south": { "uv": [ 0, 2, 0.15, 2.5 ], "texture": "#main" },
				"west": { "uv": [ 0, 2, 0.125, 2.5 ], "texture": "#main" },
				"east": { "uv": [ 0, 2, 0.125, 2.5 ], "texture": "#main" }
			}
		},
		{
			"__comment": "Magikarp29",
			"from": [ 16.8, 9, 7.5 ],
			"to": [ 18, 15, 8.5 ],
			"rotation": { "origin": [ 8, 8, 8 ], "axis": "z", "angle": 22.5 },
			"faces": {
				"down": { "uv": [ 0, 2, 0.15, 2.125 ], "texture": "#main" },
				"up": { "uv": [ 0, 2, 0.15, 2.125 ], "texture": "#main" },
				"north": { "uv": [ 0, 2, 0.15, 2.75 ], "texture": "#main" },
				"south": { "uv": [ 0, 2, 0.15, 2.75 ], "texture": "#main" },
				"west": { "uv": [ 0, 2, 0.125, 2.75 ], "texture": "#main" },
				"east": { "uv": [ 0, 2, 0.125, 2.75 ], "texture": "#main" }
			}
		},
		{
			"__comment": "Magikarp30",
			"from": [ 17.8, 8, 7.5 ],
			"to": [ 19, 10, 8.5 ],
			"rotation": { "origin": [ 8, 8, 8 ], "axis": "z", "angle": 22.5 },
			"faces": {
				"down": { "uv": [ 0, 2, 0.15, 2.125 ], "texture": "#main" },
				"up": { "uv": [ 0, 2, 0.15, 2.125 ], "texture": "#main" },
				"north": { "uv": [ 0, 2, 0.15, 2.25 ], "texture": "#main" },
				"south": { "uv": [ 0, 2, 0.15, 2.25 ], "texture": "#main" },
				"west": { "uv": [ 0, 2, 0.125, 2.25 ], "texture": "#main" },
				"east": { "uv": [ 0, 2, 0.125, 2.25 ], "texture": "#main" }
			}
		},
		{
			"__comment": "Magikarp31",
			"from": [ 17.8, 11, 7.5 ],
			"to": [ 19, 13, 8.5 ],
			"rotation": { "origin": [ 8, 8, 8 ], "axis": "z", "angle": 22.5 },
			"faces": {
				"down": { "uv": [ 0, 2, 0.15, 2.125 ], "texture": "#main" },
				"up": { "uv": [ 0, 2, 0.15, 2.125 ], "texture": "#main" },
				"north": { "uv": [ 0, 2, 0.15, 2.25 ], "texture": "#main" },
				"south": { "uv": [ 0, 2, 0.15, 2.25 ], "texture": "#main" },
				"west": { "uv": [ 0, 2, 0.125, 2.25 ], "texture": "#main" },
				"east": { "uv": [ 0, 2, 0.125, 2.25 ], "texture": "#main" }
			}
		},
		{
			"__comment": "Magikarp32",
			"from": [ 17.8, 14, 7.5 ],
			"to": [ 19, 16, 8.5 ],
			"rotation": { "origin": [ 8, 8, 8 ], "axis": "z", "angle": 22.5 },
			"faces": {
				"down": { "uv": [ 0, 2, 0.15, 2.125 ], "texture": "#main" },
				"up": { "uv": [ 0, 2, 0.15, 2.125 ], "texture": "#main" },
				"north": { "uv": [ 0, 2, 0.15, 2.25 ], "texture": "#main" },
				"south": { "uv": [ 0, 2, 0.15, 2.25 ], "texture": "#main" },
				"west": { "uv": [ 0, 2, 0.125, 2.25 ], "texture": "#main" },
				"east": { "uv": [ 0, 2, 0.125, 2.25 ], "texture": "#main" }
			}
		},
		{
			"__comment": "Magikarp33",
			"from": [ 5.7, 8, 0.55 ],
			"to": [ 7.7, 12, 1.55 ],
			"faces": {
				"down": { "uv": [ 4, 0, 4.25, 0.125 ], "texture": "#main" },
				"up": { "uv": [ 4, 0, 4.25, 0.125 ], "texture": "#main" },
				"north": { "uv": [ 4, 0, 4.25, 0.5 ], "texture": "#main" },
				"south": { "uv": [ 4, 0, 4.25, 0.5 ], "texture": "#main" },
				"west": { "uv": [ 4, 0, 4.125, 0.5 ], "texture": "#main" },
				"east": { "uv": [ 4, 0, 4.125, 0.5 ], "texture": "#main" }
			}
		},
		{
			"__comment": "Magikarp34",
			"from": [ 5.5, 4, 14.5 ],
			"to": [ 9.5, 9.4, 15.5 ],
			"rotation": { "origin": [ 8, 8, 8 ], "axis": "z", "angle": 22.5 },
			"faces": {
				"down": { "uv": [ 2, 0, 2.5, 0.125 ], "texture": "#main" },
				"up": { "uv": [ 2, 0, 2.5, 0.125 ], "texture": "#main" },
				"north": { "uv": [ 2, 0, 2.5, 0.6750002 ], "texture": "#main" },
				"south": { "uv": [ 2, 0, 2.5, 0.6750002 ], "texture": "#main" },
				"west": { "uv": [ 2, 0, 2.125, 0.6750002 ], "texture": "#main" },
				"east": { "uv": [ 2, 0, 2.125, 0.6750002 ], "texture": "#main" }
			}
		},
		{
			"__comment": "Magikarp35",
			"from": [ 6.5, 22.5, 5 ],
			"to": [ 7.5, 23.1, 11 ],
			"rotation": { "origin": [ 8, 8, 8 ], "axis": "z", "angle": 45 },
			"faces": {
				"down": { "uv": [ 4, 0, 4.125, 0.75 ], "texture": "#main" },
				"up": { "uv": [ 4, 0, 4.125, 0.75 ], "texture": "#main" },
				"north": { "uv": [ 4, 0, 4.125, 0.07499981 ], "texture": "#main" },
				"south": { "uv": [ 4, 0, 4.125, 0.07499981 ], "texture": "#main" },
				"west": { "uv": [ 4, 0, 4.75, 0.07499981 ], "texture": "#main" },
				"east": { "uv": [ 4, 0, 4.75, 0.07499981 ], "texture": "#main" }
			}
		},
		{
			"__comment": "Magikarp36",
			"from": [ 7.45, 8.3, 14.45 ],
			"to": [ 9.45, 12.3, 15.45 ],
			"rotation": { "origin": [ 8, 8, 8 ], "axis": "z", "angle": 22.5 },
			"faces": {
				"down": { "uv": [ 4, 0, 4.25, 0.125 ], "texture": "#main" },
				"up": { "uv": [ 4, 0, 4.25, 0.125 ], "texture": "#main" },
				"north": { "uv": [ 4, 0, 4.25, 0.5 ], "texture": "#main" },
				"south": { "uv": [ 4, 0, 4.25, 0.5 ], "texture": "#main" },
				"west": { "uv": [ 4, 0, 4.125, 0.5 ], "texture": "#main" },
				"east": { "uv": [ 4, 0, 4.125, 0.5 ], "texture": "#main" }
			}
		},
		{
			"__comment": "Magikarp37",
			"from": [ 5.5, 4, 0.5 ],
			"to": [ 9.5, 9.4, 1.5 ],
			"rotation": { "origin": [ 8, 8, 8 ], "axis": "z", "angle": 22.5 },
			"faces": {
				"down": { "uv": [ 2, 0, 2.5, 0.125 ], "texture": "#main" },
				"up": { "uv": [ 2, 0, 2.5, 0.125 ], "texture": "#main" },
				"north": { "uv": [ 2, 0, 2.5, 0.6750002 ], "texture": "#main" },
				"south": { "uv": [ 2, 0, 2.5, 0.6750002 ], "texture": "#main" },
				"west": { "uv": [ 2, 0, 2.125, 0.6750002 ], "texture": "#main" },
				"east": { "uv": [ 2, 0, 2.125, 0.6750002 ], "texture": "#main" }
			}
		},
		{
			"__comment": "Magikarp38",
			"from": [ 7.45, 8.3, 0.55 ],
			"to": [ 9.45, 12.3, 1.55 ],
			"rotation": { "origin": [ 8, 8, 8 ], "axis": "z", "angle": 22.5 },
			"faces": {
				"down": { "uv": [ 4, 0, 4.25, 0.125 ], "texture": "#main" },
				"up": { "uv": [ 4, 0, 4.25, 0.125 ], "texture": "#main" },
				"north": { "uv": [ 4, 0, 4.25, 0.5 ], "texture": "#main" },
				"south": { "uv": [ 4, 0, 4.25, 0.5 ], "texture": "#main" },
				"west": { "uv": [ 4, 0, 4.125, 0.5 ], "texture": "#main" },
				"east": { "uv": [ 4, 0, 4.125, 0.5 ], "texture": "#main" }
			}
		},
		{
			"__comment": "Magikarp39",
			"from": [ 5.7, 8, 14.45 ],
			"to": [ 7.7, 12, 15.45 ],
			"faces": {
				"down": { "uv": [ 4, 0, 4.25, 0.125 ], "texture": "#main" },
				"up": { "uv": [ 4, 0, 4.25, 0.125 ], "texture": "#main" },
				"north": { "uv": [ 4, 0, 4.25, 0.5 ], "texture": "#main" },
				"south": { "uv": [ 4, 0, 4.25, 0.5 ], "texture": "#main" },
				"west": { "uv": [ 4, 0, 4.125, 0.5 ], "texture": "#main" },
				"east": { "uv": [ 4, 0, 4.125, 0.5 ], "texture": "#main" }
			}
		},
		{
			"__comment": "Magikarp40",
			"from": [ 0.5, 10, 7.5 ],
			"to": [ 2.5, 12, 8.5 ],
			"faces": {
				"down": { "uv": [ 0, 2, 0.25, 2.125 ], "texture": "#main" },
				"up": { "uv": [ 0, 2, 0.25, 2.125 ], "texture": "#main" },
				"north": { "uv": [ 0, 2, 0.25, 2.25 ], "texture": "#main" },
				"south": { "uv": [ 0, 2, 0.25, 2.25 ], "texture": "#main" },
				"west": { "uv": [ 0, 2, 0.125, 2.25 ], "texture": "#main" },
				"east": { "uv": [ 0, 2, 0.125, 2.25 ], "texture": "#main" }
			}
		},
		{
			"__comment": "Magikarp41",
			"from": [ 0.2, 9.5, 7.5 ],
			"to": [ 1.2, 12.5, 8.5 ],
			"faces": {
				"down": { "uv": [ 0, 2, 0.125, 2.125 ], "texture": "#main" },
				"up": { "uv": [ 0, 2, 0.125, 2.125 ], "texture": "#main" },
				"north": { "uv": [ 0, 2, 0.125, 2.375 ], "texture": "#main" },
				"south": { "uv": [ 0, 2, 0.125, 2.375 ], "texture": "#main" },
				"west": { "uv": [ 0, 2, 0.125, 2.375 ], "texture": "#main" },
				"east": { "uv": [ 0, 2, 0.125, 2.375 ], "texture": "#main" }
			}
		},
		{
			"__comment": "Magikarp42",
			"from": [ -0.2, 9, 7.5 ],
			"to": [ 0.8, 13, 8.5 ],
			"faces": {
				"down": { "uv": [ 0, 2, 0.125, 2.125 ], "texture": "#main" },
				"up": { "uv": [ 0, 2, 0.125, 2.125 ], "texture": "#main" },
				"north": { "uv": [ 0, 2, 0.125, 2.5 ], "texture": "#main" },
				"south": { "uv": [ 0, 2, 0.125, 2.5 ], "texture": "#main" },
				"west": { "uv": [ 0, 2, 0.125, 2.5 ], "texture": "#main" },
				"east": { "uv": [ 0, 2, 0.125, 2.5 ], "texture": "#main" }
			}
		},
		{
			"__comment": "Magikarp43",
			"from": [ -0.2, 9, 7.5 ],
			"to": [ 0.8, 13, 8.5 ],
			"faces": {
				"down": { "uv": [ 0, 2, 0.125, 2.125 ], "texture": "#main" },
				"up": { "uv": [ 0, 2, 0.125, 2.125 ], "texture": "#main" },
				"north": { "uv": [ 0, 2, 0.125, 2.5 ], "texture": "#main" },
				"south": { "uv": [ 0, 2, 0.125, 2.5 ], "texture": "#main" },
				"west": { "uv": [ 0, 2, 0.125, 2.5 ], "texture": "#main" },
				"east": { "uv": [ 0, 2, 0.125, 2.5 ], "texture": "#main" }
			}
		},
		{
			"__comment": "Magikarp44",
			"from": [ -0.6, 8.9, 7.5 ],
			"to": [ 0.4, 9.9, 8.5 ],
			"faces": {
				"down": { "uv": [ 0, 2, 0.125, 2.125 ], "texture": "#main" },
				"up": { "uv": [ 0, 2, 0.125, 2.125 ], "texture": "#main" },
				"north": { "uv": [ 0, 2, 0.125, 2.125 ], "texture": "#main" },
				"south": { "uv": [ 0, 2, 0.125, 2.125 ], "texture": "#main" },
				"west": { "uv": [ 0, 2, 0.125, 2.125 ], "texture": "#main" },
				"east": { "uv": [ 0, 2, 0.125, 2.125 ], "texture": "#main" }
			}
		},
		{
			"__comment": "Magikarp45",
			"from": [ -0.6, 10.5, 7.5 ],
			"to": [ 0.4, 11.5, 8.5 ],
			"faces": {
				"down": { "uv": [ 0, 2, 0.125, 2.125 ], "texture": "#main" },
				"up": { "uv": [ 0, 2, 0.125, 2.125 ], "texture": "#main" },
				"north": { "uv": [ 0, 2, 0.125, 2.125 ], "texture": "#main" },
				"south": { "uv": [ 0, 2, 0.125, 2.125 ], "texture": "#main" },
				"west": { "uv": [ 0, 2, 0.125, 2.125 ], "texture": "#main" },
				"east": { "uv": [ 0, 2, 0.125, 2.125 ], "texture": "#main" }
			}
		},
		{
			"__comment": "Magikarp46",
			"from": [ -0.6, 12.3, 7.5 ],
			"to": [ 0.4, 13.3, 8.5 ],
			"faces": {
				"down": { "uv": [ 0, 2, 0.125, 2.125 ], "texture": "#main" },
				"up": { "uv": [ 0, 2, 0.125, 2.125 ], "texture": "#main" },
				"north": { "uv": [ 0, 2, 0.125, 2.125 ], "texture": "#main" },
				"south": { "uv": [ 0, 2, 0.125, 2.125 ], "texture": "#main" },
				"west": { "uv": [ 0, 2, 0.125, 2.125 ], "texture": "#main" },
				"east": { "uv": [ 0, 2, 0.125, 2.125 ], "texture": "#main" }
			}
		},
		{
			"__comment": "Magikarp47",
			"from": [ -2, 5, 14.9 ],
			"to": [ 4, 6, 15.9 ],
			"rotation": { "origin": [ 8, 8, 8 ], "axis": "z", "angle": 22.5 },
			"faces": {
				"down": { "uv": [ 0, 2, 0.75, 2.125 ], "texture": "#main" },
				"up": { "uv": [ 0, 2, 0.75, 2.125 ], "texture": "#main" },
				"north": { "uv": [ 0, 2, 0.75, 2.125 ], "texture": "#main" },
				"south": { "uv": [ 0, 2, 0.75, 2.125 ], "texture": "#main" },
				"west": { "uv": [ 0, 2, 0.125, 2.125 ], "texture": "#main" },
				"east": { "uv": [ 0, 2, 0.125, 2.125 ], "texture": "#main" }
			}
		},
		{
			"__comment": "Magikarp48",
			"from": [ -2, 5, 0.09999999 ],
			"to": [ 4, 6, 1.1 ],
			"rotation": { "origin": [ 8, 8, 8 ], "axis": "z", "angle": 22.5 },
			"faces": {
				"down": { "uv": [ 0, 2, 0.75, 2.125 ], "texture": "#main" },
				"up": { "uv": [ 0, 2, 0.75, 2.125 ], "texture": "#main" },
				"north": { "uv": [ 0, 2, 0.75, 2.125 ], "texture": "#main" },
				"south": { "uv": [ 0, 2, 0.75, 2.125 ], "texture": "#main" },
				"west": { "uv": [ 0, 2, 0.125, 2.125 ], "texture": "#main" },
				"east": { "uv": [ 0, 2, 0.125, 2.125 ], "texture": "#main" }
			}
		},
		{
			"__comment": "Magikarp49",
			"from": [ 0, 0, 0 ],
			"to": [ 16, 1, 16 ],
			"faces": {
				"down": { "uv": [ 8, 0, 10, 2 ], "texture": "#main" },
				"up": { "uv": [ 8, 0, 10, 2 ], "texture": "#main" },
				"north": { "uv": [ 8, 0, 10, 0.125 ], "texture": "#main" },
				"south": { "uv": [ 8, 0, 10, 0.125 ], "texture": "#main" },
				"west": { "uv": [ 8, 0, 10, 0.125 ], "texture": "#main" },
				"east": { "uv": [ 8, 0, 10, 0.125 ], "texture": "#main" }
			}
		},
		{
			"__comment": "Magikarp50",
			"from": [ 0.5, 1, 0.5 ],
			"to": [ 15.5, 8, 15.5 ],
			"faces": {
				"down": { "uv": [ 10, 0, 11.875, 1.875 ], "texture": "#main" },
				"up": { "uv": [ 10, 0, 11.875, 1.875 ], "texture": "#main" },
				"north": { "uv": [ 10, 0, 11.875, 0.875 ], "texture": "#main" },
				"south": { "uv": [ 10, 0, 11.875, 0.875 ], "texture": "#main" },
				"west": { "uv": [ 10, 0, 11.875, 0.875 ], "texture": "#main" },
				"east": { "uv": [ 10, 0, 11.875, 0.875 ], "texture": "#main" }
			}
		},
		{
			"__comment": "Magikarp51",
			"from": [ 1.5, 7, 1.5 ],
			"to": [ 14.5, 14, 14.5 ],
			"faces": {
				"down": { "uv": [ 10, 0, 11.625, 1.625 ], "texture": "#main" },
				"up": { "uv": [ 10, 0, 11.625, 1.625 ], "texture": "#main" },
				"north": { "uv": [ 10, 0, 11.625, 0.875 ], "texture": "#main" },
				"south": { "uv": [ 10, 0, 11.625, 0.875 ], "texture": "#main" },
				"west": { "uv": [ 10, 0, 11.625, 0.875 ], "texture": "#main" },
				"east": { "uv": [ 10, 0, 11.625, 0.875 ], "texture": "#main" }
			}
		},
		{
			"__comment": "Magikarp52",
			"from": [ 4.5, 11, 2.5 ],
			"to": [ 15.5, 18, 13.5 ],
			"rotation": { "origin": [ 8, 8, 8 ], "axis": "z", "angle": 22.5 },
			"faces": {
				"down": { "uv": [ 10, 0, 11.375, 1.375 ], "texture": "#main" },
				"up": { "uv": [ 10, 0, 11.375, 1.375 ], "texture": "#main" },
				"north": { "uv": [ 10, 0, 11.375, 0.875 ], "texture": "#main" },
				"south": { "uv": [ 10, 0, 11.375, 0.875 ], "texture": "#main" },
				"west": { "uv": [ 10, 0, 11.375, 0.875 ], "texture": "#main" },
				"east": { "uv": [ 10, 0, 11.375, 0.875 ], "texture": "#main" }
			}
		},
		{
			"__comment": "Magikarp53",
			"from": [ 5.9, 13.3, 4 ],
			"to": [ 13.9, 20.3, 12 ],
			"rotation": { "origin": [ 8, 8, 8 ], "axis": "z", "angle": 22.5 },
			"faces": {
				"down": { "uv": [ 10, 0, 11, 1 ], "texture": "#main" },
				"up": { "uv": [ 10, 0, 11, 1 ], "texture": "#main" },
				"north": { "uv": [ 10, 0, 11, 0.875 ], "texture": "#main" },
				"south": { "uv": [ 10, 0, 11, 0.875 ], "texture": "#main" },
				"west": { "uv": [ 10, 0, 11, 0.875 ], "texture": "#main" },
				"east": { "uv": [ 10, 0, 11, 0.875 ], "texture": "#main" }
			}
		},
		{
			"__comment": "Magikarp54",
			"from": [ 7, 16.1, 5 ],
			"to": [ 13, 22.1, 11 ],
			"rotation": { "origin": [ 8, 8, 8 ], "axis": "z", "angle": 22.5 },
			"faces": {
				"down": { "uv": [ 10, 0, 10.75, 0.75 ], "texture": "#main" },
				"up": { "uv": [ 10, 0, 10.75, 0.75 ], "texture": "#main" },
				"north": { "uv": [ 10, 0, 10.75, 0.75 ], "texture": "#main" },
				"south": { "uv": [ 10, 0, 10.75, 0.75 ], "texture": "#main" },
				"west": { "uv": [ 10, 0, 10.75, 0.75 ], "texture": "#main" },
				"east": { "uv": [ 10, 0, 10.75, 0.75 ], "texture": "#main" }
			}
		},
		{
			"__comment": "Magikarp55",
			"from": [ 8.099999, 20.5, 6 ],
			"to": [ 12.1, 24.5, 10 ],
			"rotation": { "origin": [ 8, 8, 8 ], "axis": "z", "angle": 22.5 },
			"faces": {
				"down": { "uv": [ 10, 0, 10.5, 0.5 ], "texture": "#main" },
				"up": { "uv": [ 10, 0, 10.5, 0.5 ], "texture": "#main" },
				"north": { "uv": [ 10, 0, 10.5, 0.5 ], "texture": "#main" },
				"south": { "uv": [ 10, 0, 10.5, 0.5 ], "texture": "#main" },
				"west": { "uv": [ 10, 0, 10.5, 0.5 ], "texture": "#main" },
				"east": { "uv": [ 10, 0, 10.5, 0.5 ], "texture": "#main" }
			}
		},
		{
			"__comment": "Magikarp56",
			"from": [ 9.099999, 24, 7 ],
			"to": [ 11.1, 26, 9 ],
			"rotation": { "origin": [ 8, 8, 8 ], "axis": "z", "angle": 22.5 },
			"faces": {
				"down": { "uv": [ 10, 0, 10.25, 0.25 ], "texture": "#main" },
				"up": { "uv": [ 10, 0, 10.25, 0.25 ], "texture": "#main" },
				"north": { "uv": [ 10, 0, 10.25, 0.25 ], "texture": "#main" },
				"south": { "uv": [ 10, 0, 10.25, 0.25 ], "texture": "#main" },
				"west": { "uv": [ 10, 0, 10.25, 0.25 ], "texture": "#main" },
				"east": { "uv": [ 10, 0, 10.25, 0.25 ], "texture": "#main" }
			}
		},
		{
			"__comment": "Magikarp57",
			"from": [ 10, 4, 15 ],
			"to": [ 13, 7, 16 ],
			"faces": {
				"down": { "uv": [ 12, 0, 12.375, 0.125 ], "texture": "#main" },
				"up": { "uv": [ 12, 0, 12.375, 0.125 ], "texture": "#main" },
				"north": { "uv": [ 12, 0, 12.375, 0.375 ], "texture": "#main" },
				"south": { "uv": [ 12, 0, 12.375, 0.375 ], "texture": "#main" },
				"west": { "uv": [ 12, 0, 12.125, 0.375 ], "texture": "#main" },
				"east": { "uv": [ 12, 0, 12.125, 0.375 ], "texture": "#main" }
			}
		},
		{
			"__comment": "Magikarp58",
			"from": [ 10, 4, 0 ],
			"to": [ 13, 7, 1 ],
			"faces": {
				"down": { "uv": [ 12, 0, 12.375, 0.125 ], "texture": "#main" },
				"up": { "uv": [ 12, 0, 12.375, 0.125 ], "texture": "#main" },
				"north": { "uv": [ 12, 0, 12.375, 0.375 ], "texture": "#main" },
				"south": { "uv": [ 12, 0, 12.375, 0.375 ], "texture": "#main" },
				"west": { "uv": [ 12, 0, 12.125, 0.375 ], "texture": "#main" },
				"east": { "uv": [ 12, 0, 12.125, 0.375 ], "texture": "#main" }
			}
		},
		{
			"__comment": "Magikarp59",
			"from": [ 11, 5, -0.09999999 ],
			"to": [ 11.5, 5.5, 0.9 ],
			"faces": {
				"down": { "uv": [ 14, 0, 14.0625, 0.125 ], "texture": "#main" },
				"up": { "uv": [ 14, 0, 14.0625, 0.125 ], "texture": "#main" },
				"north": { "uv": [ 14, 0, 14.0625, 0.0625 ], "texture": "#main" },
				"south": { "uv": [ 14, 0, 14.0625, 0.0625 ], "texture": "#main" },
				"west": { "uv": [ 14, 0, 14.125, 0.0625 ], "texture": "#main" },
				"east": { "uv": [ 14, 0, 14.125, 0.0625 ], "texture": "#main" }
			}
		},
		{
			"__comment": "Magikarp60",
			"from": [ 11, 5, 15.1 ],
			"to": [ 11.5, 5.5, 16.1 ],
			"faces": {
				"down": { "uv": [ 14, 0, 14.0625, 0.125 ], "texture": "#main" },
				"up": { "uv": [ 14, 0, 14.0625, 0.125 ], "texture": "#main" },
				"north": { "uv": [ 14, 0, 14.0625, 0.0625 ], "texture": "#main" },
				"south": { "uv": [ 14, 0, 14.0625, 0.0625 ], "texture": "#main" },
				"west": { "uv": [ 14, 0, 14.125, 0.0625 ], "texture": "#main" },
				"east": { "uv": [ 14, 0, 14.125, 0.0625 ], "texture": "#main" }
			}
		},
		{
			"__comment": "Magikarp61",
			"from": [ 9.9, 26, 6 ],
			"to": [ 10.4, 26.4, 10 ],
			"rotation": { "origin": [ 8, 8, 8 ], "axis": "z", "angle": 22.5 },
			"faces": {
				"down": { "uv": [ 10, 0, 10.0375, 0.5 ], "texture": "#main" },
				"up": { "uv": [ 10, 0, 10.0375, 0.5 ], "texture": "#main" },
				"north": { "uv": [ 10, 0, 10.0375, 0.07499981 ], "texture": "#main" },
				"south": { "uv": [ 10, 0, 10.0375, 0.07499981 ], "texture": "#main" },
				"west": { "uv": [ 10, 0, 10.5, 0.07499981 ], "texture": "#main" },
				"east": { "uv": [ 10, 0, 10.5, 0.07499981 ], "texture": "#main" }
			}
		},
		{
			"__comment": "Magikarp62",
			"from": [ 14.5, 11, 7.5 ],
			"to": [ 16.5, 13, 8.5 ],
			"rotation": { "origin": [ 8, 8, 8 ], "axis": "z", "angle": 22.5 },
			"faces": {
				"down": { "uv": [ 8, 2, 8.25, 2.125 ], "texture": "#main" },
				"up": { "uv": [ 8, 2, 8.25, 2.125 ], "texture": "#main" },
				"north": { "uv": [ 8, 2, 8.25, 2.25 ], "texture": "#main" },
				"south": { "uv": [ 8, 2, 8.25, 2.25 ], "texture": "#main" },
				"west": { "uv": [ 8, 2, 8.125, 2.25 ], "texture": "#main" },
				"east": { "uv": [ 8, 2, 8.125, 2.25 ], "texture": "#main" }
			}
		},
		{
			"__comment": "Magikarp63",
			"from": [ 16, 10, 7.5 ],
			"to": [ 17.2, 14, 8.5 ],
			"rotation": { "origin": [ 8, 8, 8 ], "axis": "z", "angle": 22.5 },
			"faces": {
				"down": { "uv": [ 8, 2, 8.15, 2.125 ], "texture": "#main" },
				"up": { "uv": [ 8, 2, 8.15, 2.125 ], "texture": "#main" },
				"north": { "uv": [ 8, 2, 8.15, 2.5 ], "texture": "#main" },
				"south": { "uv": [ 8, 2, 8.15, 2.5 ], "texture": "#main" },
				"west": { "uv": [ 8, 2, 8.125, 2.5 ], "texture": "#main" },
				"east": { "uv": [ 8, 2, 8.125, 2.5 ], "texture": "#main" }
			}
		},
		{
			"__comment": "Magikarp64",
			"from": [ 16.8, 9, 7.5 ],
			"to": [ 18, 15, 8.5 ],
			"rotation": { "origin": [ 8, 8, 8 ], "axis": "z", "angle": 22.5 },
			"faces": {
				"down": { "uv": [ 8, 2, 8.15, 2.125 ], "texture": "#main" },
				"up": { "uv": [ 8, 2, 8.15, 2.125 ], "texture": "#main" },
				"north": { "uv": [ 8, 2, 8.15, 2.75 ], "texture": "#main" },
				"south": { "uv": [ 8, 2, 8.15, 2.75 ], "texture": "#main" },
				"west": { "uv": [ 8, 2, 8.125, 2.75 ], "texture": "#main" },
				"east": { "uv": [ 8, 2, 8.125, 2.75 ], "texture": "#main" }
			}
		},
		{
			"__comment": "Magikarp65",
			"from": [ 17.8, 8, 7.5 ],
			"to": [ 19, 10, 8.5 ],
			"rotation": { "origin": [ 8, 8, 8 ], "axis": "z", "angle": 22.5 },
			"faces": {
				"down": { "uv": [ 8, 2, 8.15, 2.125 ], "texture": "#main" },
				"up": { "uv": [ 8, 2, 8.15, 2.125 ], "texture": "#main" },
				"north": { "uv": [ 8, 2, 8.15, 2.25 ], "texture": "#main" },
				"south": { "uv": [ 8, 2, 8.15, 2.25 ], "texture": "#main" },
				"west": { "uv": [ 8, 2, 8.125, 2.25 ], "texture": "#main" },
				"east": { "uv": [ 8, 2, 8.125, 2.25 ], "texture": "#main" }
			}
		},
		{
			"__comment": "Magikarp66",
			"from": [ 17.8, 11, 7.5 ],
			"to": [ 19, 13, 8.5 ],
			"rotation": { "origin": [ 8, 8, 8 ], "axis": "z", "angle": 22.5 },
			"faces": {
				"down": { "uv": [ 8, 2, 8.15, 2.125 ], "texture": "#main" },
				"up": { "uv": [ 8, 2, 8.15, 2.125 ], "texture": "#main" },
				"north": { "uv": [ 8, 2, 8.15, 2.25 ], "texture": "#main" },
				"south": { "uv": [ 8, 2, 8.15, 2.25 ], "texture": "#main" },
				"west": { "uv": [ 8, 2, 8.125, 2.25 ], "texture": "#main" },
				"east": { "uv": [ 8, 2, 8.125, 2.25 ], "texture": "#main" }
			}
		},
		{
			"__comment": "Magikarp67",
			"from": [ 17.8, 14, 7.5 ],
			"to": [ 19, 16, 8.5 ],
			"rotation": { "origin": [ 8, 8, 8 ], "axis": "z", "angle": 22.5 },
			"faces": {
				"down": { "uv": [ 8, 2, 8.15, 2.125 ], "texture": "#main" },
				"up": { "uv": [ 8, 2, 8.15, 2.125 ], "texture": "#main" },
				"north": { "uv": [ 8, 2, 8.15, 2.25 ], "texture": "#main" },
				"south": { "uv": [ 8, 2, 8.15, 2.25 ], "texture": "#main" },
				"west": { "uv": [ 8, 2, 8.125, 2.25 ], "texture": "#main" },
				"east": { "uv": [ 8, 2, 8.125, 2.25 ], "texture": "#main" }
			}
		},
		{
			"__comment": "Magikarp68",
			"from": [ 5.7, 8, 0.55 ],
			"to": [ 7.7, 12, 1.55 ],
			"faces": {
				"down": { "uv": [ 12, 0, 12.25, 0.125 ], "texture": "#main" },
				"up": { "uv": [ 12, 0, 12.25, 0.125 ], "texture": "#main" },
				"north": { "uv": [ 12, 0, 12.25, 0.5 ], "texture": "#main" },
				"south": { "uv": [ 12, 0, 12.25, 0.5 ], "texture": "#main" },
				"west": { "uv": [ 12, 0, 12.125, 0.5 ], "texture": "#main" },
				"east": { "uv": [ 12, 0, 12.125, 0.5 ], "texture": "#main" }
			}
		},
		{
			"__comment": "Magikarp69",
			"from": [ 5.5, 4, 14.5 ],
			"to": [ 9.5, 9.4, 15.5 ],
			"rotation": { "origin": [ 8, 8, 8 ], "axis": "z", "angle": 22.5 },
			"faces": {
				"down": { "uv": [ 10, 0, 10.5, 0.125 ], "texture": "#main" },
				"up": { "uv": [ 10, 0, 10.5, 0.125 ], "texture": "#main" },
				"north": { "uv": [ 10, 0, 10.5, 0.6750002 ], "texture": "#main" },
				"south": { "uv": [ 10, 0, 10.5, 0.6750002 ], "texture": "#main" },
				"west": { "uv": [ 10, 0, 10.125, 0.6750002 ], "texture": "#main" },
				"east": { "uv": [ 10, 0, 10.125, 0.6750002 ], "texture": "#main" }
			}
		},
		{
			"__comment": "Magikarp70",
			"from": [ 7.45, 8.3, 14.45 ],
			"to": [ 9.45, 12.3, 15.45 ],
			"rotation": { "origin": [ 8, 8, 8 ], "axis": "z", "angle": 22.5 },
			"faces": {
				"down": { "uv": [ 12, 0, 12.25, 0.125 ], "texture": "#main" },
				"up": { "uv": [ 12, 0, 12.25, 0.125 ], "texture": "#main" },
				"north": { "uv": [ 12, 0, 12.25, 0.5 ], "texture": "#main" },
				"south": { "uv": [ 12, 0, 12.25, 0.5 ], "texture": "#main" },
				"west": { "uv": [ 12, 0, 12.125, 0.5 ], "texture": "#main" },
				"east": { "uv": [ 12, 0, 12.125, 0.5 ], "texture": "#main" }
			}
		},
		{
			"__comment": "Magikarp71",
			"from": [ 5.5, 4, 0.5 ],
			"to": [ 9.5, 9.4, 1.5 ],
			"rotation": { "origin": [ 8, 8, 8 ], "axis": "z", "angle": 22.5 },
			"faces": {
				"down": { "uv": [ 10, 0, 10.5, 0.125 ], "texture": "#main" },
				"up": { "uv": [ 10, 0, 10.5, 0.125 ], "texture": "#main" },
				"north": { "uv": [ 10, 0, 10.5, 0.6750002 ], "texture": "#main" },
				"south": { "uv": [ 10, 0, 10.5, 0.6750002 ], "texture": "#main" },
				"west": { "uv": [ 10, 0, 10.125, 0.6750002 ], "texture": "#main" },
				"east": { "uv": [ 10, 0, 10.125, 0.6750002 ], "texture": "#main" }
			}
		},
		{
			"__comment": "Magikarp72",
			"from": [ 7.45, 8.3, 0.55 ],
			"to": [ 9.45, 12.3, 1.55 ],
			"rotation": { "origin": [ 8, 8, 8 ], "axis": "z", "angle": 22.5 },
			"faces": {
				"down": { "uv": [ 12, 0, 12.25, 0.125 ], "texture": "#main" },
				"up": { "uv": [ 12, 0, 12.25, 0.125 ], "texture": "#main" },
				"north": { "uv": [ 12, 0, 12.25, 0.5 ], "texture": "#main" },
				"south": { "uv": [ 12, 0, 12.25, 0.5 ], "texture": "#main" },
				"west": { "uv": [ 12, 0, 12.125, 0.5 ], "texture": "#main" },
				"east": { "uv": [ 12, 0, 12.125, 0.5 ], "texture": "#main" }
			}
		},
		{
			"__comment": "Magikarp73",
			"from": [ 5.7, 8, 14.45 ],
			"to": [ 7.7, 12, 15.45 ],
			"faces": {
				"down": { "uv": [ 12, 0, 12.25, 0.125 ], "texture": "#main" },
				"up": { "uv": [ 12, 0, 12.25, 0.125 ], "texture": "#main" },
				"north": { "uv": [ 12, 0, 12.25, 0.5 ], "texture": "#main" },
				"south": { "uv": [ 12, 0, 12.25, 0.5 ], "texture": "#main" },
				"west": { "uv": [ 12, 0, 12.125, 0.5 ], "texture": "#main" },
				"east": { "uv": [ 12, 0, 12.125, 0.5 ], "texture": "#main" }
			}
		},
		{
			"__comment": "Magikarp74",
			"from": [ 0.5, 10, 7.5 ],
			"to": [ 2.5, 12, 8.5 ],
			"faces": {
				"down": { "uv": [ 8, 2, 8.25, 2.125 ], "texture": "#main" },
				"up": { "uv": [ 8, 2, 8.25, 2.125 ], "texture": "#main" },
				"north": { "uv": [ 8, 2, 8.25, 2.25 ], "texture": "#main" },
				"south": { "uv": [ 8, 2, 8.25, 2.25 ], "texture": "#main" },
				"west": { "uv": [ 8, 2, 8.125, 2.25 ], "texture": "#main" },
				"east": { "uv": [ 8, 2, 8.125, 2.25 ], "texture": "#main" }
			}
		},
		{
			"__comment": "Magikarp75",
			"from": [ 0.2, 9.5, 7.5 ],
			"to": [ 1.2, 12.5, 8.5 ],
			"faces": {
				"down": { "uv": [ 8, 2, 8.125, 2.125 ], "texture": "#main" },
				"up": { "uv": [ 8, 2, 8.125, 2.125 ], "texture": "#main" },
				"north": { "uv": [ 8, 2, 8.125, 2.375 ], "texture": "#main" },
				"south": { "uv": [ 8, 2, 8.125, 2.375 ], "texture": "#main" },
				"west": { "uv": [ 8, 2, 8.125, 2.375 ], "texture": "#main" },
				"east": { "uv": [ 8, 2, 8.125, 2.375 ], "texture": "#main" }
			}
		},
		{
			"__comment": "Magikarp76",
			"from": [ -0.2, 9, 7.5 ],
			"to": [ 0.8, 13, 8.5 ],
			"faces": {
				"down": { "uv": [ 8, 2, 8.125, 2.125 ], "texture": "#main" },
				"up": { "uv": [ 8, 2, 8.125, 2.125 ], "texture": "#main" },
				"north": { "uv": [ 8, 2, 8.125, 2.5 ], "texture": "#main" },
				"south": { "uv": [ 8, 2, 8.125, 2.5 ], "texture": "#main" },
				"west": { "uv": [ 8, 2, 8.125, 2.5 ], "texture": "#main" },
				"east": { "uv": [ 8, 2, 8.125, 2.5 ], "texture": "#main" }
			}
		},
		{
			"__comment": "Magikarp77",
			"from": [ -0.2, 9, 7.5 ],
			"to": [ 0.8, 13, 8.5 ],
			"faces": {
				"down": { "uv": [ 8, 2, 8.125, 2.125 ], "texture": "#main" },
				"up": { "uv": [ 8, 2, 8.125, 2.125 ], "texture": "#main" },
				"north": { "uv": [ 8, 2, 8.125, 2.5 ], "texture": "#main" },
				"south": { "uv": [ 8, 2, 8.125, 2.5 ], "texture": "#main" },
				"west": { "uv": [ 8, 2, 8.125, 2.5 ], "texture": "#main" },
				"east": { "uv": [ 8, 2, 8.125, 2.5 ], "texture": "#main" }
			}
		},
		{
			"__comment": "Magikarp78",
			"from": [ -0.6, 8.9, 7.5 ],
			"to": [ 0.4, 9.9, 8.5 ],
			"faces": {
				"down": { "uv": [ 8, 2, 8.125, 2.125 ], "texture": "#main" },
				"up": { "uv": [ 8, 2, 8.125, 2.125 ], "texture": "#main" },
				"north": { "uv": [ 8, 2, 8.125, 2.125 ], "texture": "#main" },
				"south": { "uv": [ 8, 2, 8.125, 2.125 ], "texture": "#main" },
				"west": { "uv": [ 8, 2, 8.125, 2.125 ], "texture": "#main" },
				"east": { "uv": [ 8, 2, 8.125, 2.125 ], "texture": "#main" }
			}
		},
		{
			"__comment": "Magikarp79",
			"from": [ -0.6, 10.5, 7.5 ],
			"to": [ 0.4, 11.5, 8.5 ],
			"faces": {
				"down": { "uv": [ 8, 2, 8.125, 2.125 ], "texture": "#main" },
				"up": { "uv": [ 8, 2, 8.125, 2.125 ], "texture": "#main" },
				"north": { "uv": [ 8, 2, 8.125, 2.125 ], "texture": "#main" },
				"south": { "uv": [ 8, 2, 8.125, 2.125 ], "texture": "#main" },
				"west": { "uv": [ 8, 2, 8.125, 2.125 ], "texture": "#main" },
				"east": { "uv": [ 8, 2, 8.125, 2.125 ], "texture": "#main" }
			}
		},
		{
			"__comment": "Magikarp80",
			"from": [ -0.6, 12.3, 7.5 ],
			"to": [ 0.4, 13.3, 8.5 ],
			"faces": {
				"down": { "uv": [ 8, 2, 8.125, 2.125 ], "texture": "#main" },
				"up": { "uv": [ 8, 2, 8.125, 2.125 ], "texture": "#main" },
				"north": { "uv": [ 8, 2, 8.125, 2.125 ], "texture": "#main" },
				"south": { "uv": [ 8, 2, 8.125, 2.125 ], "texture": "#main" },
				"west": { "uv": [ 8, 2, 8.125, 2.125 ], "texture": "#main" },
				"east": { "uv": [ 8, 2, 8.125, 2.125 ], "texture": "#main" }
			}
		},
		{
			"__comment": "Magikarp81",
			"from": [ -2, 5, 14.9 ],
			"to": [ 4, 6, 15.9 ],
			"rotation": { "origin": [ 8, 8, 8 ], "axis": "z", "angle": 22.5 },
			"faces": {
				"down": { "uv": [ 8, 2, 8.75, 2.125 ], "texture": "#main" },
				"up": { "uv": [ 8, 2, 8.75, 2.125 ], "texture": "#main" },
				"north": { "uv": [ 8, 2, 8.75, 2.125 ], "texture": "#main" },
				"south": { "uv": [ 8, 2, 8.75, 2.125 ], "texture": "#main" },
				"west": { "uv": [ 8, 2, 8.125, 2.125 ], "texture": "#main" },
				"east": { "uv": [ 8, 2, 8.125, 2.125 ], "texture": "#main" }
			}
		},
		{
			"__comment": "Magikarp82",
			"from": [ -2, 5, 0.09999999 ],
			"to": [ 4, 6, 1.1 ],
			"rotation": { "origin": [ 8, 8, 8 ], "axis": "z", "angle": 22.5 },
			"faces": {
				"down": { "uv": [ 8, 2, 8.75, 2.125 ], "texture": "#main" },
				"up": { "uv": [ 8, 2, 8.75, 2.125 ], "texture": "#main" },
				"north": { "uv": [ 8, 2, 8.75, 2.125 ], "texture": "#main" },
				"south": { "uv": [ 8, 2, 8.75, 2.125 ], "texture": "#main" },
				"west": { "uv": [ 8, 2, 8.125, 2.125 ], "texture": "#main" },
				"east": { "uv": [ 8, 2, 8.125, 2.125 ], "texture": "#main" }
			}
		},
		{
			"__comment": "Magikarp83",
			"from": [ 9.9, 26.4, 6 ],
			"to": [ 10.5, 27.4, 10 ],
			"rotation": { "origin": [ 8, 8, 8 ], "axis": "z", "angle": 22.5 },
			"faces": {
				"down": { "uv": [ 12, 0, 12.0375, 0.5 ], "texture": "#main" },
				"up": { "uv": [ 12, 0, 12.0375, 0.5 ], "texture": "#main" },
				"north": { "uv": [ 12, 0, 12.0375, 0.07499981 ], "texture": "#main" },
				"south": { "uv": [ 12, 0, 12.0375, 0.07499981 ], "texture": "#main" },
				"west": { "uv": [ 12, 0, 12.5, 0.07499981 ], "texture": "#main" },
				"east": { "uv": [ 12, 0, 12.5, 0.07499981 ], "texture": "#main" }
			}
		},
		{
			"__comment": "Magikarp84",
			"from": [ 9.9, 27.4, 5 ],
			"to": [ 10.5, 28.4, 11 ],
			"rotation": { "origin": [ 8, 8, 8 ], "axis": "z", "angle": 22.5 },
			"faces": {
				"down": { "uv": [ 12, 0, 12.0375, 0.5 ], "texture": "#main" },
				"up": { "uv": [ 12, 0, 12.0375, 0.5 ], "texture": "#main" },
				"north": { "uv": [ 12, 0, 12.0375, 0.07499981 ], "texture": "#main" },
				"south": { "uv": [ 12, 0, 12.0375, 0.07499981 ], "texture": "#main" },
				"west": { "uv": [ 12, 0, 12.5, 0.07499981 ], "texture": "#main" },
				"east": { "uv": [ 12, 0, 12.5, 0.07499981 ], "texture": "#main" }
			}
		},
		{
			"__comment": "Magikarp85",
			"from": [ 9.9, 27.9, 9 ],
			"to": [ 10.5, 28.9, 12 ],
			"rotation": { "origin": [ 8, 8, 8 ], "axis": "z", "angle": 22.5 },
			"faces": {
				"down": { "uv": [ 12, 0, 12.0375, 0.5 ], "texture": "#main" },
				"up": { "uv": [ 12, 0, 12.0375, 0.5 ], "texture": "#main" },
				"north": { "uv": [ 12, 0, 12.0375, 0.07499981 ], "texture": "#main" },
				"south": { "uv": [ 12, 0, 12.0375, 0.07499981 ], "texture": "#main" },
				"west": { "uv": [ 12, 0, 12.5, 0.07499981 ], "texture": "#main" },
				"east": { "uv": [ 12, 0, 12.5, 0.07499981 ], "texture": "#main" }
			}
		},
		{
			"__comment": "Magikarp86",
			"from": [ 9.9, 27.9, 4 ],
			"to": [ 10.5, 28.9, 7 ],
			"rotation": { "origin": [ 8, 8, 8 ], "axis": "z", "angle": 22.5 },
			"faces": {
				"down": { "uv": [ 12, 0, 12.0375, 0.5 ], "texture": "#main" },
				"up": { "uv": [ 12, 0, 12.0375, 0.5 ], "texture": "#main" },
				"north": { "uv": [ 12, 0, 12.0375, 0.07499981 ], "texture": "#main" },
				"south": { "uv": [ 12, 0, 12.0375, 0.07499981 ], "texture": "#main" },
				"west": { "uv": [ 12, 0, 12.5, 0.07499981 ], "texture": "#main" },
				"east": { "uv": [ 12, 0, 12.5, 0.07499981 ], "texture": "#main" }
			}
		},
		{
			"__comment": "Magikarp87",
			"from": [ 9.9, 26, 5.7 ],
			"to": [ 10.5, 27.3, 6 ],
			"rotation": { "origin": [ 8, 8, 8 ], "axis": "z", "angle": 22.5 },
			"faces": {
				"down": { "uv": [ 10, 0, 10.0375, 0.5 ], "texture": "#main" },
				"up": { "uv": [ 10, 0, 10.0375, 0.5 ], "texture": "#main" },
				"north": { "uv": [ 10, 0, 10.0375, 0.07499981 ], "texture": "#main" },
				"south": { "uv": [ 10, 0, 10.0375, 0.07499981 ], "texture": "#main" },
				"west": { "uv": [ 10, 0, 10.5, 0.07499981 ], "texture": "#main" },
				"east": { "uv": [ 10, 0, 10.5, 0.07499981 ], "texture": "#main" }
			}
		},
		{
			"__comment": "Magikarp88",
			"from": [ 9.9, 27, 5 ],
			"to": [ 10.4, 27.4, 6 ],
			"rotation": { "origin": [ 8, 8, 8 ], "axis": "z", "angle": 22.5 },
			"faces": {
				"down": { "uv": [ 10, 0, 10.0375, 0.5 ], "texture": "#main" },
				"up": { "uv": [ 10, 0, 10.0375, 0.5 ], "texture": "#main" },
				"north": { "uv": [ 10, 0, 10.0375, 0.07499981 ], "texture": "#main" },
				"south": { "uv": [ 10, 0, 10.0375, 0.07499981 ], "texture": "#main" },
				"west": { "uv": [ 10, 0, 10.5, 0.07499981 ], "texture": "#main" },
				"east": { "uv": [ 10, 0, 10.5, 0.07499981 ], "texture": "#main" }
			}
		},
		{
			"__comment": "Magikarp89",
			"from": [ 9.9, 27, 10 ],
			"to": [ 10.4, 27.4, 11 ],
			"rotation": { "origin": [ 8, 8, 8 ], "axis": "z", "angle": 22.5 },
			"faces": {
				"down": { "uv": [ 10, 0, 10.0375, 0.5 ], "texture": "#main" },
				"up": { "uv": [ 10, 0, 10.0375, 0.5 ], "texture": "#main" },
				"north": { "uv": [ 10, 0, 10.0375, 0.07499981 ], "texture": "#main" },
				"south": { "uv": [ 10, 0, 10.0375, 0.07499981 ], "texture": "#main" },
				"west": { "uv": [ 10, 0, 10.5, 0.07499981 ], "texture": "#main" },
				"east": { "uv": [ 10, 0, 10.5, 0.07499981 ], "texture": "#main" }
			}
		},
		{
			"__comment": "Magikarp90",
			"from": [ 9.9, 26, 10 ],
			"to": [ 10.5, 27.3, 10.3 ],
			"rotation": { "origin": [ 8, 8, 8 ], "axis": "z", "angle": 22.5 },
			"faces": {
				"down": { "uv": [ 10, 0, 10.0375, 0.5 ], "texture": "#main" },
				"up": { "uv": [ 10, 0, 10.0375, 0.5 ], "texture": "#main" },
				"north": { "uv": [ 10, 0, 10.0375, 0.07499981 ], "texture": "#main" },
				"south": { "uv": [ 10, 0, 10.0375, 0.07499981 ], "texture": "#main" },
				"west": { "uv": [ 10, 0, 10.5, 0.07499981 ], "texture": "#main" },
				"east": { "uv": [ 10, 0, 10.5, 0.07499981 ], "texture": "#main" }
			}
		},
		{
			"__comment": "Magikarp91",
			"from": [ 9.9, 27, 11 ],
			"to": [ 10.5, 27.9, 11.3 ],
			"rotation": { "origin": [ 8, 8, 8 ], "axis": "z", "angle": 22.5 },
			"faces": {
				"down": { "uv": [ 10, 0, 10.0375, 0.5 ], "texture": "#main" },
				"up": { "uv": [ 10, 0, 10.0375, 0.5 ], "texture": "#main" },
				"north": { "uv": [ 10, 0, 10.0375, 0.07499981 ], "texture": "#main" },
				"south": { "uv": [ 10, 0, 10.0375, 0.07499981 ], "texture": "#main" },
				"west": { "uv": [ 10, 0, 10.5, 0.07499981 ], "texture": "#main" },
				"east": { "uv": [ 10, 0, 10.5, 0.07499981 ], "texture": "#main" }
			}
		},
		{
			"__comment": "Magikarp92",
			"from": [ 9.9, 27, 4.7 ],
			"to": [ 10.5, 27.9, 5 ],
			"rotation": { "origin": [ 8, 8, 8 ], "axis": "z", "angle": 22.5 },
			"faces": {
				"down": { "uv": [ 10, 0, 10.0375, 0.5 ], "texture": "#main" },
				"up": { "uv": [ 10, 0, 10.0375, 0.5 ], "texture": "#main" },
				"north": { "uv": [ 10, 0, 10.0375, 0.07499981 ], "texture": "#main" },
				"south": { "uv": [ 10, 0, 10.0375, 0.07499981 ], "texture": "#main" },
				"west": { "uv": [ 10, 0, 10.5, 0.07499981 ], "texture": "#main" },
				"east": { "uv": [ 10, 0, 10.5, 0.07499981 ], "texture": "#main" }
			}
		},
		{
			"__comment": "Magikarp93",
			"from": [ 9.9, 27.9, 12 ],
			"to": [ 10.5, 28.9, 12.3 ],
			"rotation": { "origin": [ 8, 8, 8 ], "axis": "z", "angle": 22.5 },
			"faces": {
				"down": { "uv": [ 10, 0, 10.0375, 0.5 ], "texture": "#main" },
				"up": { "uv": [ 10, 0, 10.0375, 0.5 ], "texture": "#main" },
				"north": { "uv": [ 10, 0, 10.0375, 0.07499981 ], "texture": "#main" },
				"south": { "uv": [ 10, 0, 10.0375, 0.07499981 ], "texture": "#main" },
				"west": { "uv": [ 10, 0, 10.5, 0.07499981 ], "texture": "#main" },
				"east": { "uv": [ 10, 0, 10.5, 0.07499981 ], "texture": "#main" }
			}
		},
		{
			"__comment": "Magikarp94",
			"from": [ 9.9, 27.5, 11.3 ],
			"to": [ 10.4, 27.9, 12.3 ],
			"rotation": { "origin": [ 8, 8, 8 ], "axis": "z", "angle": 22.5 },
			"faces": {
				"down": { "uv": [ 10, 0, 10.0375, 0.5 ], "texture": "#main" },
				"up": { "uv": [ 10, 0, 10.0375, 0.5 ], "texture": "#main" },
				"north": { "uv": [ 10, 0, 10.0375, 0.07499981 ], "texture": "#main" },
				"south": { "uv": [ 10, 0, 10.0375, 0.07499981 ], "texture": "#main" },
				"west": { "uv": [ 10, 0, 10.5, 0.07499981 ], "texture": "#main" },
				"east": { "uv": [ 10, 0, 10.5, 0.07499981 ], "texture": "#main" }
			}
		},
		{
			"__comment": "Magikarp95",
			"from": [ 9.9, 27.5, 4 ],
			"to": [ 10.5, 27.9, 4.7 ],
			"rotation": { "origin": [ 8, 8, 8 ], "axis": "z", "angle": 22.5 },
			"faces": {
				"down": { "uv": [ 10, 0, 10.0375, 0.5 ], "texture": "#main" },
				"up": { "uv": [ 10, 0, 10.0375, 0.5 ], "texture": "#main" },
				"north": { "uv": [ 10, 0, 10.0375, 0.07499981 ], "texture": "#main" },
				"south": { "uv": [ 10, 0, 10.0375, 0.07499981 ], "texture": "#main" },
				"west": { "uv": [ 10, 0, 10.5, 0.07499981 ], "texture": "#main" },
				"east": { "uv": [ 10, 0, 10.5, 0.07499981 ], "texture": "#main" }
			}
		},
		{
			"__comment": "Magikarp96",
			"from": [ 9.9, 27.5, 3.7 ],
			"to": [ 10.5, 28.9, 4 ],
			"rotation": { "origin": [ 8, 8, 8 ], "axis": "z", "angle": 22.5 },
			"faces": {
				"down": { "uv": [ 10, 0, 10.0375, 0.5 ], "texture": "#main" },
				"up": { "uv": [ 10, 0, 10.0375, 0.5 ], "texture": "#main" },
				"north": { "uv": [ 10, 0, 10.0375, 0.07499981 ], "texture": "#main" },
				"south": { "uv": [ 10, 0, 10.0375, 0.07499981 ], "texture": "#main" },
				"west": { "uv": [ 10, 0, 10.5, 0.07499981 ], "texture": "#main" },
				"east": { "uv": [ 10, 0, 10.5, 0.07499981 ], "texture": "#main" }
			}
		},
		{
			"__comment": "Magikarp97",
			"from": [ 0, 0, 0 ],
			"to": [ 16, 1, 16 ],
			"faces": {
				"down": { "uv": [ 0, 8, 2, 10 ], "texture": "#main" },
				"up": { "uv": [ 0, 8, 2, 10 ], "texture": "#main" },
				"north": { "uv": [ 0, 8, 2, 8.125 ], "texture": "#main" },
				"south": { "uv": [ 0, 8, 2, 8.125 ], "texture": "#main" },
				"west": { "uv": [ 0, 8, 2, 8.125 ], "texture": "#main" },
				"east": { "uv": [ 0, 8, 2, 8.125 ], "texture": "#main" }
			}
		},
		{
			"__comment": "Magikarp98",
			"from": [ 0.5, 1, 0.5 ],
			"to": [ 15.5, 8, 15.5 ],
			"faces": {
				"down": { "uv": [ 2, 8, 3.875, 9.875 ], "texture": "#main" },
				"up": { "uv": [ 2, 8, 3.875, 9.875 ], "texture": "#main" },
				"north": { "uv": [ 2, 8, 3.875, 8.875 ], "texture": "#main" },
				"south": { "uv": [ 2, 8, 3.875, 8.875 ], "texture": "#main" },
				"west": { "uv": [ 2, 8, 3.875, 8.875 ], "texture": "#main" },
				"east": { "uv": [ 2, 8, 3.875, 8.875 ], "texture": "#main" }
			}
		},
		{
			"__comment": "Magikarp99",
			"from": [ 1.5, 7, 1.5 ],
			"to": [ 14.5, 14, 14.5 ],
			"faces": {
				"down": { "uv": [ 2, 8, 3.625, 9.625 ], "texture": "#main" },
				"up": { "uv": [ 2, 8, 3.625, 9.625 ], "texture": "#main" },
				"north": { "uv": [ 2, 8, 3.625, 8.875 ], "texture": "#main" },
				"south": { "uv": [ 2, 8, 3.625, 8.875 ], "texture": "#main" },
				"west": { "uv": [ 2, 8, 3.625, 8.875 ], "texture": "#main" },
				"east": { "uv": [ 2, 8, 3.625, 8.875 ], "texture": "#main" }
			}
		},
		{
			"__comment": "Magikarp100",
			"from": [ 2.5, 11, 2.5 ],
			"to": [ 13.5, 18, 13.5 ],
			"faces": {
				"down": { "uv": [ 2, 8, 3.375, 9.375 ], "texture": "#main" },
				"up": { "uv": [ 2, 8, 3.375, 9.375 ], "texture": "#main" },
				"north": { "uv": [ 2, 8, 3.375, 8.875 ], "texture": "#main" },
				"south": { "uv": [ 2, 8, 3.375, 8.875 ], "texture": "#main" },
				"west": { "uv": [ 2, 8, 3.375, 8.875 ], "texture": "#main" },
				"east": { "uv": [ 2, 8, 3.375, 8.875 ], "texture": "#main" }
			}
		},
		{
			"__comment": "Magikarp101",
			"from": [ 0.5, 13, 4 ],
			"to": [ 8.5, 20, 12 ],
			"rotation": { "origin": [ 8, 8, 8 ], "axis": "z", "angle": -22.5 },
			"faces": {
				"down": { "uv": [ 2, 8, 3, 9 ], "texture": "#main" },
				"up": { "uv": [ 2, 8, 3, 9 ], "texture": "#main" },
				"north": { "uv": [ 2, 8, 3, 8.875 ], "texture": "#main" },
				"south": { "uv": [ 2, 8, 3, 8.875 ], "texture": "#main" },
				"west": { "uv": [ 2, 8, 3, 8.875 ], "texture": "#main" },
				"east": { "uv": [ 2, 8, 3, 8.875 ], "texture": "#main" }
			}
		},
		{
			"__comment": "Magikarp102",
			"from": [ 1.7, 16, 5 ],
			"to": [ 7.7, 22, 11 ],
			"rotation": { "origin": [ 8, 8, 8 ], "axis": "z", "angle": -22.5 },
			"faces": {
				"down": { "uv": [ 2, 8, 2.75, 8.75 ], "texture": "#main" },
				"up": { "uv": [ 2, 8, 2.75, 8.75 ], "texture": "#main" },
				"north": { "uv": [ 2, 8, 2.75, 8.75 ], "texture": "#main" },
				"south": { "uv": [ 2, 8, 2.75, 8.75 ], "texture": "#main" },
				"west": { "uv": [ 2, 8, 2.75, 8.75 ], "texture": "#main" },
				"east": { "uv": [ 2, 8, 2.75, 8.75 ], "texture": "#main" }
			}
		},
		{
			"__comment": "Magikarp103",
			"from": [ -2.2, 17.8, 6 ],
			"to": [ 1.8, 21.8, 10 ],
			"rotation": { "origin": [ 8, 8, 8 ], "axis": "z", "angle": -45 },
			"faces": {
				"down": { "uv": [ 2, 8, 2.5, 8.5 ], "texture": "#main" },
				"up": { "uv": [ 2, 8, 2.5, 8.5 ], "texture": "#main" },
				"north": { "uv": [ 2, 8, 2.5, 8.5 ], "texture": "#main" },
				"south": { "uv": [ 2, 8, 2.5, 8.5 ], "texture": "#main" },
				"west": { "uv": [ 2, 8, 2.5, 8.5 ], "texture": "#main" },
				"east": { "uv": [ 2, 8, 2.5, 8.5 ], "texture": "#main" }
			}
		},
		{
			"__comment": "Magikarp104",
			"from": [ -1, 21, 7 ],
			"to": [ 1, 23, 9 ],
			"rotation": { "origin": [ 8, 8, 8 ], "axis": "z", "angle": -45 },
			"faces": {
				"down": { "uv": [ 2, 8, 2.25, 8.25 ], "texture": "#main" },
				"up": { "uv": [ 2, 8, 2.25, 8.25 ], "texture": "#main" },
				"north": { "uv": [ 2, 8, 2.25, 8.25 ], "texture": "#main" },
				"south": { "uv": [ 2, 8, 2.25, 8.25 ], "texture": "#main" },
				"west": { "uv": [ 2, 8, 2.25, 8.25 ], "texture": "#main" },
				"east": { "uv": [ 2, 8, 2.25, 8.25 ], "texture": "#main" }
			}
		},
		{
			"__comment": "Magikarp105",
			"from": [ 10, 4, 15 ],
			"to": [ 13, 7, 16 ],
			"faces": {
				"down": { "uv": [ 4, 8, 4.375, 8.125 ], "texture": "#main" },
				"up": { "uv": [ 4, 8, 4.375, 8.125 ], "texture": "#main" },
				"north": { "uv": [ 4, 8, 4.375, 8.375 ], "texture": "#main" },
				"south": { "uv": [ 4, 8, 4.375, 8.375 ], "texture": "#main" },
				"west": { "uv": [ 4, 8, 4.125, 8.375 ], "texture": "#main" },
				"east": { "uv": [ 4, 8, 4.125, 8.375 ], "texture": "#main" }
			}
		},
		{
			"__comment": "Magikarp106",
			"from": [ 10, 4, 0 ],
			"to": [ 13, 7, 1 ],
			"faces": {
				"down": { "uv": [ 4, 8, 4.375, 8.125 ], "texture": "#main" },
				"up": { "uv": [ 4, 8, 4.375, 8.125 ], "texture": "#main" },
				"north": { "uv": [ 4, 8, 4.375, 8.375 ], "texture": "#main" },
				"south": { "uv": [ 4, 8, 4.375, 8.375 ], "texture": "#main" },
				"west": { "uv": [ 4, 8, 4.125, 8.375 ], "texture": "#main" },
				"east": { "uv": [ 4, 8, 4.125, 8.375 ], "texture": "#main" }
			}
		},
		{
			"__comment": "Magikarp107",
			"from": [ 23.3, 15.7, 6 ],
			"to": [ 24.3, 16.3, 10 ],
			"rotation": { "origin": [ 8, 8, 8 ], "axis": "z", "angle": 45 },
			"faces": {
				"down": { "uv": [ 4, 8, 4.125, 8.5 ], "texture": "#main" },
				"up": { "uv": [ 4, 8, 4.125, 8.5 ], "texture": "#main" },
				"north": { "uv": [ 4, 8, 4.125, 8.075 ], "texture": "#main" },
				"south": { "uv": [ 4, 8, 4.125, 8.075 ], "texture": "#main" },
				"west": { "uv": [ 4, 8, 4.5, 8.075 ], "texture": "#main" },
				"east": { "uv": [ 4, 8, 4.5, 8.075 ], "texture": "#main" }
			}
		},
		{
			"__comment": "Magikarp108",
			"from": [ 25.3, 15.5, 4 ],
			"to": [ 26.3, 16.1, 7 ],
			"rotation": { "origin": [ 8, 8, 8 ], "axis": "z", "angle": 45 },
			"faces": {
				"down": { "uv": [ 4, 8, 4.125, 8.375 ], "texture": "#main" },
				"up": { "uv": [ 4, 8, 4.125, 8.375 ], "texture": "#main" },
				"north": { "uv": [ 4, 8, 4.125, 8.075 ], "texture": "#main" },
				"south": { "uv": [ 4, 8, 4.125, 8.075 ], "texture": "#main" },
				"west": { "uv": [ 4, 8, 4.375, 8.075 ], "texture": "#main" },
				"east": { "uv": [ 4, 8, 4.375, 8.075 ], "texture": "#main" }
			}
		},
		{
			"__comment": "Magikarp109",
			"from": [ 11, 5, -0.09999999 ],
			"to": [ 11.5, 5.5, 0.9 ],
			"faces": {
				"down": { "uv": [ 6, 8, 6.0625, 8.125 ], "texture": "#main" },
				"up": { "uv": [ 6, 8, 6.0625, 8.125 ], "texture": "#main" },
				"north": { "uv": [ 6, 8, 6.0625, 8.0625 ], "texture": "#main" },
				"south": { "uv": [ 6, 8, 6.0625, 8.0625 ], "texture": "#main" },
				"west": { "uv": [ 6, 8, 6.125, 8.0625 ], "texture": "#main" },
				"east": { "uv": [ 6, 8, 6.125, 8.0625 ], "texture": "#main" }
			}
		},
		{
			"__comment": "Magikarp110",
			"from": [ 11, 5, 15.1 ],
			"to": [ 11.5, 5.5, 16.1 ],
			"faces": {
				"down": { "uv": [ 6, 8, 6.0625, 8.125 ], "texture": "#main" },
				"up": { "uv": [ 6, 8, 6.0625, 8.125 ], "texture": "#main" },
				"north": { "uv": [ 6, 8, 6.0625, 8.0625 ], "texture": "#main" },
				"south": { "uv": [ 6, 8, 6.0625, 8.0625 ], "texture": "#main" },
				"west": { "uv": [ 6, 8, 6.125, 8.0625 ], "texture": "#main" },
				"east": { "uv": [ 6, 8, 6.125, 8.0625 ], "texture": "#main" }
			}
		},
		{
			"__comment": "Magikarp111",
			"from": [ 23, 15.7, 6 ],
			"to": [ 23.3, 16.3, 10 ],
			"rotation": { "origin": [ 8, 8, 8 ], "axis": "z", "angle": 45 },
			"faces": {
				"down": { "uv": [ 2, 8, 2.0375, 8.5 ], "texture": "#main" },
				"up": { "uv": [ 2, 8, 2.0375, 8.5 ], "texture": "#main" },
				"north": { "uv": [ 2, 8, 2.0375, 8.075 ], "texture": "#main" },
				"south": { "uv": [ 2, 8, 2.0375, 8.075 ], "texture": "#main" },
				"west": { "uv": [ 2, 8, 2.5, 8.075 ], "texture": "#main" },
				"east": { "uv": [ 2, 8, 2.5, 8.075 ], "texture": "#main" }
			}
		},
		{
			"__comment": "Magikarp112",
			"from": [ 24, 15.7, 10 ],
			"to": [ 24.3, 16.3, 11 ],
			"rotation": { "origin": [ 8, 8, 8 ], "axis": "z", "angle": 45 },
			"faces": {
				"down": { "uv": [ 2, 8, 2.0375, 8.125 ], "texture": "#main" },
				"up": { "uv": [ 2, 8, 2.0375, 8.125 ], "texture": "#main" },
				"north": { "uv": [ 2, 8, 2.0375, 8.075 ], "texture": "#main" },
				"south": { "uv": [ 2, 8, 2.0375, 8.075 ], "texture": "#main" },
				"west": { "uv": [ 2, 8, 2.125, 8.075 ], "texture": "#main" },
				"east": { "uv": [ 2, 8, 2.125, 8.075 ], "texture": "#main" }
			}
		},
		{
			"__comment": "Magikarp113",
			"from": [ 23, 15.7, 10 ],
			"to": [ 24.3, 16.3, 10.3 ],
			"rotation": { "origin": [ 8, 8, 8 ], "axis": "z", "angle": 45 },
			"faces": {
				"down": { "uv": [ 2, 8, 2.1625, 8.0375 ], "texture": "#main" },
				"up": { "uv": [ 2, 8, 2.1625, 8.0375 ], "texture": "#main" },
				"north": { "uv": [ 2, 8, 2.1625, 8.075 ], "texture": "#main" },
				"south": { "uv": [ 2, 8, 2.1625, 8.075 ], "texture": "#main" },
				"west": { "uv": [ 2, 8, 2.0375, 8.075 ], "texture": "#main" },
				"east": { "uv": [ 2, 8, 2.0375, 8.075 ], "texture": "#main" }
			}
		},
		{
			"__comment": "Magikarp114",
			"from": [ 14.5, 11, 7.5 ],
			"to": [ 16.5, 13, 8.5 ],
			"rotation": { "origin": [ 8, 8, 8 ], "axis": "z", "angle": 22.5 },
			"faces": {
				"down": { "uv": [ 0, 10, 0.25, 10.125 ], "texture": "#main" },
				"up": { "uv": [ 0, 10, 0.25, 10.125 ], "texture": "#main" },
				"north": { "uv": [ 0, 10, 0.25, 10.25 ], "texture": "#main" },
				"south": { "uv": [ 0, 10, 0.25, 10.25 ], "texture": "#main" },
				"west": { "uv": [ 0, 10, 0.125, 10.25 ], "texture": "#main" },
				"east": { "uv": [ 0, 10, 0.125, 10.25 ], "texture": "#main" }
			}
		},
		{
			"__comment": "Magikarp115",
			"from": [ 16, 10, 7.5 ],
			"to": [ 17.2, 14, 8.5 ],
			"rotation": { "origin": [ 8, 8, 8 ], "axis": "z", "angle": 22.5 },
			"faces": {
				"down": { "uv": [ 0, 10, 0.15, 10.125 ], "texture": "#main" },
				"up": { "uv": [ 0, 10, 0.15, 10.125 ], "texture": "#main" },
				"north": { "uv": [ 0, 10, 0.15, 10.5 ], "texture": "#main" },
				"south": { "uv": [ 0, 10, 0.15, 10.5 ], "texture": "#main" },
				"west": { "uv": [ 0, 10, 0.125, 10.5 ], "texture": "#main" },
				"east": { "uv": [ 0, 10, 0.125, 10.5 ], "texture": "#main" }
			}
		},
		{
			"__comment": "Magikarp116",
			"from": [ 16.8, 9, 7.5 ],
			"to": [ 18, 15, 8.5 ],
			"rotation": { "origin": [ 8, 8, 8 ], "axis": "z", "angle": 22.5 },
			"faces": {
				"down": { "uv": [ 0, 10, 0.15, 10.125 ], "texture": "#main" },
				"up": { "uv": [ 0, 10, 0.15, 10.125 ], "texture": "#main" },
				"north": { "uv": [ 0, 10, 0.15, 10.75 ], "texture": "#main" },
				"south": { "uv": [ 0, 10, 0.15, 10.75 ], "texture": "#main" },
				"west": { "uv": [ 0, 10, 0.125, 10.75 ], "texture": "#main" },
				"east": { "uv": [ 0, 10, 0.125, 10.75 ], "texture": "#main" }
			}
		},
		{
			"__comment": "Magikarp117",
			"from": [ 17.8, 8, 7.5 ],
			"to": [ 19, 10, 8.5 ],
			"rotation": { "origin": [ 8, 8, 8 ], "axis": "z", "angle": 22.5 },
			"faces": {
				"down": { "uv": [ 0, 10, 0.15, 10.125 ], "texture": "#main" },
				"up": { "uv": [ 0, 10, 0.15, 10.125 ], "texture": "#main" },
				"north": { "uv": [ 0, 10, 0.15, 10.25 ], "texture": "#main" },
				"south": { "uv": [ 0, 10, 0.15, 10.25 ], "texture": "#main" },
				"west": { "uv": [ 0, 10, 0.125, 10.25 ], "texture": "#main" },
				"east": { "uv": [ 0, 10, 0.125, 10.25 ], "texture": "#main" }
			}
		},
		{
			"__comment": "Magikarp118",
			"from": [ 17.8, 11, 7.5 ],
			"to": [ 19, 13, 8.5 ],
			"rotation": { "origin": [ 8, 8, 8 ], "axis": "z", "angle": 22.5 },
			"faces": {
				"down": { "uv": [ 0, 10, 0.15, 10.125 ], "texture": "#main" },
				"up": { "uv": [ 0, 10, 0.15, 10.125 ], "texture": "#main" },
				"north": { "uv": [ 0, 10, 0.15, 10.25 ], "texture": "#main" },
				"south": { "uv": [ 0, 10, 0.15, 10.25 ], "texture": "#main" },
				"west": { "uv": [ 0, 10, 0.125, 10.25 ], "texture": "#main" },
				"east": { "uv": [ 0, 10, 0.125, 10.25 ], "texture": "#main" }
			}
		},
		{
			"__comment": "Magikarp119",
			"from": [ 17.8, 14, 7.5 ],
			"to": [ 19, 16, 8.5 ],
			"rotation": { "origin": [ 8, 8, 8 ], "axis": "z", "angle": 22.5 },
			"faces": {
				"down": { "uv": [ 0, 10, 0.15, 10.125 ], "texture": "#main" },
				"up": { "uv": [ 0, 10, 0.15, 10.125 ], "texture": "#main" },
				"north": { "uv": [ 0, 10, 0.15, 10.25 ], "texture": "#main" },
				"south": { "uv": [ 0, 10, 0.15, 10.25 ], "texture": "#main" },
				"west": { "uv": [ 0, 10, 0.125, 10.25 ], "texture": "#main" },
				"east": { "uv": [ 0, 10, 0.125, 10.25 ], "texture": "#main" }
			}
		},
		{
			"__comment": "Magikarp120",
			"from": [ 5.7, 8, 0.55 ],
			"to": [ 7.7, 12, 1.55 ],
			"faces": {
				"down": { "uv": [ 4, 8, 4.25, 8.125 ], "texture": "#main" },
				"up": { "uv": [ 4, 8, 4.25, 8.125 ], "texture": "#main" },
				"north": { "uv": [ 4, 8, 4.25, 8.5 ], "texture": "#main" },
				"south": { "uv": [ 4, 8, 4.25, 8.5 ], "texture": "#main" },
				"west": { "uv": [ 4, 8, 4.125, 8.5 ], "texture": "#main" },
				"east": { "uv": [ 4, 8, 4.125, 8.5 ], "texture": "#main" }
			}
		},
		{
			"__comment": "Magikarp121",
			"from": [ 5.5, 4, 14.5 ],
			"to": [ 9.5, 9.4, 15.5 ],
			"rotation": { "origin": [ 8, 8, 8 ], "axis": "z", "angle": 22.5 },
			"faces": {
				"down": { "uv": [ 2, 8, 2.5, 8.125 ], "texture": "#main" },
				"up": { "uv": [ 2, 8, 2.5, 8.125 ], "texture": "#main" },
				"north": { "uv": [ 2, 8, 2.5, 8.675 ], "texture": "#main" },
				"south": { "uv": [ 2, 8, 2.5, 8.675 ], "texture": "#main" },
				"west": { "uv": [ 2, 8, 2.125, 8.675 ], "texture": "#main" },
				"east": { "uv": [ 2, 8, 2.125, 8.675 ], "texture": "#main" }
			}
		},
		{
			"__comment": "Magikarp122",
			"from": [ 24.3, 15.7, 5 ],
			"to": [ 25.7, 16.3, 11 ],
			"rotation": { "origin": [ 8, 8, 8 ], "axis": "z", "angle": 45 },
			"faces": {
				"down": { "uv": [ 4, 8, 4.125, 8.75 ], "texture": "#main" },
				"up": { "uv": [ 4, 8, 4.125, 8.75 ], "texture": "#main" },
				"north": { "uv": [ 4, 8, 4.125, 8.075 ], "texture": "#main" },
				"south": { "uv": [ 4, 8, 4.125, 8.075 ], "texture": "#main" },
				"west": { "uv": [ 4, 8, 4.75, 8.075 ], "texture": "#main" },
				"east": { "uv": [ 4, 8, 4.75, 8.075 ], "texture": "#main" }
			}
		},
		{
			"__comment": "Magikarp123",
			"from": [ 7.45, 8.3, 14.45 ],
			"to": [ 9.45, 12.3, 15.45 ],
			"rotation": { "origin": [ 8, 8, 8 ], "axis": "z", "angle": 22.5 },
			"faces": {
				"down": { "uv": [ 4, 8, 4.25, 8.125 ], "texture": "#main" },
				"up": { "uv": [ 4, 8, 4.25, 8.125 ], "texture": "#main" },
				"north": { "uv": [ 4, 8, 4.25, 8.5 ], "texture": "#main" },
				"south": { "uv": [ 4, 8, 4.25, 8.5 ], "texture": "#main" },
				"west": { "uv": [ 4, 8, 4.125, 8.5 ], "texture": "#main" },
				"east": { "uv": [ 4, 8, 4.125, 8.5 ], "texture": "#main" }
			}
		},
		{
			"__comment": "Magikarp124",
			"from": [ 5.5, 4, 0.5 ],
			"to": [ 9.5, 9.4, 1.5 ],
			"rotation": { "origin": [ 8, 8, 8 ], "axis": "z", "angle": 22.5 },
			"faces": {
				"down": { "uv": [ 2, 8, 2.5, 8.125 ], "texture": "#main" },
				"up": { "uv": [ 2, 8, 2.5, 8.125 ], "texture": "#main" },
				"north": { "uv": [ 2, 8, 2.5, 8.675 ], "texture": "#main" },
				"south": { "uv": [ 2, 8, 2.5, 8.675 ], "texture": "#main" },
				"west": { "uv": [ 2, 8, 2.125, 8.675 ], "texture": "#main" },
				"east": { "uv": [ 2, 8, 2.125, 8.675 ], "texture": "#main" }
			}
		},
		{
			"__comment": "Magikarp125",
			"from": [ 7.45, 8.3, 0.55 ],
			"to": [ 9.45, 12.3, 1.55 ],
			"rotation": { "origin": [ 8, 8, 8 ], "axis": "z", "angle": 22.5 },
			"faces": {
				"down": { "uv": [ 4, 8, 4.25, 8.125 ], "texture": "#main" },
				"up": { "uv": [ 4, 8, 4.25, 8.125 ], "texture": "#main" },
				"north": { "uv": [ 4, 8, 4.25, 8.5 ], "texture": "#main" },
				"south": { "uv": [ 4, 8, 4.25, 8.5 ], "texture": "#main" },
				"west": { "uv": [ 4, 8, 4.125, 8.5 ], "texture": "#main" },
				"east": { "uv": [ 4, 8, 4.125, 8.5 ], "texture": "#main" }
			}
		},
		{
			"__comment": "Magikarp126",
			"from": [ 5.7, 8, 14.45 ],
			"to": [ 7.7, 12, 15.45 ],
			"faces": {
				"down": { "uv": [ 4, 8, 4.25, 8.125 ], "texture": "#main" },
				"up": { "uv": [ 4, 8, 4.25, 8.125 ], "texture": "#main" },
				"north": { "uv": [ 4, 8, 4.25, 8.5 ], "texture": "#main" },
				"south": { "uv": [ 4, 8, 4.25, 8.5 ], "texture": "#main" },
				"west": { "uv": [ 4, 8, 4.125, 8.5 ], "texture": "#main" },
				"east": { "uv": [ 4, 8, 4.125, 8.5 ], "texture": "#main" }
			}
		},
		{
			"__comment": "Magikarp127",
			"from": [ 0.5, 10, 7.5 ],
			"to": [ 2.5, 12, 8.5 ],
			"faces": {
				"down": { "uv": [ 0, 10, 0.25, 10.125 ], "texture": "#main" },
				"up": { "uv": [ 0, 10, 0.25, 10.125 ], "texture": "#main" },
				"north": { "uv": [ 0, 10, 0.25, 10.25 ], "texture": "#main" },
				"south": { "uv": [ 0, 10, 0.25, 10.25 ], "texture": "#main" },
				"west": { "uv": [ 0, 10, 0.125, 10.25 ], "texture": "#main" },
				"east": { "uv": [ 0, 10, 0.125, 10.25 ], "texture": "#main" }
			}
		},
		{
			"__comment": "Magikarp128",
			"from": [ 0.2, 9.5, 7.5 ],
			"to": [ 1.2, 12.5, 8.5 ],
			"faces": {
				"down": { "uv": [ 0, 10, 0.125, 10.125 ], "texture": "#main" },
				"up": { "uv": [ 0, 10, 0.125, 10.125 ], "texture": "#main" },
				"north": { "uv": [ 0, 10, 0.125, 10.375 ], "texture": "#main" },
				"south": { "uv": [ 0, 10, 0.125, 10.375 ], "texture": "#main" },
				"west": { "uv": [ 0, 10, 0.125, 10.375 ], "texture": "#main" },
				"east": { "uv": [ 0, 10, 0.125, 10.375 ], "texture": "#main" }
			}
		},
		{
			"__comment": "Magikarp129",
			"from": [ -0.2, 9, 7.5 ],
			"to": [ 0.8, 13, 8.5 ],
			"faces": {
				"down": { "uv": [ 0, 10, 0.125, 10.125 ], "texture": "#main" },
				"up": { "uv": [ 0, 10, 0.125, 10.125 ], "texture": "#main" },
				"north": { "uv": [ 0, 10, 0.125, 10.5 ], "texture": "#main" },
				"south": { "uv": [ 0, 10, 0.125, 10.5 ], "texture": "#main" },
				"west": { "uv": [ 0, 10, 0.125, 10.5 ], "texture": "#main" },
				"east": { "uv": [ 0, 10, 0.125, 10.5 ], "texture": "#main" }
			}
		},
		{
			"__comment": "Magikarp130",
			"from": [ -0.2, 9, 7.5 ],
			"to": [ 0.8, 13, 8.5 ],
			"faces": {
				"down": { "uv": [ 0, 10, 0.125, 10.125 ], "texture": "#main" },
				"up": { "uv": [ 0, 10, 0.125, 10.125 ], "texture": "#main" },
				"north": { "uv": [ 0, 10, 0.125, 10.5 ], "texture": "#main" },
				"south": { "uv": [ 0, 10, 0.125, 10.5 ], "texture": "#main" },
				"west": { "uv": [ 0, 10, 0.125, 10.5 ], "texture": "#main" },
				"east": { "uv": [ 0, 10, 0.125, 10.5 ], "texture": "#main" }
			}
		},
		{
			"__comment": "Magikarp131",
			"from": [ -0.6, 8.9, 7.5 ],
			"to": [ 0.4, 9.9, 8.5 ],
			"faces": {
				"down": { "uv": [ 0, 10, 0.125, 10.125 ], "texture": "#main" },
				"up": { "uv": [ 0, 10, 0.125, 10.125 ], "texture": "#main" },
				"north": { "uv": [ 0, 10, 0.125, 10.125 ], "texture": "#main" },
				"south": { "uv": [ 0, 10, 0.125, 10.125 ], "texture": "#main" },
				"west": { "uv": [ 0, 10, 0.125, 10.125 ], "texture": "#main" },
				"east": { "uv": [ 0, 10, 0.125, 10.125 ], "texture": "#main" }
			}
		},
		{
			"__comment": "Magikarp132",
			"from": [ -0.6, 10.5, 7.5 ],
			"to": [ 0.4, 11.5, 8.5 ],
			"faces": {
				"down": { "uv": [ 0, 10, 0.125, 10.125 ], "texture": "#main" },
				"up": { "uv": [ 0, 10, 0.125, 10.125 ], "texture": "#main" },
				"north": { "uv": [ 0, 10, 0.125, 10.125 ], "texture": "#main" },
				"south": { "uv": [ 0, 10, 0.125, 10.125 ], "texture": "#main" },
				"west": { "uv": [ 0, 10, 0.125, 10.125 ], "texture": "#main" },
				"east": { "uv": [ 0, 10, 0.125, 10.125 ], "texture": "#main" }
			}
		},
		{
			"__comment": "Magikarp133",
			"from": [ -0.6, 12.3, 7.5 ],
			"to": [ 0.4, 13.3, 8.5 ],
			"faces": {
				"down": { "uv": [ 0, 10, 0.125, 10.125 ], "texture": "#main" },
				"up": { "uv": [ 0, 10, 0.125, 10.125 ], "texture": "#main" },
				"north": { "uv": [ 0, 10, 0.125, 10.125 ], "texture": "#main" },
				"south": { "uv": [ 0, 10, 0.125, 10.125 ], "texture": "#main" },
				"west": { "uv": [ 0, 10, 0.125, 10.125 ], "texture": "#main" },
				"east": { "uv": [ 0, 10, 0.125, 10.125 ], "texture": "#main" }
			}
		},
		{
			"__comment": "Magikarp134",
			"from": [ -2, 5, 14.9 ],
			"to": [ 4, 6, 15.9 ],
			"rotation": { "origin": [ 8, 8, 8 ], "axis": "z", "angle": 22.5 },
			"faces": {
				"down": { "uv": [ 0, 10, 0.75, 10.125 ], "texture": "#main" },
				"up": { "uv": [ 0, 10, 0.75, 10.125 ], "texture": "#main" },
				"north": { "uv": [ 0, 10, 0.75, 10.125 ], "texture": "#main" },
				"south": { "uv": [ 0, 10, 0.75, 10.125 ], "texture": "#main" },
				"west": { "uv": [ 0, 10, 0.125, 10.125 ], "texture": "#main" },
				"east": { "uv": [ 0, 10, 0.125, 10.125 ], "texture": "#main" }
			}
		},
		{
			"__comment": "Magikarp135",
			"from": [ -2, 5, 0.09999999 ],
			"to": [ 4, 6, 1.1 ],
			"rotation": { "origin": [ 8, 8, 8 ], "axis": "z", "angle": 22.5 },
			"faces": {
				"down": { "uv": [ 0, 10, 0.75, 10.125 ], "texture": "#main" },
				"up": { "uv": [ 0, 10, 0.75, 10.125 ], "texture": "#main" },
				"north": { "uv": [ 0, 10, 0.75, 10.125 ], "texture": "#main" },
				"south": { "uv": [ 0, 10, 0.75, 10.125 ], "texture": "#main" },
				"west": { "uv": [ 0, 10, 0.125, 10.125 ], "texture": "#main" },
				"east": { "uv": [ 0, 10, 0.125, 10.125 ], "texture": "#main" }
			}
		},
		{
			"__comment": "Magikarp136",
			"from": [ 25.3, 15.5, 9 ],
			"to": [ 26.3, 16.1, 12 ],
			"rotation": { "origin": [ 8, 8, 8 ], "axis": "z", "angle": 45 },
			"faces": {
				"down": { "uv": [ 4, 8, 4.125, 8.375 ], "texture": "#main" },
				"up": { "uv": [ 4, 8, 4.125, 8.375 ], "texture": "#main" },
				"north": { "uv": [ 4, 8, 4.125, 8.075 ], "texture": "#main" },
				"south": { "uv": [ 4, 8, 4.125, 8.075 ], "texture": "#main" },
				"west": { "uv": [ 4, 8, 4.375, 8.075 ], "texture": "#main" },
				"east": { "uv": [ 4, 8, 4.375, 8.075 ], "texture": "#main" }
			}
		},
		{
			"__comment": "Magikarp137",
			"from": [ 23, 15.7, 5.7 ],
			"to": [ 24.3, 16.3, 6 ],
			"rotation": { "origin": [ 8, 8, 8 ], "axis": "z", "angle": 45 },
			"faces": {
				"down": { "uv": [ 2, 8, 2.1625, 8.0375 ], "texture": "#main" },
				"up": { "uv": [ 2, 8, 2.1625, 8.0375 ], "texture": "#main" },
				"north": { "uv": [ 2, 8, 2.1625, 8.075 ], "texture": "#main" },
				"south": { "uv": [ 2, 8, 2.1625, 8.075 ], "texture": "#main" },
				"west": { "uv": [ 2, 8, 2.0375, 8.075 ], "texture": "#main" },
				"east": { "uv": [ 2, 8, 2.0375, 8.075 ], "texture": "#main" }
			}
		},
		{
			"__comment": "Magikarp138",
			"from": [ 24, 15.7, 4.7 ],
			"to": [ 25.3, 16.3, 5 ],
			"rotation": { "origin": [ 8, 8, 8 ], "axis": "z", "angle": 45 },
			"faces": {
				"down": { "uv": [ 2, 8, 2.1625, 8.0375 ], "texture": "#main" },
				"up": { "uv": [ 2, 8, 2.1625, 8.0375 ], "texture": "#main" },
				"north": { "uv": [ 2, 8, 2.1625, 8.075 ], "texture": "#main" },
				"south": { "uv": [ 2, 8, 2.1625, 8.075 ], "texture": "#main" },
				"west": { "uv": [ 2, 8, 2.0375, 8.075 ], "texture": "#main" },
				"east": { "uv": [ 2, 8, 2.0375, 8.075 ], "texture": "#main" }
			}
		},
		{
			"__comment": "Magikarp139",
			"from": [ 25, 15.7, 3.7 ],
			"to": [ 26.3, 16.3, 4 ],
			"rotation": { "origin": [ 8, 8, 8 ], "axis": "z", "angle": 45 },
			"faces": {
				"down": { "uv": [ 2, 8, 2.1625, 8.0375 ], "texture": "#main" },
				"up": { "uv": [ 2, 8, 2.1625, 8.0375 ], "texture": "#main" },
				"north": { "uv": [ 2, 8, 2.1625, 8.075 ], "texture": "#main" },
				"south": { "uv": [ 2, 8, 2.1625, 8.075 ], "texture": "#main" },
				"west": { "uv": [ 2, 8, 2.0375, 8.075 ], "texture": "#main" },
				"east": { "uv": [ 2, 8, 2.0375, 8.075 ], "texture": "#main" }
			}
		},
		{
			"__comment": "Magikarp140",
			"from": [ 25, 15.7, 12 ],
			"to": [ 26.3, 16.3, 12.3 ],
			"rotation": { "origin": [ 8, 8, 8 ], "axis": "z", "angle": 45 },
			"faces": {
				"down": { "uv": [ 2, 8, 2.1625, 8.0375 ], "texture": "#main" },
				"up": { "uv": [ 2, 8, 2.1625, 8.0375 ], "texture": "#main" },
				"north": { "uv": [ 2, 8, 2.1625, 8.075 ], "texture": "#main" },
				"south": { "uv": [ 2, 8, 2.1625, 8.075 ], "texture": "#main" },
				"west": { "uv": [ 2, 8, 2.0375, 8.075 ], "texture": "#main" },
				"east": { "uv": [ 2, 8, 2.0375, 8.075 ], "texture": "#main" }
			}
		},
		{
			"__comment": "Magikarp141",
			"from": [ 24, 15.7, 11 ],
			"to": [ 25.3, 16.3, 11.3 ],
			"rotation": { "origin": [ 8, 8, 8 ], "axis": "z", "angle": 45 },
			"faces": {
				"down": { "uv": [ 2, 8, 2.1625, 8.0375 ], "texture": "#main" },
				"up": { "uv": [ 2, 8, 2.1625, 8.0375 ], "texture": "#main" },
				"north": { "uv": [ 2, 8, 2.1625, 8.075 ], "texture": "#main" },
				"south": { "uv": [ 2, 8, 2.1625, 8.075 ], "texture": "#main" },
				"west": { "uv": [ 2, 8, 2.0375, 8.075 ], "texture": "#main" },
				"east": { "uv": [ 2, 8, 2.0375, 8.075 ], "texture": "#main" }
			}
		},
		{
			"__comment": "Magikarp142",
			"from": [ 24, 15.7, 5 ],
			"to": [ 24.3, 16.3, 6 ],
			"rotation": { "origin": [ 8, 8, 8 ], "axis": "z", "angle": 45 },
			"faces": {
				"down": { "uv": [ 2, 8, 2.0375, 8.125 ], "texture": "#main" },
				"up": { "uv": [ 2, 8, 2.0375, 8.125 ], "texture": "#main" },
				"north": { "uv": [ 2, 8, 2.0375, 8.075 ], "texture": "#main" },
				"south": { "uv": [ 2, 8, 2.0375, 8.075 ], "texture": "#main" },
				"west": { "uv": [ 2, 8, 2.125, 8.075 ], "texture": "#main" },
				"east": { "uv": [ 2, 8, 2.125, 8.075 ], "texture": "#main" }
			}
		},
		{
			"__comment": "Magikarp143",
			"from": [ 25, 15.7, 4 ],
			"to": [ 25.3, 16.3, 5 ],
			"rotation": { "origin": [ 8, 8, 8 ], "axis": "z", "angle": 45 },
			"faces": {
				"down": { "uv": [ 2, 8, 2.0375, 8.125 ], "texture": "#main" },
				"up": { "uv": [ 2, 8, 2.0375, 8.125 ], "texture": "#main" },
				"north": { "uv": [ 2, 8, 2.0375, 8.075 ], "texture": "#main" },
				"south": { "uv": [ 2, 8, 2.0375, 8.075 ], "texture": "#main" },
				"west": { "uv": [ 2, 8, 2.125, 8.075 ], "texture": "#main" },
				"east": { "uv": [ 2, 8, 2.125, 8.075 ], "texture": "#main" }
			}
		},
		{
			"__comment": "Magikarp144",
			"from": [ 25, 15.7, 11 ],
			"to": [ 25.3, 16.3, 12 ],
			"rotation": { "origin": [ 8, 8, 8 ], "axis": "z", "angle": 45 },
			"faces": {
				"down": { "uv": [ 2, 8, 2.0375, 8.125 ], "texture": "#main" },
				"up": { "uv": [ 2, 8, 2.0375, 8.125 ], "texture": "#main" },
				"north": { "uv": [ 2, 8, 2.0375, 8.075 ], "texture": "#main" },
				"south": { "uv": [ 2, 8, 2.0375, 8.075 ], "texture": "#main" },
				"west": { "uv": [ 2, 8, 2.125, 8.075 ], "texture": "#main" },
				"east": { "uv": [ 2, 8, 2.125, 8.075 ], "texture": "#main" }
			}
		}
	],
	"display": {
		"thirdperson_righthand": {
			"rotation":  [ 75, 45, 0 ],
			"translation":  [ 0, 2.5, 2 ],
			"scale":  [ 0.375, 0.375, 0.375 ]
		},
		"thirdperson_lefthand": {
			"rotation":  [ 75, 45, 0 ],
			"translation":  [ 0, 2.5, 2 ],
			"scale":  [ 0.375, 0.375, 0.375 ]
		},
		"firstperson_righthand": {
			"rotation":  [ 0, -90, 25 ],
			"translation":  [ 1.13, 3.2, 1.13 ],
			"scale":  [ 0.68, 0.68, 0.68 ]
		},
		"firstperson_lefthand": {
			"rotation":  [ 0, 90, -25 ],
			"translation":  [ 1.13, 3.2, 1.13 ],
			"scale":  [ 0.68, 0.68, 0.68 ]
		},
		"gui": {
			"rotation":  [ 0, -22.5, 0 ],
			"translation":  [ 0.38, -2.65, 0 ],
			"scale":  [ 0.55, 0.55, 0.55 ]
		},
		"head": {
			"rotation":  [ 0, 180, 0 ],
			"translation":  [ 0, 14, 0 ]
		},
		"ground": {
			"translation":  [ 0, 3, 0 ],
			"scale":  [ 0.25, 0.25, 0.25 ]
		},
		"fixed": {
			"translation":  [ 0, -2, 0 ],
			"scale":  [ 0.5, 0.5, 0.5 ]
		}
	}
}