{
	"__comment": "Designed by Randamonium for The Craftico Project",
	"textures": {
		"Hat": "block/black_concrete",
		"Hat-Brace": "block/white_concrete",
		"Hat-Brace-Buckle": "block/polished_gold",
		"Hat-Brace-Buttons": "block/black_concrete"
	},
	"elements": [ 	 
		{
			"__comment": "Pilgrim",
			"from": [ 3, 2, 3 ],
			"to": [ 13, 10, 13 ],
			"faces": {
				"up": { "uv": [ 0, 0, 12, 12 ], "texture": "#Hat" },
				"north": { "uv": [ 0, 0, 12, 14 ], "texture": "#Hat" },
				"south": { "uv": [ 0, 0, 12, 14 ], "texture": "#Hat" },
				"west": { "uv": [ 0, 0, 12, 14 ], "texture": "#Hat" },
				"east": { "uv": [ 0, 0, 12, 14 ], "texture": "#Hat" }
			}
		},
		{
			"__comment": "Pilgrim1",
			"from": [ 0, 1, 0 ],
			"to": [ 16, 3, 16 ],
			"faces": {
				"down": { "uv": [ 0, 2, 9, 11 ], "texture": "#Hat" },
				"up": { "uv": [ 0, 2, 9, 11 ], "texture": "#Hat" },
				"north": { "uv": [ 0, 0, 9, 2 ], "texture": "#Hat" },
				"south": { "uv": [ 0, 0, 9, 2 ], "texture": "#Hat" },
				"west": { "uv": [ 0, 0, 9, 2 ], "texture": "#Hat" },
				"east": { "uv": [ 0, 0, 9, 2 ], "texture": "#Hat" }
			}
		},
		{
			"__comment": "Pilgrim2",
			"from": [ 2, 3, 2 ],
			"to": [ 14, 5, 14 ],
			"faces": {
				"down": { "uv": [ 0, 0, 12, 12 ], "texture": "#Hat-Brace" },
				"up": { "uv": [ 0, 0, 12, 12 ], "texture": "#Hat-Brace" },
				"north": { "uv": [ 0, 0, 12, 2 ], "texture": "#Hat-Brace" },
				"south": { "uv": [ 0, 0, 12, 2 ], "texture": "#Hat-Brace" },
				"west": { "uv": [ 0, 0, 12, 2 ], "texture": "#Hat-Brace" },
				"east": { "uv": [ 0, 0, 12, 2 ], "texture": "#Hat-Brace" }
			}
		},
		{
			"__comment": "Pilgrim3",
			"from": [ 6, 3, 13.5 ],
			"to": [ 7, 5.2, 14.5 ],
			"faces": {
				"down": { "uv": [ 0, 0, 1, 1 ], "texture": "#Hat-Brace-Buckle" },
				"up": { "uv": [ 0, 0, 1, 1 ], "texture": "#Hat-Brace-Buckle" },
				"north": { "uv": [ 0, 0, 1, 2.2 ], "texture": "#Hat-Brace-Buckle" },
				"south": { "uv": [ 0, 0, 1, 2.2 ], "texture": "#Hat-Brace-Buckle" },
				"west": { "uv": [ 0, 0, 1, 2.2 ], "texture": "#Hat-Brace-Buckle" },
				"east": { "uv": [ 0, 0, 1, 2.2 ], "texture": "#Hat-Brace-Buckle" }
			}
		},
		{
			"__comment": "Pilgrim4",
			"from": [ 9, 3, 13.5 ],
			"to": [ 10, 5.2, 14.5 ],
			"faces": {
				"down": { "uv": [ 0, 0, 1, 1 ], "texture": "#Hat-Brace-Buckle" },
				"up": { "uv": [ 0, 0, 1, 1 ], "texture": "#Hat-Brace-Buckle" },
				"north": { "uv": [ 0, 0, 1, 2.2 ], "texture": "#Hat-Brace-Buckle" },
				"south": { "uv": [ 0, 0, 1, 2.2 ], "texture": "#Hat-Brace-Buckle" },
				"west": { "uv": [ 0, 0, 1, 2.2 ], "texture": "#Hat-Brace-Buckle" },
				"east": { "uv": [ 0, 0, 1, 2.2 ], "texture": "#Hat-Brace-Buckle" }
			}
		},
		{
			"__comment": "Pilgrim5",
			"from": [ 6, 5, 13.5 ],
			"to": [ 10, 6, 14.5 ],
			"faces": {
				"down": { "uv": [ 0, 0, 4, 1 ], "texture": "#Hat-Brace-Buckle" },
				"up": { "uv": [ 0, 0, 4, 1 ], "texture": "#Hat-Brace-Buckle" },
				"north": { "uv": [ 0, 0, 4, 1 ], "texture": "#Hat-Brace-Buckle" },
				"south": { "uv": [ 0, 0, 4, 1 ], "texture": "#Hat-Brace-Buckle" },
				"west": { "uv": [ 0, 0, 1, 1 ], "texture": "#Hat-Brace-Buckle" },
				"east": { "uv": [ 0, 0, 1, 1 ], "texture": "#Hat-Brace-Buckle" }
			}
		},
		{
			"__comment": "Pilgrim6",
			"from": [ 6, 2.3, 13.5 ],
			"to": [ 10, 3.3, 14.5 ],
			"faces": {
				"down": { "uv": [ 0, 0, 4, 1 ], "texture": "#Hat-Brace-Buckle" },
				"up": { "uv": [ 0, 0, 4, 1 ], "texture": "#Hat-Brace-Buckle" },
				"north": { "uv": [ 0, 0, 4, 1 ], "texture": "#Hat-Brace-Buckle" },
				"south": { "uv": [ 0, 0, 4, 1 ], "texture": "#Hat-Brace-Buckle" },
				"west": { "uv": [ 0, 0, 1, 1 ], "texture": "#Hat-Brace-Buckle" },
				"east": { "uv": [ 0, 0, 1, 1 ], "texture": "#Hat-Brace-Buckle" }
			}
		},
		{
			"__comment": "Pilgrim7",
			"from": [ 7.5, 3.5, 1.8 ],
			"to": [ 8.5, 4.5, 2.8 ],
			"faces": {
				"down": { "uv": [ 0, 0, 1, 1 ], "texture": "#Hat-Brace-Buttons" },
				"up": { "uv": [ 0, 0, 1, 1 ], "texture": "#Hat-Brace-Buttons" },
				"north": { "uv": [ 0, 0, 1, 1 ], "texture": "#Hat-Brace-Buttons" },
				"south": { "uv": [ 0, 0, 1, 1 ], "texture": "#Hat-Brace-Buttons" },
				"west": { "uv": [ 0, 0, 1, 1 ], "texture": "#Hat-Brace-Buttons" },
				"east": { "uv": [ 0, 0, 1, 1 ], "texture": "#Hat-Brace-Buttons" }
			}
		},
		{
			"__comment": "Pilgrim8",
			"from": [ 10.5, 3.5, 1.8 ],
			"to": [ 11.5, 4.5, 2.8 ],
			"faces": {
				"down": { "uv": [ 0, 0, 1, 1 ], "texture": "#Hat-Brace-Buttons" },
				"up": { "uv": [ 0, 0, 1, 1 ], "texture": "#Hat-Brace-Buttons" },
				"north": { "uv": [ 0, 0, 1, 1 ], "texture": "#Hat-Brace-Buttons" },
				"south": { "uv": [ 0, 0, 1, 1 ], "texture": "#Hat-Brace-Buttons" },
				"west": { "uv": [ 0, 0, 1, 1 ], "texture": "#Hat-Brace-Buttons" },
				"east": { "uv": [ 0, 0, 1, 1 ], "texture": "#Hat-Brace-Buttons" }
			}
		},
		{
			"__comment": "Pilgrim9",
			"from": [ 4.5, 3.5, 1.8 ],
			"to": [ 5.5, 4.5, 2.8 ],
			"faces": {
				"down": { "uv": [ 0, 0, 1, 1 ], "texture": "#Hat-Brace-Buttons" },
				"up": { "uv": [ 0, 0, 1, 1 ], "texture": "#Hat-Brace-Buttons" },
				"north": { "uv": [ 0, 0, 1, 1 ], "texture": "#Hat-Brace-Buttons" },
				"south": { "uv": [ 0, 0, 1, 1 ], "texture": "#Hat-Brace-Buttons" },
				"west": { "uv": [ 0, 0, 1, 1 ], "texture": "#Hat-Brace-Buttons" },
				"east": { "uv": [ 0, 0, 1, 1 ], "texture": "#Hat-Brace-Buttons" }
			}
		},
		{
			"__comment": "Pilgrim10",
			"from": [ 13.3, 3.5, 7.5 ],
			"to": [ 14.3, 4.5, 8.5 ],
			"faces": {
				"down": { "uv": [ 0, 0, 1, 1 ], "texture": "#Hat-Brace-Buttons" },
				"up": { "uv": [ 0, 0, 1, 1 ], "texture": "#Hat-Brace-Buttons" },
				"north": { "uv": [ 0, 0, 1, 1 ], "texture": "#Hat-Brace-Buttons" },
				"south": { "uv": [ 0, 0, 1, 1 ], "texture": "#Hat-Brace-Buttons" },
				"west": { "uv": [ 0, 0, 1, 1 ], "texture": "#Hat-Brace-Buttons" },
				"east": { "uv": [ 0, 0, 1, 1 ], "texture": "#Hat-Brace-Buttons" }
			}
		},
		{
			"__comment": "Pilgrim11",
			"from": [ 13.3, 3.5, 10.5 ],
			"to": [ 14.3, 4.5, 11.5 ],
			"faces": {
				"down": { "uv": [ 0, 0, 1, 1 ], "texture": "#Hat-Brace-Buttons" },
				"up": { "uv": [ 0, 0, 1, 1 ], "texture": "#Hat-Brace-Buttons" },
				"north": { "uv": [ 0, 0, 1, 1 ], "texture": "#Hat-Brace-Buttons" },
				"south": { "uv": [ 0, 0, 1, 1 ], "texture": "#Hat-Brace-Buttons" },
				"west": { "uv": [ 0, 0, 1, 1 ], "texture": "#Hat-Brace-Buttons" },
				"east": { "uv": [ 0, 0, 1, 1 ], "texture": "#Hat-Brace-Buttons" }
			}
		},
		{
			"__comment": "Pilgrim12",
			"from": [ 13.3, 3.5, 4.5 ],
			"to": [ 14.3, 4.5, 5.5 ],
			"faces": {
				"down": { "uv": [ 0, 0, 1, 1 ], "texture": "#Hat-Brace-Buttons" },
				"up": { "uv": [ 0, 0, 1, 1 ], "texture": "#Hat-Brace-Buttons" },
				"north": { "uv": [ 0, 0, 1, 1 ], "texture": "#Hat-Brace-Buttons" },
				"south": { "uv": [ 0, 0, 1, 1 ], "texture": "#Hat-Brace-Buttons" },
				"west": { "uv": [ 0, 0, 1, 1 ], "texture": "#Hat-Brace-Buttons" },
				"east": { "uv": [ 0, 0, 1, 1 ], "texture": "#Hat-Brace-Buttons" }
			}
		},
		{
			"__comment": "Pilgrim13",
			"from": [ 10.5, 3.5, 13.3 ],
			"to": [ 11.5, 4.5, 14.3 ],
			"faces": {
				"down": { "uv": [ 0, 0, 1, 1 ], "texture": "#Hat-Brace-Buttons" },
				"up": { "uv": [ 0, 0, 1, 1 ], "texture": "#Hat-Brace-Buttons" },
				"north": { "uv": [ 0, 0, 1, 1 ], "texture": "#Hat-Brace-Buttons" },
				"south": { "uv": [ 0, 0, 1, 1 ], "texture": "#Hat-Brace-Buttons" },
				"west": { "uv": [ 0, 0, 1, 1 ], "texture": "#Hat-Brace-Buttons" },
				"east": { "uv": [ 0, 0, 1, 1 ], "texture": "#Hat-Brace-Buttons" }
			}
		},
		{
			"__comment": "Pilgrim14",
			"from": [ 4.5, 3.5, 13.3 ],
			"to": [ 5.5, 4.5, 14.3 ],
			"faces": {
				"down": { "uv": [ 0, 0, 1, 1 ], "texture": "#Hat-Brace-Buttons" },
				"up": { "uv": [ 0, 0, 1, 1 ], "texture": "#Hat-Brace-Buttons" },
				"north": { "uv": [ 0, 0, 1, 1 ], "texture": "#Hat-Brace-Buttons" },
				"south": { "uv": [ 0, 0, 1, 1 ], "texture": "#Hat-Brace-Buttons" },
				"west": { "uv": [ 0, 0, 1, 1 ], "texture": "#Hat-Brace-Buttons" },
				"east": { "uv": [ 0, 0, 1, 1 ], "texture": "#Hat-Brace-Buttons" }
			}
		},
		{
			"__comment": "Pilgrim15",
			"from": [ 1.7, 3.5, 4.5 ],
			"to": [ 2.7, 4.5, 5.5 ],
			"faces": {
				"down": { "uv": [ 0, 0, 1, 1 ], "texture": "#Hat-Brace-Buttons" },
				"up": { "uv": [ 0, 0, 1, 1 ], "texture": "#Hat-Brace-Buttons" },
				"north": { "uv": [ 0, 0, 1, 1 ], "texture": "#Hat-Brace-Buttons" },
				"south": { "uv": [ 0, 0, 1, 1 ], "texture": "#Hat-Brace-Buttons" },
				"west": { "uv": [ 0, 0, 1, 1 ], "texture": "#Hat-Brace-Buttons" },
				"east": { "uv": [ 0, 0, 1, 1 ], "texture": "#Hat-Brace-Buttons" }
			}
		},
		{
			"__comment": "Pilgrim16",
			"from": [ 1.7, 3.5, 7.5 ],
			"to": [ 2.7, 4.5, 8.5 ],
			"faces": {
				"down": { "uv": [ 0, 0, 1, 1 ], "texture": "#Hat-Brace-Buttons" },
				"up": { "uv": [ 0, 0, 1, 1 ], "texture": "#Hat-Brace-Buttons" },
				"north": { "uv": [ 0, 0, 1, 1 ], "texture": "#Hat-Brace-Buttons" },
				"south": { "uv": [ 0, 0, 1, 1 ], "texture": "#Hat-Brace-Buttons" },
				"west": { "uv": [ 0, 0, 1, 1 ], "texture": "#Hat-Brace-Buttons" },
				"east": { "uv": [ 0, 0, 1, 1 ], "texture": "#Hat-Brace-Buttons" }
			}
		},
		{
			"__comment": "Pilgrim17",
			"from": [ 1.7, 3.5, 10.5 ],
			"to": [ 2.7, 4.5, 11.5 ],
			"faces": {
				"down": { "uv": [ 0, 0, 1, 1 ], "texture": "#Hat-Brace-Buttons" },
				"up": { "uv": [ 0, 0, 1, 1 ], "texture": "#Hat-Brace-Buttons" },
				"north": { "uv": [ 0, 0, 1, 1 ], "texture": "#Hat-Brace-Buttons" },
				"south": { "uv": [ 0, 0, 1, 1 ], "texture": "#Hat-Brace-Buttons" },
				"west": { "uv": [ 0, 0, 1, 1 ], "texture": "#Hat-Brace-Buttons" },
				"east": { "uv": [ 0, 0, 1, 1 ], "texture": "#Hat-Brace-Buttons" }
			}
		},
		{
			"__comment": "Pilgrim18",
			"from": [ 3.5, 6, 3.5 ],
			"to": [ 12.5, 14, 12.5 ],
			"faces": {
				"up": { "uv": [ 0, 0, 12, 12 ], "texture": "#Hat" },
				"north": { "uv": [ 0, 0, 12, 14 ], "texture": "#Hat" },
				"south": { "uv": [ 0, 0, 12, 14 ], "texture": "#Hat" },
				"west": { "uv": [ 0, 0, 12, 14 ], "texture": "#Hat" },
				"east": { "uv": [ 0, 0, 12, 14 ], "texture": "#Hat" }
			}
		}
	],
	"display": {
		"thirdperson_righthand": {
			"rotation":  [ 75, 45, 0 ],
			"translation":  [ 0, 2.5, 0 ],
			"scale":  [ 0.375, 0.375, 0.375 ]
		},
		"thirdperson_lefthand": {
			"rotation":  [ 75, 45, 0 ],
			"translation":  [ 0, 2.5, 0 ],
			"scale":  [ 0.375, 0.375, 0.375 ]
		},
		"firstperson_righthand": {
			"rotation":  [ 0, -90, 25 ],
			"translation":  [ 1, 5, 1 ],
			"scale":  [ 0.68, 0.68, 0.68 ]
		},
		"firstperson_lefthand": {
			"rotation":  [ 0, -90, 25 ],
			"translation":  [ 1, 5, 1 ],
			"scale":  [ 0.68, 0.68, 0.68 ]
		},
		"gui": {
			"rotation":  [ 22.5, -22.5, 0 ],
			"translation":  [ 0, 1, 0 ],
			"scale":  [ 0.7, 0.7, 0.7 ]
		},
		"head": {
			"rotation":  [ 0, 180, 0 ],
			"translation":  [ 0, 12, 0 ],
			"scale":  [ 1.3, 1.3, 1.3 ]
		},
		"ground": {
			"translation":  [ 0, 3, 0 ],
			"scale":  [ 0.25, 0.25, 0.25 ]
		},
		"fixed": {
			"rotation":  [ 0, 180, 0 ]
		}
	}
}