{
	"__comment": "Designed by Randamonium with Cubik Studio - https://cubik.studio",
	"textures": {
		"Fur": "block/white_terracotta",
		"Skin": "block/pink_concrete"
	},
	"elements": [ 	 
		{
			"__comment": "Skin",
			"from": [ -4, 21, 7 ],
			"to": [ 0, 23, 8 ],
			"faces": {
				"down": { "uv": [ 12, 8, 16, 9 ], "texture": "#Skin" },
				"up": { "uv": [ 12, 7, 16, 8 ], "texture": "#Skin" },
				"south": { "uv": [ 12, 9, 16, 11 ], "texture": "#Skin" }
			}
		},
		{
			"__comment": "Skin1",
			"from": [ -4, 23, 7 ],
			"to": [ -1, 29, 8 ],
			"faces": {
				"up": { "uv": [ 12, 7, 15, 8 ], "texture": "#Skin" },
				"south": { "uv": [ 12, 3, 15, 9 ], "texture": "#Skin" }
			}
		},
		{
			"__comment": "Skin2",
			"from": [ -3, 18, 7 ],
			"to": [ 1, 20, 8 ],
			"faces": {
				"down": { "uv": [ 0, 8, 1, 9 ], "texture": "#Skin", "cullface": "up" },
				"up": { "uv": [ 0, 7, 1, 8 ], "texture": "#Skin", "cullface": "up" },
				"south": { "uv": [ 0, 12, 1, 14 ], "texture": "#Skin", "cullface": "up" }
			}
		},
		{
			"__comment": "Skin4",
			"from": [ -3, 20, 7 ],
			"to": [ 0, 21, 8 ],
			"faces": {
				"south": { "uv": [ 13, 11, 16, 12 ], "texture": "#Skin" }
			}
		},
		{
			"__comment": "Skin3",
			"from": [ -3, 29, 7 ],
			"to": [ -2, 31, 8 ],
			"faces": {
				"south": { "uv": [ 13, 1, 14, 3 ], "texture": "#Skin" }
			}
		},
		{
			"__comment": "Skin5",
			"from": [ -2, 16, 7 ],
			"to": [ 2, 18, 8 ],
			"faces": {
				"down": { "uv": [ 0, 8, 2, 9 ], "texture": "#Skin" },
				"up": { "uv": [ 0, 7, 2, 8 ], "texture": "#Skin" },
				"south": { "uv": [ 0, 14, 2, 16 ], "texture": "#Skin" }
			}
		},
		{
			"__comment": "Skin6",
			"from": [ -1, 15, 7 ],
			"to": [ 2, 16, 8 ],
			"faces": {
				"south": { "uv": [ 0, 0, 2, 1 ], "texture": "#Skin", "cullface": "west" }
			}
		},
		{
			"__comment": "Skin7",
			"from": [ 14, 15, 7 ],
			"to": [ 17, 18, 8 ],
			"faces": {
				"up": { "uv": [ 14, 7, 16, 8 ], "texture": "#Skin", "cullface": "east" },
				"south": { "uv": [ 14, 0, 16, 1 ], "texture": "#Skin", "cullface": "east" },
				"east": { "uv": [ 8, 0, 7, 1 ], "texture": "#Skin", "cullface": "east" }
			}
		},
		{
			"__comment": "Skin8",
			"from": [ 15, 18, 7 ],
			"to": [ 19, 20, 8 ],
			"faces": {
				"down": { "uv": [ 15, 8, 16, 9 ], "texture": "#Skin", "cullface": "up" },
				"up": { "uv": [ 15, 7, 16, 8 ], "texture": "#Skin", "cullface": "up" },
				"south": { "uv": [ 15, 12, 16, 14 ], "texture": "#Skin", "cullface": "up" }
			}
		},
		{
			"__comment": "Skin9",
			"from": [ 16, 20, 7 ],
			"to": [ 19, 23, 8 ],
			"faces": {
				"up": { "uv": [ 0, 7, 3, 8 ], "texture": "#Skin" },
				"south": { "uv": [ 0, 9, 3, 12 ], "texture": "#Skin" },
				"east": { "uv": [ 8, 9, 7, 12 ], "texture": "#Skin" }
			}
		},
		{
			"__comment": "Skin10",
			"from": [ 17, 16, 7 ],
			"to": [ 18, 18, 8 ],
			"faces": {
				"south": { "uv": [ 1, 14, 2, 16 ], "texture": "#Skin" }
			}
		},
		{
			"__comment": "Skin11",
			"from": [ 17, 23, 7 ],
			"to": [ 20, 29, 8 ],
			"faces": {
				"down": { "uv": [ 1, 8, 4, 9 ], "texture": "#Skin" },
				"up": { "uv": [ 1, 7, 4, 8 ], "texture": "#Skin" },
				"south": { "uv": [ 1, 3, 4, 9 ], "texture": "#Skin" }
			}
		},
		{
			"__comment": "Skin12",
			"from": [ 18, 29, 7 ],
			"to": [ 19, 31, 8 ],
			"faces": {
				"south": { "uv": [ 2, 1, 3, 3 ], "texture": "#Skin" }
			}
		},
		{
			"__comment": "Skin13",
			"from": [ 19, 21, 7 ],
			"to": [ 20, 23, 8 ],
			"faces": {
				"south": { "uv": [ 3, 9, 4, 11 ], "texture": "#Skin" }
			}
		},
		{
			"__comment": "Fur",
			"from": [ -5, 21, 7 ],
			"to": [ -4, 29, 9 ],
			"faces": {
				"down": { "uv": [ 11, 7, 12, 9 ], "texture": "#Fur" },
				"up": { "uv": [ 11, 7, 12, 9 ], "texture": "#Fur" },
				"north": { "uv": [ 12, 3, 11, 11 ], "texture": "#Fur" },
				"south": { "uv": [ 11, 3, 12, 11 ], "texture": "#Fur" },
				"west": { "uv": [ 7, 3, 9, 11 ], "texture": "#Fur" },
				"east": { "uv": [ 9, 3, 7, 11 ], "texture": "#Fur" }
			}
		},
		{
			"__comment": "Fur1",
			"from": [ -4, 18, 7 ],
			"to": [ -3, 21, 9 ],
			"faces": {
				"down": { "uv": [ 12, 7, 13, 9 ], "texture": "#Fur" },
				"up": { "uv": [ 12, 7, 13, 9 ], "texture": "#Fur" },
				"north": { "uv": [ 13, 11, 12, 14 ], "texture": "#Fur" },
				"south": { "uv": [ 12, 11, 13, 14 ], "texture": "#Fur" },
				"west": { "uv": [ 7, 11, 9, 14 ], "texture": "#Fur" },
				"east": { "uv": [ 9, 11, 7, 14 ], "texture": "#Fur" }
			}
		},
		{
			"__comment": "Fur2",
			"from": [ -4, 21, 6 ],
			"to": [ 0, 23, 7 ],
			"faces": {
				"down": { "uv": [ 12, 9, 16, 10 ], "texture": "#Fur" },
				"up": { "uv": [ 12, 6, 16, 7 ], "texture": "#Fur" },
				"north": { "uv": [ 0, 9, 12, 11 ], "texture": "#Fur" },
				"west": { "uv": [ 6, 9, 7, 11 ], "texture": "#Fur" },
				"east": { "uv": [ 7, 9, 6, 11 ], "texture": "#Fur" }
			}
		},
		{
			"__comment": "Fur3",
			"from": [ -4, 23, 6 ],
			"to": [ -1, 29, 7 ],
			"faces": {
				"up": { "uv": [ 12, 6, 15, 7 ], "texture": "#Fur" },
				"north": { "uv": [ 15, 3, 12, 9 ], "texture": "#Fur" },
				"west": { "uv": [ 6, 3, 7, 9 ], "texture": "#Fur" },
				"east": { "uv": [ 7, 3, 6, 9 ], "texture": "#Fur" }
			}
		},
		{
			"__comment": "Fur4",
			"from": [ -4, 29, 7 ],
			"to": [ -3, 31, 9 ],
			"faces": {
				"down": { "uv": [ 12, 7, 13, 9 ], "texture": "#Fur" },
				"up": { "uv": [ 12, 7, 13, 9 ], "texture": "#Fur" },
				"north": { "uv": [ 13, 1, 12, 3 ], "texture": "#Fur" },
				"south": { "uv": [ 12, 1, 13, 3 ], "texture": "#Fur" },
				"west": { "uv": [ 7, 1, 9, 3 ], "texture": "#Fur" },
				"east": { "uv": [ 9, 1, 7, 3 ], "texture": "#Fur" }
			}
		},
		{
			"__comment": "Fur5",
			"from": [ -3, 16, 7 ],
			"to": [ -2, 18, 9 ],
			"faces": {
				"down": { "uv": [ 13, 7, 14, 9 ], "texture": "#Fur" },
				"up": { "uv": [ 13, 7, 14, 9 ], "texture": "#Fur" },
				"north": { "uv": [ 14, 14, 13, 16 ], "texture": "#Fur" },
				"south": { "uv": [ 13, 14, 14, 16 ], "texture": "#Fur" },
				"west": { "uv": [ 7, 14, 9, 16 ], "texture": "#Fur" },
				"east": { "uv": [ 9, 14, 7, 16 ], "texture": "#Fur" }
			}
		},
		{
			"__comment": "Fur6",
			"from": [ -3, 18, 6 ],
			"to": [ 1, 20, 7 ],
			"faces": {
				"down": { "uv": [ 0, 9, 1, 10 ], "texture": "#Fur", "cullface": "up" },
				"up": { "uv": [ 0, 6, 1, 7 ], "texture": "#Fur", "cullface": "up" },
				"north": { "uv": [ 1, 12, 13, 14 ], "texture": "#Fur", "cullface": "up" },
				"west": { "uv": [ 6, 12, 7, 14 ], "texture": "#Fur", "cullface": "up" },
				"east": { "uv": [ 7, 12, 6, 14 ], "texture": "#Fur", "cullface": "up" }
			}
		},
		{
			"__comment": "Fur7",
			"from": [ -3, 20, 6 ],
			"to": [ 0, 21, 7 ],
			"faces": {
				"north": { "uv": [ 0, 11, 13, 12 ], "texture": "#Fur" },
				"west": { "uv": [ 6, 11, 7, 12 ], "texture": "#Fur" },
				"east": { "uv": [ 7, 11, 6, 12 ], "texture": "#Fur" }
			}
		},
		{
			"__comment": "Fur8",
			"from": [ -3, 29, 6 ],
			"to": [ -2, 31, 7 ],
			"faces": {
				"up": { "uv": [ 13, 6, 14, 7 ], "texture": "#Fur" },
				"north": { "uv": [ 14, 1, 13, 3 ], "texture": "#Fur" },
				"west": { "uv": [ 6, 1, 7, 3 ], "texture": "#Fur" },
				"east": { "uv": [ 7, 1, 6, 3 ], "texture": "#Fur" }
			}
		},
		{
			"__comment": "Fur9",
			"from": [ -3, 31, 7 ],
			"to": [ -2, 32, 9 ],
			"faces": {
				"down": { "uv": [ 13, 7, 14, 9 ], "texture": "#Fur" },
				"up": { "uv": [ 13, 7, 14, 9 ], "texture": "#Fur" },
				"north": { "uv": [ 14, 0, 13, 1 ], "texture": "#Fur" },
				"south": { "uv": [ 13, 0, 14, 1 ], "texture": "#Fur" },
				"west": { "uv": [ 7, 0, 9, 1 ], "texture": "#Fur" },
				"east": { "uv": [ 9, 0, 7, 1 ], "texture": "#Fur" }
			}
		},
		{
			"__comment": "Fur10",
			"from": [ -2, 15, 7 ],
			"to": [ -1, 16, 9 ],
			"faces": {
				"down": { "uv": [ 14, 7, 15, 9 ], "texture": "#Fur", "cullface": "west" },
				"up": { "uv": [ 14, 7, 15, 9 ], "texture": "#Fur", "cullface": "west" },
				"north": { "uv": [ 15, 0, 14, 1 ], "texture": "#Fur", "cullface": "west" },
				"south": { "uv": [ 14, 0, 15, 1 ], "texture": "#Fur", "cullface": "west" },
				"west": { "uv": [ 7, 0, 9, 1 ], "texture": "#Fur", "cullface": "west" },
				"east": { "uv": [ 9, 0, 7, 1 ], "texture": "#Fur", "cullface": "west" }
			}
		},
		{
			"__comment": "Fur11",
			"from": [ -2, 16, 6 ],
			"to": [ 2, 18, 7 ],
			"faces": {
				"down": { "uv": [ 0, 9, 2, 10 ], "texture": "#Fur" },
				"up": { "uv": [ 0, 6, 2, 7 ], "texture": "#Fur" },
				"north": { "uv": [ 2, 14, 14, 16 ], "texture": "#Fur" },
				"west": { "uv": [ 6, 14, 7, 16 ], "texture": "#Fur" },
				"east": { "uv": [ 7, 14, 6, 16 ], "texture": "#Fur" }
			}
		},
		{
			"__comment": "Fur12",
			"from": [ -2, 29, 7 ],
			"to": [ -1, 31, 9 ],
			"faces": {
				"down": { "uv": [ 14, 7, 15, 9 ], "texture": "#Fur" },
				"up": { "uv": [ 14, 7, 15, 9 ], "texture": "#Fur" },
				"north": { "uv": [ 15, 1, 14, 3 ], "texture": "#Fur" },
				"south": { "uv": [ 14, 1, 15, 3 ], "texture": "#Fur" },
				"west": { "uv": [ 7, 1, 9, 3 ], "texture": "#Fur" },
				"east": { "uv": [ 9, 1, 7, 3 ], "texture": "#Fur" }
			}
		},
		{
			"__comment": "Fur13",
			"from": [ -1, 14, 7 ],
			"to": [ 3, 15, 9 ],
			"faces": {
				"down": { "uv": [ 0, 7, 3, 9 ], "texture": "#Fur", "cullface": "west" },
				"up": { "uv": [ 0, 7, 3, 9 ], "texture": "#Fur", "cullface": "west" },
				"north": { "uv": [ 3, 1, 15, 2 ], "texture": "#Fur", "cullface": "west" },
				"south": { "uv": [ 0, 1, 3, 2 ], "texture": "#Fur", "cullface": "west" },
				"west": { "uv": [ 7, 1, 9, 2 ], "texture": "#Fur", "cullface": "west" },
				"east": { "uv": [ 9, 1, 7, 2 ], "texture": "#Fur", "cullface": "west" }
			}
		},
		{
			"__comment": "Fur14",
			"from": [ -1, 15, 6 ],
			"to": [ 2, 16, 7 ],
			"faces": {
				"down": { "uv": [ 0, 9, 2, 10 ], "texture": "#Fur", "cullface": "west" },
				"north": { "uv": [ 2, 0, 15, 1 ], "texture": "#Fur", "cullface": "west" },
				"west": { "uv": [ 6, 0, 7, 1 ], "texture": "#Fur", "cullface": "west" },
				"east": { "uv": [ 7, 0, 6, 1 ], "texture": "#Fur", "cullface": "west" }
			}
		},
		{
			"__comment": "Fur15",
			"from": [ -1, 23, 7 ],
			"to": [ 0, 29, 9 ],
			"faces": {
				"down": { "uv": [ 15, 7, 16, 9 ], "texture": "#Fur" },
				"up": { "uv": [ 15, 7, 16, 9 ], "texture": "#Fur" },
				"north": { "uv": [ 0, 3, 15, 9 ], "texture": "#Fur" },
				"south": { "uv": [ 15, 3, 16, 9 ], "texture": "#Fur" },
				"west": { "uv": [ 7, 3, 9, 9 ], "texture": "#Fur" },
				"east": { "uv": [ 9, 3, 7, 9 ], "texture": "#Fur" }
			}
		},
		{
			"__comment": "Fur16",
			"from": [ 0, 20, 7 ],
			"to": [ 1, 23, 9 ],
			"faces": {
				"down": { "uv": [ 0, 7, 1, 9 ], "texture": "#Fur", "cullface": "up" },
				"up": { "uv": [ 0, 7, 1, 9 ], "texture": "#Fur", "cullface": "up" },
				"north": { "uv": [ 1, 9, 0, 12 ], "texture": "#Fur", "cullface": "up" },
				"south": { "uv": [ 0, 9, 1, 12 ], "texture": "#Fur", "cullface": "up" },
				"west": { "uv": [ 7, 9, 9, 12 ], "texture": "#Fur", "cullface": "up" },
				"east": { "uv": [ 9, 9, 7, 12 ], "texture": "#Fur", "cullface": "up" }
			}
		},
		{
			"__comment": "Fur17",
			"from": [ 1, 18, 7 ],
			"to": [ 2, 20, 9 ],
			"faces": {
				"down": { "uv": [ 1, 7, 2, 9 ], "texture": "#Fur", "cullface": "up" },
				"up": { "uv": [ 1, 7, 2, 9 ], "texture": "#Fur", "cullface": "up" },
				"north": { "uv": [ 2, 12, 1, 14 ], "texture": "#Fur", "cullface": "up" },
				"south": { "uv": [ 1, 12, 2, 14 ], "texture": "#Fur", "cullface": "up" },
				"west": { "uv": [ 7, 12, 9, 14 ], "texture": "#Fur", "cullface": "up" },
				"east": { "uv": [ 9, 12, 7, 14 ], "texture": "#Fur", "cullface": "up" }
			}
		},
		{
			"__comment": "Fur18",
			"from": [ 2, 15, 7 ],
			"to": [ 3, 18, 9 ],
			"faces": {
				"up": { "uv": [ 2, 7, 3, 9 ], "texture": "#Fur", "cullface": "up" },
				"north": { "uv": [ 3, 0, 2, 1 ], "texture": "#Fur", "cullface": "up" },
				"south": { "uv": [ 2, 0, 3, 1 ], "texture": "#Fur", "cullface": "up" },
				"west": { "uv": [ 7, 0, 9, 1 ], "texture": "#Fur", "cullface": "up" },
				"east": { "uv": [ 9, 0, 7, 1 ], "texture": "#Fur", "cullface": "up" }
			}
		},
		{
			"__comment": "Fur19",
			"from": [ 13, 14, 7 ],
			"to": [ 17, 15, 9 ],
			"faces": {
				"down": { "uv": [ 13, 7, 16, 9 ], "texture": "#Fur", "cullface": "east" },
				"up": { "uv": [ 13, 7, 16, 9 ], "texture": "#Fur", "cullface": "east" },
				"north": { "uv": [ 1, 1, 13, 2 ], "texture": "#Fur", "cullface": "east" },
				"south": { "uv": [ 13, 1, 16, 2 ], "texture": "#Fur", "cullface": "east" },
				"west": { "uv": [ 7, 1, 9, 2 ], "texture": "#Fur", "cullface": "east" },
				"east": { "uv": [ 9, 1, 7, 2 ], "texture": "#Fur", "cullface": "east" }
			}
		},
		{
			"__comment": "Fur20",
			"from": [ 13, 15, 7 ],
			"to": [ 14, 18, 9 ],
			"faces": {
				"up": { "uv": [ 13, 7, 14, 9 ], "texture": "#Fur", "cullface": "up" },
				"north": { "uv": [ 14, 0, 13, 1 ], "texture": "#Fur", "cullface": "up" },
				"south": { "uv": [ 13, 0, 14, 1 ], "texture": "#Fur", "cullface": "up" },
				"west": { "uv": [ 7, 0, 9, 1 ], "texture": "#Fur", "cullface": "up" },
				"east": { "uv": [ 9, 0, 7, 1 ], "texture": "#Fur", "cullface": "up" }
			}
		},
		{
			"__comment": "Fur21",
			"from": [ 14, 15, 6 ],
			"to": [ 17, 18, 7 ],
			"faces": {
				"down": { "uv": [ 14, 9, 16, 10 ], "texture": "#Fur", "cullface": "east" },
				"up": { "uv": [ 14, 6, 16, 7 ], "texture": "#Fur", "cullface": "east" },
				"north": { "uv": [ 1, 0, 14, 1 ], "texture": "#Fur", "cullface": "east" },
				"west": { "uv": [ 6, 0, 7, 1 ], "texture": "#Fur", "cullface": "east" },
				"east": { "uv": [ 7, 0, 6, 1 ], "texture": "#Fur", "cullface": "east" }
			}
		},
		{
			"__comment": "Fur22",
			"from": [ 14, 18, 7 ],
			"to": [ 15, 20, 9 ],
			"faces": {
				"down": { "uv": [ 14, 7, 15, 9 ], "texture": "#Fur", "cullface": "up" },
				"up": { "uv": [ 14, 7, 15, 9 ], "texture": "#Fur", "cullface": "up" },
				"north": { "uv": [ 15, 12, 14, 14 ], "texture": "#Fur", "cullface": "up" },
				"south": { "uv": [ 14, 12, 15, 14 ], "texture": "#Fur", "cullface": "up" },
				"west": { "uv": [ 7, 12, 9, 14 ], "texture": "#Fur", "cullface": "up" },
				"east": { "uv": [ 9, 12, 7, 14 ], "texture": "#Fur", "cullface": "up" }
			}
		},
		{
			"__comment": "Fur24",
			"from": [ 15, 18, 6 ],
			"to": [ 19, 20, 7 ],
			"faces": {
				"down": { "uv": [ 15, 9, 16, 10 ], "texture": "#Fur", "cullface": "up" },
				"up": { "uv": [ 15, 6, 16, 7 ], "texture": "#Fur", "cullface": "up" },
				"north": { "uv": [ 3, 12, 15, 14 ], "texture": "#Fur", "cullface": "up" },
				"west": { "uv": [ 6, 12, 7, 14 ], "texture": "#Fur", "cullface": "up" },
				"east": { "uv": [ 7, 12, 6, 14 ], "texture": "#Fur", "cullface": "up" }
			}
		},
		{
			"__comment": "Fur23",
			"from": [ 15, 20, 7 ],
			"to": [ 16, 23, 9 ],
			"faces": {
				"down": { "uv": [ 15, 7, 16, 9 ], "texture": "#Fur", "cullface": "up" },
				"up": { "uv": [ 15, 7, 16, 9 ], "texture": "#Fur", "cullface": "up" },
				"north": { "uv": [ 16, 9, 15, 12 ], "texture": "#Fur", "cullface": "up" },
				"south": { "uv": [ 15, 9, 16, 12 ], "texture": "#Fur", "cullface": "up" },
				"west": { "uv": [ 7, 9, 9, 12 ], "texture": "#Fur", "cullface": "up" },
				"east": { "uv": [ 9, 9, 7, 12 ], "texture": "#Fur", "cullface": "up" }
			}
		},
		{
			"__comment": "Fur25",
			"from": [ 16, 20, 6 ],
			"to": [ 19, 23, 7 ],
			"faces": {
				"up": { "uv": [ 0, 6, 3, 7 ], "texture": "#Fur" },
				"north": { "uv": [ 3, 9, 16, 12 ], "texture": "#Fur" },
				"west": { "uv": [ 6, 9, 7, 12 ], "texture": "#Fur" },
				"east": { "uv": [ 7, 9, 6, 12 ], "texture": "#Fur" }
			}
		},
		{
			"__comment": "Fur26",
			"from": [ 16, 23, 7 ],
			"to": [ 17, 29, 9 ],
			"faces": {
				"down": { "uv": [ 0, 7, 1, 9 ], "texture": "#Fur" },
				"up": { "uv": [ 0, 7, 1, 9 ], "texture": "#Fur" },
				"north": { "uv": [ 1, 3, 16, 9 ], "texture": "#Fur" },
				"south": { "uv": [ 0, 3, 1, 9 ], "texture": "#Fur" },
				"west": { "uv": [ 7, 3, 9, 9 ], "texture": "#Fur" },
				"east": { "uv": [ 9, 3, 7, 9 ], "texture": "#Fur" }
			}
		},
		{
			"__comment": "Fur27",
			"from": [ 17, 15, 7 ],
			"to": [ 18, 16, 9 ],
			"faces": {
				"down": { "uv": [ 1, 7, 2, 9 ], "texture": "#Fur", "cullface": "east" },
				"up": { "uv": [ 1, 7, 2, 9 ], "texture": "#Fur", "cullface": "east" },
				"north": { "uv": [ 2, 0, 1, 1 ], "texture": "#Fur", "cullface": "east" },
				"south": { "uv": [ 1, 0, 2, 1 ], "texture": "#Fur", "cullface": "east" },
				"west": { "uv": [ 7, 0, 9, 1 ], "texture": "#Fur", "cullface": "east" },
				"east": { "uv": [ 9, 0, 7, 1 ], "texture": "#Fur", "cullface": "east" }
			}
		},
		{
			"__comment": "Fur28",
			"from": [ 17, 16, 6 ],
			"to": [ 18, 18, 7 ],
			"faces": {
				"down": { "uv": [ 1, 9, 2, 10 ], "texture": "#Fur" },
				"north": { "uv": [ 2, 14, 1, 16 ], "texture": "#Fur" },
				"east": { "uv": [ 7, 14, 6, 16 ], "texture": "#Fur" }
			}
		},
		{
			"__comment": "Fur29",
			"from": [ 17, 23, 6 ],
			"to": [ 20, 29, 7 ],
			"faces": {
				"down": { "uv": [ 1, 9, 4, 10 ], "texture": "#Fur" },
				"up": { "uv": [ 1, 6, 4, 7 ], "texture": "#Fur" },
				"north": { "uv": [ 4, 3, 1, 9 ], "texture": "#Fur" },
				"west": { "uv": [ 6, 3, 7, 9 ], "texture": "#Fur" },
				"east": { "uv": [ 7, 3, 6, 9 ], "texture": "#Fur" }
			}
		},
		{
			"__comment": "Fur30",
			"from": [ 17, 29, 7 ],
			"to": [ 18, 31, 9 ],
			"faces": {
				"down": { "uv": [ 1, 7, 2, 9 ], "texture": "#Fur" },
				"up": { "uv": [ 1, 7, 2, 9 ], "texture": "#Fur" },
				"north": { "uv": [ 2, 1, 1, 3 ], "texture": "#Fur" },
				"south": { "uv": [ 1, 1, 2, 3 ], "texture": "#Fur" },
				"west": { "uv": [ 7, 1, 9, 3 ], "texture": "#Fur" },
				"east": { "uv": [ 9, 1, 7, 3 ], "texture": "#Fur" }
			}
		},
		{
			"__comment": "Fur31",
			"from": [ 18, 16, 7 ],
			"to": [ 19, 18, 9 ],
			"faces": {
				"down": { "uv": [ 2, 7, 3, 9 ], "texture": "#Fur" },
				"up": { "uv": [ 2, 7, 3, 9 ], "texture": "#Fur" },
				"north": { "uv": [ 3, 14, 2, 16 ], "texture": "#Fur" },
				"south": { "uv": [ 2, 14, 3, 16 ], "texture": "#Fur" },
				"west": { "uv": [ 7, 14, 9, 16 ], "texture": "#Fur" },
				"east": { "uv": [ 9, 14, 7, 16 ], "texture": "#Fur" }
			}
		},
		{
			"__comment": "Fur32",
			"from": [ 18, 29, 6 ],
			"to": [ 19, 31, 7 ],
			"faces": {
				"up": { "uv": [ 2, 6, 3, 7 ], "texture": "#Fur" },
				"north": { "uv": [ 3, 1, 2, 3 ], "texture": "#Fur" },
				"west": { "uv": [ 6, 1, 7, 3 ], "texture": "#Fur" },
				"east": { "uv": [ 7, 1, 6, 3 ], "texture": "#Fur" }
			}
		},
		{
			"__comment": "Fur33",
			"from": [ 18, 31, 7 ],
			"to": [ 19, 32, 9 ],
			"faces": {
				"down": { "uv": [ 2, 7, 3, 9 ], "texture": "#Fur" },
				"up": { "uv": [ 2, 7, 3, 9 ], "texture": "#Fur" },
				"north": { "uv": [ 3, 0, 2, 1 ], "texture": "#Fur" },
				"south": { "uv": [ 2, 0, 3, 1 ], "texture": "#Fur" },
				"west": { "uv": [ 7, 0, 9, 1 ], "texture": "#Fur" },
				"east": { "uv": [ 9, 0, 7, 1 ], "texture": "#Fur" }
			}
		},
		{
			"__comment": "Fur34",
			"from": [ 19, 18, 7 ],
			"to": [ 20, 21, 9 ],
			"faces": {
				"down": { "uv": [ 3, 7, 4, 9 ], "texture": "#Fur" },
				"up": { "uv": [ 3, 7, 4, 9 ], "texture": "#Fur" },
				"north": { "uv": [ 4, 11, 3, 14 ], "texture": "#Fur" },
				"south": { "uv": [ 3, 11, 4, 14 ], "texture": "#Fur" },
				"west": { "uv": [ 7, 11, 9, 14 ], "texture": "#Fur" },
				"east": { "uv": [ 9, 11, 7, 14 ], "texture": "#Fur" }
			}
		},
		{
			"__comment": "Fur35",
			"from": [ 19, 21, 6 ],
			"to": [ 20, 23, 7 ],
			"faces": {
				"down": { "uv": [ 3, 9, 4, 10 ], "texture": "#Fur" },
				"north": { "uv": [ 4, 9, 3, 11 ], "texture": "#Fur" },
				"east": { "uv": [ 7, 9, 6, 11 ], "texture": "#Fur" }
			}
		},
		{
			"__comment": "Fur36",
			"from": [ 19, 29, 7 ],
			"to": [ 20, 31, 9 ],
			"faces": {
				"down": { "uv": [ 3, 7, 4, 9 ], "texture": "#Fur" },
				"up": { "uv": [ 3, 7, 4, 9 ], "texture": "#Fur" },
				"north": { "uv": [ 4, 1, 3, 3 ], "texture": "#Fur" },
				"south": { "uv": [ 3, 1, 4, 3 ], "texture": "#Fur" },
				"west": { "uv": [ 7, 1, 9, 3 ], "texture": "#Fur" },
				"east": { "uv": [ 9, 1, 7, 3 ], "texture": "#Fur" }
			}
		},
		{
			"__comment": "Fur37",
			"from": [ 20, 21, 7 ],
			"to": [ 21, 29, 9 ],
			"faces": {
				"down": { "uv": [ 4, 7, 5, 9 ], "texture": "#Fur" },
				"up": { "uv": [ 4, 7, 5, 9 ], "texture": "#Fur" },
				"north": { "uv": [ 5, 3, 4, 11 ], "texture": "#Fur" },
				"south": { "uv": [ 4, 3, 5, 11 ], "texture": "#Fur" },
				"west": { "uv": [ 7, 3, 9, 11 ], "texture": "#Fur" },
				"east": { "uv": [ 9, 3, 7, 11 ], "texture": "#Fur" }
			}
		},
		{
			"__comment": "Voxels",
			"from": [ -4.5, 20.5, 7 ],
			"to": [ -4, 21, 9 ],
			"faces": {
				"down": { "uv": [ 1, 8, 1.25, 9 ], "texture": "#Fur" },
				"north": { "uv": [ 15, 14.75, 14.75, 15 ], "texture": "#Fur" },
				"south": { "uv": [ 8.5, 10.5, 8.75, 10.75 ], "texture": "#Fur" },
				"west": { "uv": [ 2.5, 9.25, 3.5, 9.5 ], "texture": "#Fur" }
			}
		},
		{
			"__comment": "Voxels",
			"from": [ -4.5, 21, 6.5 ],
			"to": [ -4, 29, 7 ],
			"faces": {
				"down": { "uv": [ 8.5, 10.25, 8.75, 10.5 ], "texture": "#Fur" },
				"up": { "uv": [ 8.5, 8.75, 8.75, 8.5 ], "texture": "#Fur" },
				"north": { "uv": [ 0.25, 8, 0, 12 ], "texture": "#Fur" },
				"west": { "uv": [ 0.25, 8, 0.5, 12 ], "texture": "#Fur" },
				"east": { "uv": [ 0.75, 12, 0.5, 16 ], "texture": "#Fur" }
			}
		},
		{
			"__comment": "Voxels",
			"from": [ -4.5, 29, 7 ],
			"to": [ -4, 29.5, 9 ],
			"faces": {
				"up": { "uv": [ 3.5, 16, 3.75, 15 ], "texture": "#Fur" },
				"north": { "uv": [ 8.75, 8.25, 8.5, 8.5 ], "texture": "#Fur" },
				"south": { "uv": [ 9, 15, 9.25, 15.25 ], "texture": "#Fur" },
				"west": { "uv": [ 2.5, 8, 3.5, 8.25 ], "texture": "#Fur" }
			}
		},
		{
			"__comment": "Voxels",
			"from": [ -4, 20.5, 6.5 ],
			"to": [ -3, 21, 7 ],
			"faces": {
				"down": { "uv": [ 8.25, 15.25, 8.75, 15.5 ], "texture": "#Fur" },
				"north": { "uv": [ 9.75, 15.25, 9.25, 15.5 ], "texture": "#Fur" },
				"west": { "uv": [ 9.25, 15, 9.5, 15.25 ], "texture": "#Fur" }
			}
		},
		{
			"__comment": "Voxels",
			"from": [ -4, 21, 8 ],
			"to": [ -3.5, 21.5, 9 ],
			"faces": {
				"up": { "uv": [ 8.25, 14.25, 8.5, 13.75 ], "texture": "#Fur" },
				"south": { "uv": [ 10, 15, 10.25, 15.25 ], "texture": "#Fur" },
				"east": { "uv": [ 5.75, 8, 5.25, 8.25 ], "texture": "#Fur" }
			}
		},
		{
			"__comment": "Voxels",
			"from": [ -4, 28.5, 8 ],
			"to": [ -3.5, 29, 9 ],
			"faces": {
				"down": { "uv": [ 2, 8, 2.25, 8.5 ], "texture": "#Fur" },
				"south": { "uv": [ 13.5, 15, 13.75, 15.25 ], "texture": "#Fur" },
				"east": { "uv": [ 7.5, 15.25, 7, 15.5 ], "texture": "#Fur" }
			}
		},
		{
			"__comment": "Voxels",
			"from": [ -4, 29, 6.5 ],
			"to": [ -3, 29.5, 7 ],
			"faces": {
				"up": { "uv": [ 7, 15, 7.5, 14.75 ], "texture": "#Fur" },
				"north": { "uv": [ 7.5, 14.5, 7, 14.75 ], "texture": "#Fur" },
				"west": { "uv": [ 13.75, 15, 14, 15.25 ], "texture": "#Fur" }
			}
		},
		{
			"__comment": "Voxels",
			"from": [ -3.5, 17.5, 7 ],
			"to": [ -3, 18, 9 ],
			"faces": {
				"down": { "uv": [ 4, 11, 4.25, 12 ], "texture": "#Fur" },
				"north": { "uv": [ 9, 14, 8.75, 14.25 ], "texture": "#Fur" },
				"south": { "uv": [ 8.75, 13.25, 9, 13.5 ], "texture": "#Fur" },
				"west": { "uv": [ 3.75, 9.25, 4.75, 9.5 ], "texture": "#Fur" }
			}
		},
		{
			"__comment": "Voxels",
			"from": [ -3.5, 18, 6.5 ],
			"to": [ -3, 20.5, 7 ],
			"faces": {
				"down": { "uv": [ 8.75, 13, 9, 13.25 ], "texture": "#Fur" },
				"north": { "uv": [ 3.25, 11.25, 3, 12.5 ], "texture": "#Fur" },
				"west": { "uv": [ 2.5, 11.25, 2.75, 12.5 ], "texture": "#Fur" },
				"east": { "uv": [ 2.5, 8.5, 2.25, 9.75 ], "texture": "#Fur" }
			}
		},
		{
			"__comment": "Voxels",
			"from": [ -3.5, 20.5, 6 ],
			"to": [ -3, 21, 6.5 ],
			"faces": {
				"down": { "uv": [ 8.75, 12.5, 9, 12.75 ], "texture": "#Fur" },
				"north": { "uv": [ 9, 10.5, 8.75, 10.75 ], "texture": "#Fur" },
				"west": { "uv": [ 8.75, 9.5, 9, 9.75 ], "texture": "#Fur" }
			}
		},
		{
			"__comment": "Voxels",
			"from": [ -3.5, 29, 6 ],
			"to": [ -3, 29.5, 6.5 ],
			"faces": {
				"up": { "uv": [ 8.75, 9, 9, 8.75 ], "texture": "#Fur" },
				"north": { "uv": [ 9, 8.5, 8.75, 8.75 ], "texture": "#Fur" },
				"west": { "uv": [ 10.75, 14.75, 11, 15 ], "texture": "#Fur" }
			}
		},
		{
			"__comment": "Voxels",
			"from": [ -3.5, 29.5, 6.5 ],
			"to": [ -3, 31, 7 ],
			"faces": {
				"up": { "uv": [ 14, 15, 14.25, 14.75 ], "texture": "#Fur" },
				"north": { "uv": [ 6.75, 11.25, 6.5, 12 ], "texture": "#Fur" },
				"west": { "uv": [ 6, 10.5, 6.25, 11.25 ], "texture": "#Fur" }
			}
		},
		{
			"__comment": "Voxels",
			"from": [ -3.5, 31, 7 ],
			"to": [ -3, 31.5, 9 ],
			"faces": {
				"up": { "uv": [ 5.5, 14, 5.75, 13 ], "texture": "#Fur" },
				"north": { "uv": [ 14.5, 14.75, 14.25, 15 ], "texture": "#Fur" },
				"south": { "uv": [ 14.5, 14.75, 14.75, 15 ], "texture": "#Fur" },
				"west": { "uv": [ 4.75, 11, 5.75, 11.25 ], "texture": "#Fur" }
			}
		},
		{
			"__comment": "Voxels",
			"from": [ -3, 17.5, 6.5 ],
			"to": [ -2, 18, 7 ],
			"faces": {
				"down": { "uv": [ 11.75, 15.75, 12.25, 16 ], "texture": "#Fur" },
				"north": { "uv": [ 7.5, 10.75, 7, 11 ], "texture": "#Fur" },
				"west": { "uv": [ 15.25, 14.75, 15.5, 15 ], "texture": "#Fur" }
			}
		},
		{
			"__comment": "Voxels",
			"from": [ -3, 18, 8 ],
			"to": [ -2.5, 18.5, 9 ],
			"faces": {
				"up": { "uv": [ 7.25, 10, 7.5, 9.5 ], "texture": "#Fur" },
				"south": { "uv": [ 9, 14, 9.25, 14.25 ], "texture": "#Fur" },
				"east": { "uv": [ 7.5, 8.5, 7, 8.75 ], "texture": "#Fur" }
			}
		},
		{
			"__comment": "Voxels",
			"from": [ -3, 30.5, 8 ],
			"to": [ -2, 31, 9 ],
			"faces": {
				"down": { "uv": [ 5.75, 15.25, 6.25, 15.75 ], "texture": "#Fur" },
				"south": { "uv": [ 7, 8, 7.5, 8.25 ], "texture": "#Fur" }
			}
		},
		{
			"__comment": "Voxels",
			"from": [ -3, 31, 6.5 ],
			"to": [ -2, 31.5, 7 ],
			"faces": {
				"up": { "uv": [ 7.5, 15.25, 8, 15 ], "texture": "#Fur" },
				"north": { "uv": [ 8, 14.75, 7.5, 15 ], "texture": "#Fur" },
				"west": { "uv": [ 9, 13.75, 9.25, 14 ], "texture": "#Fur" },
				"east": { "uv": [ 9.25, 13, 9, 13.25 ], "texture": "#Fur" }
			}
		},
		{
			"__comment": "Voxels",
			"from": [ -2.5, 15.5, 7 ],
			"to": [ -2, 16, 9 ],
			"faces": {
				"down": { "uv": [ 6, 12, 6.25, 13 ], "texture": "#Fur", "cullface": "west" },
				"north": { "uv": [ 9.25, 11.25, 9, 11.5 ], "texture": "#Fur", "cullface": "west" },
				"south": { "uv": [ 9, 9, 9.25, 9.25 ], "texture": "#Fur", "cullface": "west" },
				"west": { "uv": [ 2.5, 8.75, 3.5, 9 ], "texture": "#Fur", "cullface": "west" }
			}
		},
		{
			"__comment": "Voxels",
			"from": [ -2.5, 16, 6.5 ],
			"to": [ -2, 17.5, 7 ],
			"faces": {
				"down": { "uv": [ 9, 8.75, 9.25, 9 ], "texture": "#Fur" },
				"north": { "uv": [ 6.75, 10.5, 6.5, 11.25 ], "texture": "#Fur" },
				"west": { "uv": [ 6, 9.75, 6.25, 10.5 ], "texture": "#Fur" }
			}
		},
		{
			"__comment": "Voxels",
			"from": [ -2.5, 17.5, 6 ],
			"to": [ -2, 18, 6.5 ],
			"faces": {
				"down": { "uv": [ 9, 8.25, 9.25, 8.5 ], "texture": "#Fur" },
				"north": { "uv": [ 9.5, 14.5, 9.25, 14.75 ], "texture": "#Fur" },
				"west": { "uv": [ 9.75, 14.5, 10, 14.75 ], "texture": "#Fur" }
			}
		},
		{
			"__comment": "Voxels",
			"from": [ -2, 15.5, 6.5 ],
			"to": [ -1, 16, 7 ],
			"faces": {
				"down": { "uv": [ 7.5, 11.25, 8, 11.5 ], "texture": "#Fur", "cullface": "west" },
				"north": { "uv": [ 13.25, 15.75, 12.75, 16 ], "texture": "#Fur", "cullface": "west" },
				"west": { "uv": [ 12.25, 14.5, 12.5, 14.75 ], "texture": "#Fur", "cullface": "west" }
			}
		},
		{
			"__comment": "Voxels",
			"from": [ -2, 16, 8 ],
			"to": [ -1.5, 16.5, 9 ],
			"faces": {
				"up": { "uv": [ 8.25, 15.25, 8.5, 14.75 ], "texture": "#Fur" },
				"south": { "uv": [ 9.25, 14.25, 9.5, 14.5 ], "texture": "#Fur" },
				"east": { "uv": [ 7.5, 15.75, 7, 16 ], "texture": "#Fur" }
			}
		},
		{
			"__comment": "Voxels",
			"from": [ -2, 29, 6 ],
			"to": [ -1.5, 29.5, 7 ],
			"faces": {
				"up": { "uv": [ 5.5, 9.75, 5.75, 9.25 ], "texture": "#Fur" },
				"north": { "uv": [ 9.5, 14, 9.25, 14.25 ], "texture": "#Fur" },
				"east": { "uv": [ 7.5, 13.5, 7, 13.75 ], "texture": "#Fur" }
			}
		},
		{
			"__comment": "Voxels",
			"from": [ -2, 29.5, 6.5 ],
			"to": [ -1.5, 31, 7 ],
			"faces": {
				"up": { "uv": [ 9.25, 11.5, 9.5, 11.25 ], "texture": "#Fur" },
				"north": { "uv": [ 6.75, 12.25, 6.5, 13 ], "texture": "#Fur" },
				"east": { "uv": [ 6.5, 11.25, 6.25, 12 ], "texture": "#Fur" }
			}
		},
		{
			"__comment": "Voxels",
			"from": [ -2, 31, 7 ],
			"to": [ -1.5, 31.5, 9 ],
			"faces": {
				"up": { "uv": [ 5, 15.75, 5.25, 14.75 ], "texture": "#Fur" },
				"north": { "uv": [ 9.5, 10.25, 9.25, 10.5 ], "texture": "#Fur" },
				"south": { "uv": [ 9.25, 10, 9.5, 10.25 ], "texture": "#Fur" },
				"east": { "uv": [ 5.75, 14, 4.75, 14.25 ], "texture": "#Fur" }
			}
		},
		{
			"__comment": "Voxels",
			"from": [ -1.5, 14.5, 7 ],
			"to": [ -1, 15, 9 ],
			"faces": {
				"down": { "uv": [ 5.5, 14.75, 5.75, 15.75 ], "texture": "#Fur", "cullface": "west" },
				"north": { "uv": [ 9.5, 9.75, 9.25, 10 ], "texture": "#Fur", "cullface": "west" },
				"south": { "uv": [ 9.25, 9.5, 9.5, 9.75 ], "texture": "#Fur", "cullface": "west" },
				"west": { "uv": [ 4.75, 12.5, 5.75, 12.75 ], "texture": "#Fur", "cullface": "west" }
			}
		},
		{
			"__comment": "Voxels",
			"from": [ -1.5, 15, 6.5 ],
			"to": [ -1, 15.5, 7 ],
			"faces": {
				"down": { "uv": [ 9.25, 9.25, 9.5, 9.5 ], "texture": "#Fur", "cullface": "west" },
				"north": { "uv": [ 9.5, 8.25, 9.25, 8.5 ], "texture": "#Fur", "cullface": "west" },
				"west": { "uv": [ 11, 14.25, 11.25, 14.5 ], "texture": "#Fur", "cullface": "west" }
			}
		},
		{
			"__comment": "Voxels",
			"from": [ -1.5, 15.5, 6 ],
			"to": [ -1, 16, 6.5 ],
			"faces": {
				"down": { "uv": [ 12, 14.25, 12.25, 14.5 ], "texture": "#Fur", "cullface": "west" },
				"north": { "uv": [ 12.75, 14.25, 12.5, 14.5 ], "texture": "#Fur", "cullface": "west" },
				"west": { "uv": [ 13.5, 14.25, 13.75, 14.5 ], "texture": "#Fur", "cullface": "west" }
			}
		},
		{
			"__comment": "Voxels",
			"from": [ -1.5, 28.5, 8 ],
			"to": [ -1, 29, 9 ],
			"faces": {
				"down": { "uv": [ 7.5, 13.75, 7.75, 14.25 ], "texture": "#Fur" },
				"south": { "uv": [ 9.5, 12.25, 9.75, 12.5 ], "texture": "#Fur" },
				"west": { "uv": [ 7.5, 13, 8, 13.25 ], "texture": "#Fur" }
			}
		},
		{
			"__comment": "Voxels",
			"from": [ -1.5, 29, 6.5 ],
			"to": [ -1, 29.5, 7 ],
			"faces": {
				"up": { "uv": [ 2.5, 11.25, 2.75, 11 ], "texture": "#Fur" },
				"north": { "uv": [ 3, 11, 2.75, 11.25 ], "texture": "#Fur" },
				"east": { "uv": [ 6.75, 12, 6.5, 12.25 ], "texture": "#Fur" }
			}
		},
		{
			"__comment": "Voxels",
			"from": [ -1, 14.5, 6.5 ],
			"to": [ 2, 15, 7 ],
			"faces": {
				"down": { "uv": [ 2, 15.75, 3.5, 16 ], "texture": "#Fur", "cullface": "west" },
				"north": { "uv": [ 3.5, 15.25, 2, 15.5 ], "texture": "#Fur", "cullface": "west" },
				"west": { "uv": [ 5.75, 8, 6, 8.25 ], "texture": "#Fur", "cullface": "west" },
				"east": { "uv": [ 6.25, 8, 6, 8.25 ], "texture": "#Fur", "cullface": "west" }
			}
		},
		{
			"__comment": "Voxels",
			"from": [ -1, 15, 8 ],
			"to": [ -0.5, 15.5, 9 ],
			"faces": {
				"up": { "uv": [ 6.75, 10.75, 7, 10.25 ], "texture": "#Fur", "cullface": "west" },
				"south": { "uv": [ 15.75, 15.75, 16, 16 ], "texture": "#Fur", "cullface": "west" },
				"east": { "uv": [ 7.5, 12.75, 7, 13 ], "texture": "#Fur", "cullface": "west" }
			}
		},
		{
			"__comment": "Voxels",
			"from": [ -1, 23, 6 ],
			"to": [ -0.5, 23.5, 7 ],
			"faces": {
				"up": { "uv": [ 6.75, 9.75, 7, 9.25 ], "texture": "#Fur" },
				"north": { "uv": [ 16, 15.5, 15.75, 15.75 ], "texture": "#Fur" },
				"east": { "uv": [ 7.5, 12, 7, 12.25 ], "texture": "#Fur" }
			}
		},
		{
			"__comment": "Voxels",
			"from": [ -1, 23.5, 6.5 ],
			"to": [ -0.5, 29, 7 ],
			"faces": {
				"up": { "uv": [ 13.25, 15.5, 13.5, 15.25 ], "texture": "#Fur" },
				"north": { "uv": [ 1.75, 13.25, 1.5, 16 ], "texture": "#Fur" },
				"east": { "uv": [ 2, 10.5, 1.75, 13.25 ], "texture": "#Fur" }
			}
		},
		{
			"__comment": "Voxels",
			"from": [ -1, 29, 7 ],
			"to": [ -0.5, 29.5, 9 ],
			"faces": {
				"up": { "uv": [ 3.75, 14, 4, 13 ], "texture": "#Fur" },
				"north": { "uv": [ 13.75, 15.25, 13.5, 15.5 ], "texture": "#Fur" },
				"south": { "uv": [ 13.75, 15.25, 14, 15.5 ], "texture": "#Fur" },
				"east": { "uv": [ 4.75, 12.5, 3.75, 12.75 ], "texture": "#Fur" }
			}
		},
		{
			"__comment": "Voxels",
			"from": [ -0.5, 22.5, 8 ],
			"to": [ 0, 23, 9 ],
			"faces": {
				"down": { "uv": [ 7, 10, 7.25, 10.5 ], "texture": "#Fur" },
				"south": { "uv": [ 14.25, 15.25, 14.5, 15.5 ], "texture": "#Fur" },
				"west": { "uv": [ 7.5, 14.25, 8, 14.5 ], "texture": "#Fur" }
			}
		},
		{
			"__comment": "Voxels",
			"from": [ -0.5, 23, 6.5 ],
			"to": [ 0, 23.5, 7 ],
			"faces": {
				"up": { "uv": [ 14.75, 15.5, 15, 15.25 ], "texture": "#Fur" },
				"north": { "uv": [ 15.25, 15.25, 15, 15.5 ], "texture": "#Fur" },
				"east": { "uv": [ 15.75, 15.25, 15.5, 15.5 ], "texture": "#Fur" }
			}
		},
		{
			"__comment": "Voxels",
			"from": [ 0, 20, 6 ],
			"to": [ 0.5, 20.5, 7 ],
			"faces": {
				"up": { "uv": [ 8, 10, 8.25, 9.5 ], "texture": "#Fur", "cullface": "up" },
				"north": { "uv": [ 16, 15.25, 15.75, 15.5 ], "texture": "#Fur", "cullface": "up" },
				"east": { "uv": [ 7.5, 13.25, 7, 13.5 ], "texture": "#Fur", "cullface": "up" }
			}
		},
		{
			"__comment": "Voxels",
			"from": [ 0, 20.5, 6.5 ],
			"to": [ 0.5, 23, 7 ],
			"faces": {
				"up": { "uv": [ 8.25, 10.25, 8.5, 10 ], "texture": "#Fur", "cullface": "up" },
				"north": { "uv": [ 2.75, 9.75, 2.5, 11 ], "texture": "#Fur", "cullface": "up" },
				"west": { "uv": [ 3, 9.75, 3.25, 11 ], "texture": "#Fur", "cullface": "up" },
				"east": { "uv": [ 3.5, 9.75, 3.25, 11 ], "texture": "#Fur", "cullface": "up" }
			}
		},
		{
			"__comment": "Voxels",
			"from": [ 0, 23, 7 ],
			"to": [ 0.5, 23.5, 9 ],
			"faces": {
				"up": { "uv": [ 4.75, 12.25, 5, 11.25 ], "texture": "#Fur", "cullface": "up" },
				"north": { "uv": [ 8.5, 9.75, 8.25, 10 ], "texture": "#Fur", "cullface": "up" },
				"south": { "uv": [ 8.25, 9.5, 8.5, 9.75 ], "texture": "#Fur", "cullface": "up" },
				"east": { "uv": [ 5.75, 10.25, 4.75, 10.5 ], "texture": "#Fur", "cullface": "up" }
			}
		},
		{
			"__comment": "Voxels",
			"from": [ 0.5, 19.5, 8 ],
			"to": [ 1, 20, 9 ],
			"faces": {
				"down": { "uv": [ 7, 11.25, 7.25, 11.75 ], "texture": "#Fur", "cullface": "up" },
				"south": { "uv": [ 8.25, 9, 8.5, 9.25 ], "texture": "#Fur", "cullface": "up" },
				"west": { "uv": [ 7.5, 13.25, 8, 13.5 ], "texture": "#Fur", "cullface": "up" }
			}
		},
		{
			"__comment": "Voxels",
			"from": [ 0.5, 20, 6.5 ],
			"to": [ 1, 20.5, 7 ],
			"faces": {
				"up": { "uv": [ 8.25, 8.75, 8.5, 8.5 ], "texture": "#Fur", "cullface": "up" },
				"north": { "uv": [ 8.5, 8.25, 8.25, 8.5 ], "texture": "#Fur", "cullface": "up" },
				"east": { "uv": [ 8.75, 14.75, 8.5, 15 ], "texture": "#Fur", "cullface": "up" }
			}
		},
		{
			"__comment": "Voxels",
			"from": [ 1, 18, 6 ],
			"to": [ 1.5, 18.5, 7 ],
			"faces": {
				"up": { "uv": [ 6.75, 8.75, 7, 8.25 ], "texture": "#Fur", "cullface": "up" },
				"north": { "uv": [ 8.75, 14.5, 8.5, 14.75 ], "texture": "#Fur", "cullface": "up" },
				"east": { "uv": [ 8, 12.25, 7.5, 12.5 ], "texture": "#Fur", "cullface": "up" }
			}
		},
		{
			"__comment": "Voxels",
			"from": [ 1, 18.5, 6.5 ],
			"to": [ 1.5, 20, 7 ],
			"faces": {
				"up": { "uv": [ 9.5, 12.25, 9.75, 12 ], "texture": "#Fur", "cullface": "up" },
				"north": { "uv": [ 7, 10.75, 6.75, 11.5 ], "texture": "#Fur", "cullface": "up" },
				"east": { "uv": [ 6.75, 9, 6.5, 9.75 ], "texture": "#Fur", "cullface": "up" }
			}
		},
		{
			"__comment": "Voxels",
			"from": [ 1, 20, 7 ],
			"to": [ 1.5, 20.5, 9 ],
			"faces": {
				"up": { "uv": [ 1.5, 9, 1.75, 8 ], "texture": "#Fur", "cullface": "up" },
				"north": { "uv": [ 16, 14.5, 15.75, 14.75 ], "texture": "#Fur", "cullface": "up" },
				"south": { "uv": [ 15.5, 14.5, 15.75, 14.75 ], "texture": "#Fur", "cullface": "up" },
				"east": { "uv": [ 3.5, 8.25, 2.5, 8.5 ], "texture": "#Fur", "cullface": "up" }
			}
		},
		{
			"__comment": "Voxels",
			"from": [ 1.5, 17.5, 8 ],
			"to": [ 2, 18, 9 ],
			"faces": {
				"down": { "uv": [ 7.75, 8.25, 8, 8.75 ], "texture": "#Fur", "cullface": "up" },
				"south": { "uv": [ 13, 15, 13.25, 15.25 ], "texture": "#Fur", "cullface": "up" },
				"west": { "uv": [ 7.5, 10.75, 8, 11 ], "texture": "#Fur", "cullface": "up" }
			}
		},
		{
			"__comment": "Voxels",
			"from": [ 1.5, 18, 6.5 ],
			"to": [ 2, 18.5, 7 ],
			"faces": {
				"up": { "uv": [ 15.25, 15.25, 15.5, 15 ], "texture": "#Fur", "cullface": "up" },
				"north": { "uv": [ 15.25, 15, 15, 15.25 ], "texture": "#Fur", "cullface": "up" },
				"east": { "uv": [ 16, 14.25, 15.75, 14.5 ], "texture": "#Fur", "cullface": "up" }
			}
		},
		{
			"__comment": "Voxels",
			"from": [ 2, 15, 6.5 ],
			"to": [ 2.5, 18, 7 ],
			"faces": {
				"down": { "uv": [ 15.5, 14.25, 15.75, 14.5 ], "texture": "#Fur", "cullface": "up" },
				"up": { "uv": [ 8.5, 9, 8.75, 8.75 ], "texture": "#Fur", "cullface": "up" },
				"north": { "uv": [ 2, 9, 1.75, 10.5 ], "texture": "#Fur", "cullface": "up" },
				"west": { "uv": [ 2.5, 12.5, 2.75, 14 ], "texture": "#Fur", "cullface": "up" },
				"east": { "uv": [ 3.5, 12.5, 3.25, 14 ], "texture": "#Fur", "cullface": "up" }
			}
		},
		{
			"__comment": "Voxels",
			"from": [ 2, 18, 7 ],
			"to": [ 2.5, 18.5, 9 ],
			"faces": {
				"up": { "uv": [ 3.5, 14, 3.75, 13 ], "texture": "#Fur", "cullface": "up" },
				"north": { "uv": [ 8.75, 9, 8.5, 9.25 ], "texture": "#Fur", "cullface": "up" },
				"south": { "uv": [ 8.5, 10.75, 8.75, 11 ], "texture": "#Fur", "cullface": "up" },
				"east": { "uv": [ 4.75, 15, 3.75, 15.25 ], "texture": "#Fur", "cullface": "up" }
			}
		},
		{
			"__comment": "Voxels",
			"from": [ 13.5, 15, 6.5 ],
			"to": [ 14, 18, 7 ],
			"faces": {
				"down": { "uv": [ 9.5, 11.5, 9.75, 11.75 ], "texture": "#Fur", "cullface": "up" },
				"up": { "uv": [ 9.5, 11.5, 9.75, 11.25 ], "texture": "#Fur", "cullface": "up" },
				"north": { "uv": [ 2.25, 11, 2, 12.5 ], "texture": "#Fur", "cullface": "up" },
				"west": { "uv": [ 1.25, 9, 1.5, 10.5 ], "texture": "#Fur", "cullface": "up" }
			}
		},
		{
			"__comment": "Voxels",
			"from": [ 13.5, 18, 7 ],
			"to": [ 14, 18.5, 9 ],
			"faces": {
				"up": { "uv": [ 3.5, 12, 3.75, 11 ], "texture": "#Fur", "cullface": "up" },
				"north": { "uv": [ 8.75, 10, 8.5, 10.25 ], "texture": "#Fur", "cullface": "up" },
				"south": { "uv": [ 8.5, 9.75, 8.75, 10 ], "texture": "#Fur", "cullface": "up" },
				"west": { "uv": [ 3.75, 14.75, 4.75, 15 ], "texture": "#Fur", "cullface": "up" }
			}
		},
		{
			"__comment": "Voxels",
			"from": [ 14, 14.5, 6.5 ],
			"to": [ 17, 15, 7 ],
			"faces": {
				"down": { "uv": [ 2, 14.25, 3.5, 14.5 ], "texture": "#Fur", "cullface": "east" },
				"north": { "uv": [ 3.5, 14.75, 2, 15 ], "texture": "#Fur", "cullface": "east" },
				"west": { "uv": [ 15.5, 15, 15.75, 15.25 ], "texture": "#Fur", "cullface": "east" },
				"east": { "uv": [ 16, 15, 15.75, 15.25 ], "texture": "#Fur", "cullface": "east" }
			}
		},
		{
			"__comment": "Voxels",
			"from": [ 14, 17.5, 8 ],
			"to": [ 14.5, 18, 9 ],
			"faces": {
				"down": { "uv": [ 8, 15.5, 8.25, 16 ], "texture": "#Fur", "cullface": "up" },
				"south": { "uv": [ 15, 14.75, 15.25, 15 ], "texture": "#Fur", "cullface": "up" },
				"east": { "uv": [ 14.75, 15.75, 14.25, 16 ], "texture": "#Fur", "cullface": "up" }
			}
		},
		{
			"__comment": "Voxels",
			"from": [ 14, 18, 6.5 ],
			"to": [ 15, 18.5, 7 ],
			"faces": {
				"up": { "uv": [ 15.25, 16, 15.75, 15.75 ], "texture": "#Fur", "cullface": "up" },
				"north": { "uv": [ 8.75, 15.5, 8.25, 15.75 ], "texture": "#Fur", "cullface": "up" },
				"west": { "uv": [ 9, 12.75, 9.25, 13 ], "texture": "#Fur", "cullface": "up" }
			}
		},
		{
			"__comment": "Voxels",
			"from": [ 14.5, 18, 6 ],
			"to": [ 15, 18.5, 6.5 ],
			"faces": {
				"up": { "uv": [ 9, 11.75, 9.25, 11.5 ], "texture": "#Fur", "cullface": "up" },
				"north": { "uv": [ 9.5, 11, 9.25, 11.25 ], "texture": "#Fur", "cullface": "up" },
				"west": { "uv": [ 9, 9.25, 9.25, 9.5 ], "texture": "#Fur", "cullface": "up" }
			}
		},
		{
			"__comment": "Voxels",
			"from": [ 14.5, 18.5, 6.5 ],
			"to": [ 15, 20, 7 ],
			"faces": {
				"up": { "uv": [ 14.5, 14.75, 14.75, 14.5 ], "texture": "#Fur", "cullface": "up" },
				"north": { "uv": [ 7, 14.5, 6.75, 15.25 ], "texture": "#Fur", "cullface": "up" },
				"west": { "uv": [ 6.75, 13, 7, 13.75 ], "texture": "#Fur", "cullface": "up" }
			}
		},
		{
			"__comment": "Voxels",
			"from": [ 14.5, 20, 7 ],
			"to": [ 15, 20.5, 9 ],
			"faces": {
				"up": { "uv": [ 3.5, 10, 3.75, 9 ], "texture": "#Fur", "cullface": "up" },
				"north": { "uv": [ 9.75, 13.5, 9.5, 13.75 ], "texture": "#Fur", "cullface": "up" },
				"south": { "uv": [ 9.5, 13.25, 9.75, 13.5 ], "texture": "#Fur", "cullface": "up" },
				"west": { "uv": [ 3.75, 14.25, 4.75, 14.5 ], "texture": "#Fur", "cullface": "up" }
			}
		},
		{
			"__comment": "Voxels",
			"from": [ 15, 19.5, 8 ],
			"to": [ 15.5, 20, 9 ],
			"faces": {
				"down": { "uv": [ 8.25, 10.75, 8.5, 11.25 ], "texture": "#Fur", "cullface": "up" },
				"south": { "uv": [ 8.5, 13.75, 8.75, 14 ], "texture": "#Fur", "cullface": "up" },
				"east": { "uv": [ 7.5, 12.5, 7, 12.75 ], "texture": "#Fur", "cullface": "up" }
			}
		},
		{
			"__comment": "Voxels",
			"from": [ 15, 20, 6.5 ],
			"to": [ 16, 20.5, 7 ],
			"faces": {
				"up": { "uv": [ 7, 9.5, 7.5, 9.25 ], "texture": "#Fur", "cullface": "up" },
				"north": { "uv": [ 8, 11.5, 7.5, 11.75 ], "texture": "#Fur", "cullface": "up" },
				"west": { "uv": [ 8.5, 13.5, 8.75, 13.75 ], "texture": "#Fur", "cullface": "up" }
			}
		},
		{
			"__comment": "Voxels",
			"from": [ 15.5, 20, 6 ],
			"to": [ 16, 20.5, 6.5 ],
			"faces": {
				"up": { "uv": [ 8.5, 13, 8.75, 12.75 ], "texture": "#Fur", "cullface": "up" },
				"north": { "uv": [ 8.75, 12.5, 8.5, 12.75 ], "texture": "#Fur", "cullface": "up" },
				"west": { "uv": [ 8.5, 12, 8.75, 12.25 ], "texture": "#Fur", "cullface": "up" }
			}
		},
		{
			"__comment": "Voxels",
			"from": [ 15.5, 20.5, 6.5 ],
			"to": [ 16, 23, 7 ],
			"faces": {
				"up": { "uv": [ 8.5, 11.5, 8.75, 11.25 ], "texture": "#Fur", "cullface": "up" },
				"north": { "uv": [ 2.25, 9.75, 2, 11 ], "texture": "#Fur", "cullface": "up" },
				"west": { "uv": [ 2.25, 9.75, 2.5, 11 ], "texture": "#Fur", "cullface": "up" }
			}
		},
		{
			"__comment": "Voxels",
			"from": [ 15.5, 23, 7 ],
			"to": [ 16, 23.5, 9 ],
			"faces": {
				"up": { "uv": [ 4.25, 14, 4.5, 13 ], "texture": "#Fur", "cullface": "up" },
				"north": { "uv": [ 8.75, 9.5, 8.5, 9.75 ], "texture": "#Fur", "cullface": "up" },
				"south": { "uv": [ 8.5, 9.25, 8.75, 9.5 ], "texture": "#Fur", "cullface": "up" },
				"west": { "uv": [ 3.75, 12.25, 4.75, 12.5 ], "texture": "#Fur", "cullface": "up" }
			}
		},
		{
			"__comment": "Voxels",
			"from": [ 16, 22.5, 8 ],
			"to": [ 16.5, 23, 9 ],
			"faces": {
				"down": { "uv": [ 7.5, 10.25, 7.75, 10.75 ], "texture": "#Fur" },
				"south": { "uv": [ 8.75, 15, 9, 15.25 ], "texture": "#Fur" },
				"east": { "uv": [ 8, 9.75, 7.5, 10 ], "texture": "#Fur" }
			}
		},
		{
			"__comment": "Voxels",
			"from": [ 16, 23, 6.5 ],
			"to": [ 17, 23.5, 7 ],
			"faces": {
				"up": { "uv": [ 7.5, 9.5, 8, 9.25 ], "texture": "#Fur" },
				"north": { "uv": [ 8, 9, 7.5, 9.25 ], "texture": "#Fur" },
				"west": { "uv": [ 10.5, 15, 10.75, 15.25 ], "texture": "#Fur" }
			}
		},
		{
			"__comment": "Voxels",
			"from": [ 16.5, 23, 6 ],
			"to": [ 17, 23.5, 6.5 ],
			"faces": {
				"up": { "uv": [ 11.25, 15.25, 11.5, 15 ], "texture": "#Fur" },
				"north": { "uv": [ 11.75, 15, 11.5, 15.25 ], "texture": "#Fur" },
				"west": { "uv": [ 12, 15, 12.25, 15.25 ], "texture": "#Fur" }
			}
		},
		{
			"__comment": "Voxels",
			"from": [ 16.5, 23.5, 6.5 ],
			"to": [ 17, 29, 7 ],
			"faces": {
				"up": { "uv": [ 12.75, 15.25, 13, 15 ], "texture": "#Fur" },
				"north": { "uv": [ 2, 13.25, 1.75, 16 ], "texture": "#Fur" },
				"west": { "uv": [ 1, 13.25, 1.25, 16 ], "texture": "#Fur" }
			}
		},
		{
			"__comment": "Voxels",
			"from": [ 16.5, 29, 7 ],
			"to": [ 17, 29.5, 9 ],
			"faces": {
				"up": { "uv": [ 3.75, 12, 4, 11 ], "texture": "#Fur" },
				"north": { "uv": [ 14.75, 15, 14.5, 15.25 ], "texture": "#Fur" },
				"south": { "uv": [ 14.75, 15, 15, 15.25 ], "texture": "#Fur" },
				"west": { "uv": [ 3.75, 10.75, 4.75, 11 ], "texture": "#Fur" }
			}
		},
		{
			"__comment": "Voxels",
			"from": [ 17, 14.5, 7 ],
			"to": [ 17.5, 15, 9 ],
			"faces": {
				"down": { "uv": [ 4.5, 11, 4.75, 12 ], "texture": "#Fur", "cullface": "east" },
				"north": { "uv": [ 9, 14.75, 8.75, 15 ], "texture": "#Fur", "cullface": "east" },
				"south": { "uv": [ 8.75, 14.5, 9, 14.75 ], "texture": "#Fur", "cullface": "east" },
				"east": { "uv": [ 4.75, 8.5, 3.75, 8.75 ], "texture": "#Fur", "cullface": "east" }
			}
		},
		{
			"__comment": "Voxels",
			"from": [ 17, 15, 6.5 ],
			"to": [ 17.5, 16, 7 ],
			"faces": {
				"down": { "uv": [ 8.75, 13.75, 9, 14 ], "texture": "#Fur", "cullface": "east" },
				"north": { "uv": [ 8.25, 14.5, 8, 15 ], "texture": "#Fur", "cullface": "east" },
				"east": { "uv": [ 8.25, 13, 8, 13.5 ], "texture": "#Fur", "cullface": "east" }
			}
		},
		{
			"__comment": "Voxels",
			"from": [ 17, 15.5, 6 ],
			"to": [ 17.5, 16, 6.5 ],
			"faces": {
				"down": { "uv": [ 8.75, 12.25, 9, 12.5 ], "texture": "#Fur", "cullface": "east" },
				"north": { "uv": [ 9, 11.75, 8.75, 12 ], "texture": "#Fur", "cullface": "east" },
				"east": { "uv": [ 9, 11, 8.75, 11.25 ], "texture": "#Fur", "cullface": "east" }
			}
		},
		{
			"__comment": "Voxels",
			"from": [ 17, 28.5, 8 ],
			"to": [ 17.5, 29, 9 ],
			"faces": {
				"down": { "uv": [ 8, 12.5, 8.25, 13 ], "texture": "#Fur" },
				"south": { "uv": [ 8.75, 10, 9, 10.25 ], "texture": "#Fur" },
				"east": { "uv": [ 8.75, 15.75, 8.25, 16 ], "texture": "#Fur" }
			}
		},
		{
			"__comment": "Voxels",
			"from": [ 17, 29, 6.5 ],
			"to": [ 18, 29.5, 7 ],
			"faces": {
				"up": { "uv": [ 9.25, 16, 9.75, 15.75 ], "texture": "#Fur" },
				"north": { "uv": [ 10.25, 15.75, 9.75, 16 ], "texture": "#Fur" },
				"west": { "uv": [ 8.75, 8.25, 9, 8.5 ], "texture": "#Fur" }
			}
		},
		{
			"__comment": "Voxels",
			"from": [ 17.5, 15.5, 6.5 ],
			"to": [ 18, 16, 7 ],
			"faces": {
				"down": { "uv": [ 9, 14.75, 9.25, 15 ], "texture": "#Fur", "cullface": "east" },
				"north": { "uv": [ 9.75, 14.75, 9.5, 15 ], "texture": "#Fur", "cullface": "east" },
				"east": { "uv": [ 9.75, 10.25, 9.5, 10.5 ], "texture": "#Fur", "cullface": "east" }
			}
		},
		{
			"__comment": "Voxels",
			"from": [ 17.5, 16, 8 ],
			"to": [ 18, 16.5, 9 ],
			"faces": {
				"up": { "uv": [ 8, 11.5, 8.25, 11 ], "texture": "#Fur" },
				"south": { "uv": [ 11.25, 14.75, 11.5, 15 ], "texture": "#Fur" },
				"west": { "uv": [ 10.75, 15.75, 11.25, 16 ], "texture": "#Fur" }
			}
		},
		{
			"__comment": "Voxels",
			"from": [ 17.5, 29, 6 ],
			"to": [ 18, 29.5, 6.5 ],
			"faces": {
				"up": { "uv": [ 12.25, 15, 12.5, 14.75 ], "texture": "#Fur" },
				"north": { "uv": [ 12.75, 14.75, 12.5, 15 ], "texture": "#Fur" },
				"west": { "uv": [ 13, 14.75, 13.25, 15 ], "texture": "#Fur" }
			}
		},
		{
			"__comment": "Voxels",
			"from": [ 17.5, 29.5, 6.5 ],
			"to": [ 18, 31, 7 ],
			"faces": {
				"up": { "uv": [ 13.75, 15, 14, 14.75 ], "texture": "#Fur" },
				"north": { "uv": [ 6.75, 9.75, 6.5, 10.5 ], "texture": "#Fur" },
				"west": { "uv": [ 6, 9, 6.25, 9.75 ], "texture": "#Fur" }
			}
		},
		{
			"__comment": "Voxels",
			"from": [ 17.5, 31, 7 ],
			"to": [ 18, 31.5, 9 ],
			"faces": {
				"up": { "uv": [ 4.25, 10.5, 4.5, 9.5 ], "texture": "#Fur" },
				"north": { "uv": [ 15.75, 14.75, 15.5, 15 ], "texture": "#Fur" },
				"south": { "uv": [ 15.75, 14.75, 16, 15 ], "texture": "#Fur" },
				"west": { "uv": [ 3.75, 8, 4.75, 8.25 ], "texture": "#Fur" }
			}
		},
		{
			"__comment": "Voxels",
			"from": [ 18, 15.5, 7 ],
			"to": [ 18.5, 16, 9 ],
			"faces": {
				"down": { "uv": [ 4.5, 9.5, 4.75, 10.5 ], "texture": "#Fur", "cullface": "east" },
				"north": { "uv": [ 9.25, 13.5, 9, 13.75 ], "texture": "#Fur", "cullface": "east" },
				"south": { "uv": [ 9, 13.25, 9.25, 13.5 ], "texture": "#Fur", "cullface": "east" },
				"east": { "uv": [ 5.75, 12.75, 4.75, 13 ], "texture": "#Fur", "cullface": "east" }
			}
		},
		{
			"__comment": "Voxels",
			"from": [ 18, 16, 6.5 ],
			"to": [ 18.5, 18, 7 ],
			"faces": {
				"down": { "uv": [ 9, 12.5, 9.25, 12.75 ], "texture": "#Fur" },
				"north": { "uv": [ 5.25, 11.25, 5, 12.25 ], "texture": "#Fur" },
				"east": { "uv": [ 5, 9.25, 4.75, 10.25 ], "texture": "#Fur" }
			}
		},
		{
			"__comment": "Voxels",
			"from": [ 18, 17.5, 6 ],
			"to": [ 18.5, 18, 6.5 ],
			"faces": {
				"down": { "uv": [ 9, 11, 9.25, 11.25 ], "texture": "#Fur" },
				"north": { "uv": [ 9.25, 10.5, 9, 10.75 ], "texture": "#Fur" },
				"east": { "uv": [ 9.25, 9.75, 9, 10 ], "texture": "#Fur" }
			}
		},
		{
			"__comment": "Voxels",
			"from": [ 18, 30.5, 8 ],
			"to": [ 19, 31, 9 ],
			"faces": {
				"down": { "uv": [ 5, 9.75, 5.5, 10.25 ], "texture": "#Fur" },
				"south": { "uv": [ 10.25, 15.5, 10.75, 15.75 ], "texture": "#Fur" }
			}
		},
		{
			"__comment": "Voxels",
			"from": [ 18, 31, 6.5 ],
			"to": [ 19, 31.5, 7 ],
			"faces": {
				"up": { "uv": [ 12.25, 15.75, 12.75, 15.5 ], "texture": "#Fur" },
				"north": { "uv": [ 13.25, 15.5, 12.75, 15.75 ], "texture": "#Fur" },
				"west": { "uv": [ 10, 14.5, 10.25, 14.75 ], "texture": "#Fur" },
				"east": { "uv": [ 10.5, 14.5, 10.25, 14.75 ], "texture": "#Fur" }
			}
		},
		{
			"__comment": "Voxels",
			"from": [ 18.5, 17.5, 6.5 ],
			"to": [ 19, 18, 7 ],
			"faces": {
				"down": { "uv": [ 10.5, 14.5, 10.75, 14.75 ], "texture": "#Fur" },
				"north": { "uv": [ 11.25, 14.5, 11, 14.75 ], "texture": "#Fur" },
				"east": { "uv": [ 12, 14.5, 11.75, 14.75 ], "texture": "#Fur" }
			}
		},
		{
			"__comment": "Voxels",
			"from": [ 18.5, 18, 8 ],
			"to": [ 19, 18.5, 9 ],
			"faces": {
				"up": { "uv": [ 8, 10.5, 8.25, 10 ], "texture": "#Fur" },
				"south": { "uv": [ 12.75, 14.5, 13, 14.75 ], "texture": "#Fur" },
				"west": { "uv": [ 13.75, 15.5, 14.25, 15.75 ], "texture": "#Fur" }
			}
		},
		{
			"__comment": "Voxels",
			"from": [ 19, 17.5, 7 ],
			"to": [ 19.5, 18, 9 ],
			"faces": {
				"down": { "uv": [ 4.75, 8.25, 5, 9.25 ], "texture": "#Fur" },
				"north": { "uv": [ 14.25, 14.5, 14, 14.75 ], "texture": "#Fur" },
				"south": { "uv": [ 14.25, 14.5, 14.5, 14.75 ], "texture": "#Fur" },
				"east": { "uv": [ 4.75, 8.25, 3.75, 8.5 ], "texture": "#Fur" }
			}
		},
		{
			"__comment": "Voxels",
			"from": [ 19, 18, 6.5 ],
			"to": [ 19.5, 21, 7 ],
			"faces": {
				"down": { "uv": [ 15, 14.5, 15.25, 14.75 ], "texture": "#Fur" },
				"north": { "uv": [ 3.25, 12.5, 3, 14 ], "texture": "#Fur" },
				"west": { "uv": [ 2, 12.5, 2.25, 14 ], "texture": "#Fur" },
				"east": { "uv": [ 2.5, 12.5, 2.25, 14 ], "texture": "#Fur" }
			}
		},
		{
			"__comment": "Voxels",
			"from": [ 19, 20.5, 6 ],
			"to": [ 19.5, 21, 6.5 ],
			"faces": {
				"down": { "uv": [ 9.25, 13.75, 9.5, 14 ], "texture": "#Fur" },
				"north": { "uv": [ 9.5, 13.25, 9.25, 13.5 ], "texture": "#Fur" },
				"east": { "uv": [ 9.5, 12.5, 9.25, 12.75 ], "texture": "#Fur" }
			}
		},
		{
			"__comment": "Voxels",
			"from": [ 19, 29, 6 ],
			"to": [ 19.5, 29.5, 7 ],
			"faces": {
				"up": { "uv": [ 8, 9, 8.25, 8.5 ], "texture": "#Fur" },
				"north": { "uv": [ 9.5, 11.75, 9.25, 12 ], "texture": "#Fur" },
				"east": { "uv": [ 9.75, 15.5, 9.25, 15.75 ], "texture": "#Fur" }
			}
		},
		{
			"__comment": "Voxels",
			"from": [ 19, 29.5, 6.5 ],
			"to": [ 19.5, 31, 7 ],
			"faces": {
				"up": { "uv": [ 9.25, 10.75, 9.5, 10.5 ], "texture": "#Fur" },
				"north": { "uv": [ 6.25, 8.25, 6, 9 ], "texture": "#Fur" },
				"east": { "uv": [ 7, 15.25, 6.75, 16 ], "texture": "#Fur" }
			}
		},
		{
			"__comment": "Voxels",
			"from": [ 19, 31, 7 ],
			"to": [ 19.5, 31.5, 9 ],
			"faces": {
				"up": { "uv": [ 5.5, 9.25, 5.75, 8.25 ], "texture": "#Fur" },
				"north": { "uv": [ 9.5, 8.75, 9.25, 9 ], "texture": "#Fur" },
				"south": { "uv": [ 9.25, 8.5, 9.5, 8.75 ], "texture": "#Fur" },
				"east": { "uv": [ 6.75, 14.75, 5.75, 15 ], "texture": "#Fur" }
			}
		},
		{
			"__comment": "Voxels",
			"from": [ 19.5, 20.5, 6.5 ],
			"to": [ 20, 21, 7 ],
			"faces": {
				"down": { "uv": [ 9.5, 14.25, 9.75, 14.5 ], "texture": "#Fur" },
				"north": { "uv": [ 10.25, 14.25, 10, 14.5 ], "texture": "#Fur" },
				"east": { "uv": [ 11, 14.25, 10.75, 14.5 ], "texture": "#Fur" }
			}
		},
		{
			"__comment": "Voxels",
			"from": [ 19.5, 21, 8 ],
			"to": [ 20, 21.5, 9 ],
			"faces": {
				"up": { "uv": [ 8.25, 13.25, 8.5, 12.75 ], "texture": "#Fur" },
				"south": { "uv": [ 11.75, 14.25, 12, 14.5 ], "texture": "#Fur" },
				"west": { "uv": [ 10.25, 15.25, 10.75, 15.5 ], "texture": "#Fur" }
			}
		},
		{
			"__comment": "Voxels",
			"from": [ 19.5, 28.5, 8 ],
			"to": [ 20, 29, 9 ],
			"faces": {
				"down": { "uv": [ 8.25, 12.25, 8.5, 12.75 ], "texture": "#Fur" },
				"south": { "uv": [ 13.25, 14.25, 13.5, 14.5 ], "texture": "#Fur" },
				"west": { "uv": [ 11.25, 15.25, 11.75, 15.5 ], "texture": "#Fur" }
			}
		},
		{
			"__comment": "Voxels",
			"from": [ 19.5, 29, 6.5 ],
			"to": [ 20, 29.5, 7 ],
			"faces": {
				"up": { "uv": [ 14.25, 14.5, 14.5, 14.25 ], "texture": "#Fur" },
				"north": { "uv": [ 14.75, 14.25, 14.5, 14.5 ], "texture": "#Fur" },
				"east": { "uv": [ 15.5, 14.25, 15.25, 14.5 ], "texture": "#Fur" }
			}
		},
		{
			"__comment": "Voxels",
			"from": [ 20, 20.5, 7 ],
			"to": [ 20.5, 21, 9 ],
			"faces": {
				"down": { "uv": [ 5.75, 13.75, 6, 14.75 ], "texture": "#Fur" },
				"north": { "uv": [ 9.75, 14, 9.5, 14.25 ], "texture": "#Fur" },
				"south": { "uv": [ 9.5, 13.75, 9.75, 14 ], "texture": "#Fur" },
				"east": { "uv": [ 6.75, 13.25, 5.75, 13.5 ], "texture": "#Fur" }
			}
		},
		{
			"__comment": "Voxels",
			"from": [ 20, 21, 6.5 ],
			"to": [ 20.5, 29, 7 ],
			"faces": {
				"down": { "uv": [ 9.5, 13, 9.75, 13.25 ], "texture": "#Fur" },
				"up": { "uv": [ 9.5, 13, 9.75, 12.75 ], "texture": "#Fur" },
				"north": { "uv": [ 0.25, 12, 0, 16 ], "texture": "#Fur" },
				"west": { "uv": [ 0.75, 12, 1, 16 ], "texture": "#Fur" },
				"east": { "uv": [ 1, 8, 0.75, 12 ], "texture": "#Fur" }
			}
		},
		{
			"__comment": "Voxels",
			"from": [ 20, 29, 7 ],
			"to": [ 20.5, 29.5, 9 ],
			"faces": {
				"up": { "uv": [ 6.5, 14.75, 6.75, 13.75 ], "texture": "#Fur" },
				"north": { "uv": [ 9.75, 11, 9.5, 11.25 ], "texture": "#Fur" },
				"south": { "uv": [ 9.5, 10.75, 9.75, 11 ], "texture": "#Fur" },
				"east": { "uv": [ 4.75, 15.5, 3.75, 15.75 ], "texture": "#Fur" }
			}
		}
	],
	"display": {
		"thirdperson_righthand": {
			"translation":  [ 0, -1.5, 1 ],
			"scale":  [ 0.25, 0.25, 0.25 ]
		},
		"thirdperson_lefthand": {
			"translation":  [ 0, -1.5, 1 ],
			"scale":  [ 0.25, 0.25, 0.25 ]
		},
		"firstperson_righthand": {
			"rotation":  [ 0, -90, 0 ],
			"translation":  [ 5, -5, 3 ],
			"scale":  [ 0.68, 0.68, 0.68 ]
		},
		"firstperson_lefthand": {
			"rotation":  [ 0, -90, 0 ],
			"translation":  [ 5, -5, 3 ],
			"scale":  [ 0.68, 0.68, 0.68 ]
		},
		"gui": {
			"rotation":  [ 22.5, -22.5, 0 ],
			"translation":  [ 0, -8.5, 0 ],
			"scale":  [ 0.625, 0.625, 0.625 ]
		},
		"head": {
			"rotation":  [ 0, 180, 0 ]
		},
		"ground": {
			"translation":  [ 0, 3, 0 ],
			"scale":  [ 0.25, 0.25, 0.25 ]
		},
		"fixed": {
			"rotation":  [ 0, 180, 0 ],
			"translation":  [ 0, -12, 0 ],
			"scale":  [ 0.75, 0.75, 0.75 ]
		}
	}
}