{
	"__comment": "Designed by Randamonium for The Craftico Project",
	"textures": {
		"Helmet-Frame": "block/iron_block",
		"Helmet-Horns": "block/bone_block_side",
		"Helmet-Button": "block/polished_gold",
		"Helmet-Base": "block/bed_feet_top",
		"Helmet-Inside": "block/andesite"
	},
	"elements": [ 	 
		{
			"__comment": "base]",
			"from": [ 0.5, 11, 0.5 ],
			"to": [ 15.5, 15.5, 15.5 ],
			"faces": {
				"down": { "uv": [ 15, 15, 1, 1 ], "texture": "#Helmet-Inside" },
				"up": { "uv": [ 1, 1, 15, 15 ], "texture": "#Helmet-Base" },
				"north": { "uv": [ 1, 1, 15, 5 ], "texture": "#Helmet-Base" },
				"south": { "uv": [ 1, 1, 15, 5 ], "texture": "#Helmet-Base" },
				"west": { "uv": [ 1, 1, 15, 5 ], "texture": "#Helmet-Base" },
				"east": { "uv": [ 1, 1, 15, 5 ], "texture": "#Helmet-Base" }
			}
		},
		{
			"__comment": "iron",
			"from": [ 6.5, 10, 0 ],
			"to": [ 9.5, 16, 1 ],
			"faces": {
				"down": { "uv": [ 9.5, 1, 6.5, 0 ], "texture": "#Helmet-Frame" },
				"up": { "uv": [ 6.5, 0, 9.5, 1 ], "texture": "#Helmet-Frame" },
				"north": { "uv": [ 6.5, 0, 9.5, 6 ], "texture": "#Helmet-Frame" },
				"south": { "uv": [ 6.5, 0, 9.5, 6 ], "texture": "#Helmet-Frame" },
				"west": { "uv": [ 0, 0, 1, 6 ], "texture": "#Helmet-Frame" },
				"east": { "uv": [ 15, 0, 16, 6 ], "texture": "#Helmet-Frame" }
			}
		},
		{
			"__comment": "iron*",
			"from": [ 6.5, 8.5, 15 ],
			"to": [ 9.5, 16, 16 ],
			"faces": {
				"down": { "uv": [ 9.5, 16, 6.5, 15 ], "texture": "#Helmet-Frame" },
				"up": { "uv": [ 6.5, 15, 9.5, 16 ], "texture": "#Helmet-Frame" },
				"north": { "uv": [ 6.5, 0, 9.5, 7.5 ], "texture": "#Helmet-Frame" },
				"south": { "uv": [ 6.5, 0, 9.5, 7.5 ], "texture": "#Helmet-Frame" },
				"west": { "uv": [ 15, 0, 16, 7.5 ], "texture": "#Helmet-Frame" },
				"east": { "uv": [ 0, 0, 1, 7.5 ], "texture": "#Helmet-Frame" }
			}
		},
		{
			"__comment": "iron*",
			"from": [ 6.5, 15.5, 1 ],
			"to": [ 9.5, 16, 15 ],
			"faces": {
				"down": { "uv": [ 9.5, 15, 6.5, 1 ], "texture": "#Helmet-Frame" },
				"up": { "uv": [ 6.5, 1, 9.5, 15 ], "texture": "#Helmet-Frame" },
				"north": { "uv": [ 6.5, 0, 9.5, 0.5 ], "texture": "#Helmet-Frame" },
				"south": { "uv": [ 6.5, 0, 9.5, 0.5 ], "texture": "#Helmet-Frame" },
				"west": { "uv": [ 1, 0, 15, 0.5 ], "texture": "#Helmet-Frame" },
				"east": { "uv": [ 1, 0, 15, 0.5 ], "texture": "#Helmet-Frame" }
			}
		},
		{
			"__comment": "iron*",
			"from": [ 0, 11, 15.5 ],
			"to": [ 16, 12, 16 ],
			"faces": {
				"down": { "uv": [ 16, 16, 0, 15.5 ], "texture": "#Helmet-Frame" },
				"up": { "uv": [ 0, 15.5, 16, 16 ], "texture": "#Helmet-Frame" },
				"north": { "uv": [ 0, 3.5, 16, 4.5 ], "texture": "#Helmet-Frame" },
				"south": { "uv": [ 0, 3.5, 16, 4.5 ], "texture": "#Helmet-Frame" },
				"west": { "uv": [ 15.5, 3.5, 16, 4.5 ], "texture": "#Helmet-Frame" },
				"east": { "uv": [ 0, 3.5, 0.5, 4.5 ], "texture": "#Helmet-Frame" }
			}
		},
		{
			"__comment": "iron*",
			"from": [ 0, 11, 0 ],
			"to": [ 16, 12, 0.5 ],
			"faces": {
				"down": { "uv": [ 16, 0.5, 0, 0 ], "texture": "#Helmet-Frame" },
				"up": { "uv": [ 0, 0, 16, 0.5 ], "texture": "#Helmet-Frame" },
				"north": { "uv": [ 0, 3.5, 16, 4.5 ], "texture": "#Helmet-Frame" },
				"south": { "uv": [ 0, 3.5, 16, 4.5 ], "texture": "#Helmet-Frame" },
				"west": { "uv": [ 0, 3.5, 0.5, 4.5 ], "texture": "#Helmet-Frame" },
				"east": { "uv": [ 15.5, 3.5, 16, 4.5 ], "texture": "#Helmet-Frame" }
			}
		},
		{
			"__comment": "iron*",
			"from": [ 15.5, 11, 0.5 ],
			"to": [ 16, 12, 15.5 ],
			"faces": {
				"down": { "uv": [ 0.5, 15.5, 0, 0.5 ], "texture": "#Helmet-Frame" },
				"up": { "uv": [ 15.5, 0.5, 16, 15.5 ], "texture": "#Helmet-Frame" },
				"north": { "uv": [ 0, 3.5, 0.5, 4.5 ], "texture": "#Helmet-Frame" },
				"south": { "uv": [ 15.5, 3.5, 16, 4.5 ], "texture": "#Helmet-Frame" },
				"west": { "uv": [ 0.5, 3.5, 15.5, 4.5 ], "texture": "#Helmet-Frame" },
				"east": { "uv": [ 0.5, 3.5, 15.5, 4.5 ], "texture": "#Helmet-Frame" }
			}
		},
		{
			"__comment": "iron*",
			"from": [ 0, 11, 0.5 ],
			"to": [ 0.5, 12, 15.5 ],
			"faces": {
				"down": { "uv": [ 16, 15.5, 15.5, 0.5 ], "texture": "#Helmet-Frame" },
				"up": { "uv": [ 0, 0.5, 0.5, 15.5 ], "texture": "#Helmet-Frame" },
				"north": { "uv": [ 15.5, 3.5, 16, 4.5 ], "texture": "#Helmet-Frame" },
				"south": { "uv": [ 0, 3.5, 0.5, 4.5 ], "texture": "#Helmet-Frame" },
				"west": { "uv": [ 0.5, 3.5, 15.5, 4.5 ], "texture": "#Helmet-Frame" },
				"east": { "uv": [ 0.5, 3.5, 15.5, 4.5 ], "texture": "#Helmet-Frame" }
			}
		},
		{
			"__comment": "horn",
			"from": [ -2, 14, 7 ],
			"to": [ 2.5, 16.5, 9 ],
			"rotation": { "origin": [ -2, 16.5, 7 ], "axis": "z", "angle": -22.5 },
			"faces": {
				"down": { "uv": [ 16, 9, 15, 7 ], "texture": "#Helmet-Horns" },
				"up": { "uv": [ 0, 7, 1, 9 ], "texture": "#Helmet-Horns" },
				"north": { "uv": [ 15, 1, 16, 3 ], "texture": "#Helmet-Horns" },
				"south": { "uv": [ 0, 1, 1, 3 ], "texture": "#Helmet-Horns" },
				"west": { "uv": [ 7, 1, 9, 3 ], "texture": "#Helmet-Horns" },
				"east": { "uv": [ 7, 1, 9, 3 ], "texture": "#Helmet-Horns" }
			}
		},
		{
			"__comment": "horn*",
			"from": [ 13.8125, 12.75, 7 ],
			"to": [ 18.3125, 14.75, 9 ],
			"rotation": { "origin": [ 13.8125, 14.75, 7 ], "axis": "z", "angle": 22.5 },
			"faces": {
				"down": { "uv": [ 16, 9, 15, 7 ], "texture": "#Helmet-Horns" },
				"up": { "uv": [ 0, 7, 1, 9 ], "texture": "#Helmet-Horns" },
				"north": { "uv": [ 15, 1, 16, 3 ], "texture": "#Helmet-Horns" },
				"south": { "uv": [ 0, 1, 1, 3 ], "texture": "#Helmet-Horns" },
				"west": { "uv": [ 7, 1, 9, 3 ], "texture": "#Helmet-Horns" },
				"east": { "uv": [ 7, 1, 9, 3 ], "texture": "#Helmet-Horns" }
			}
		},
		{
			"__comment": "horn*",
			"from": [ 15.75, 14.1875, 7 ],
			"to": [ 17.25, 17.6875, 9 ],
			"rotation": { "origin": [ 15.75, 17.6875, 7 ], "axis": "z", "angle": 22.5 },
			"faces": {
				"down": { "uv": [ 16, 9, 15, 7 ], "texture": "#Helmet-Horns" },
				"up": { "uv": [ 0, 7, 1, 9 ], "texture": "#Helmet-Horns" },
				"north": { "uv": [ 15, 1, 16, 3 ], "texture": "#Helmet-Horns" },
				"south": { "uv": [ 0, 1, 1, 3 ], "texture": "#Helmet-Horns" },
				"west": { "uv": [ 7, 1, 9, 3 ], "texture": "#Helmet-Horns" },
				"east": { "uv": [ 7, 1, 9, 3 ], "texture": "#Helmet-Horns" }
			}
		},
		{
			"__comment": "horn*",
			"from": [ 15.5, 17.5, 7.5 ],
			"to": [ 16.5, 19, 8.5 ],
			"rotation": { "origin": [ 15.5, 19, 7.5 ], "axis": "z", "angle": 22.5 },
			"faces": {
				"down": { "uv": [ 16, 9, 15, 7 ], "texture": "#Helmet-Horns" },
				"up": { "uv": [ 0, 7, 1, 9 ], "texture": "#Helmet-Horns" },
				"north": { "uv": [ 15, 1, 16, 3 ], "texture": "#Helmet-Horns" },
				"south": { "uv": [ 0, 1, 1, 3 ], "texture": "#Helmet-Horns" },
				"west": { "uv": [ 7, 1, 9, 3 ], "texture": "#Helmet-Horns" },
				"east": { "uv": [ 7, 1, 9, 3 ], "texture": "#Helmet-Horns" }
			}
		},
		{
			"__comment": "horn*",
			"from": [ -1.1875, 14.75, 7 ],
			"to": [ 0.3125, 18.25, 9 ],
			"rotation": { "origin": [ -1.1875, 18.25, 7 ], "axis": "z", "angle": -22.5 },
			"faces": {
				"down": { "uv": [ 16, 9, 15, 7 ], "texture": "#Helmet-Horns" },
				"up": { "uv": [ 0, 7, 1, 9 ], "texture": "#Helmet-Horns" },
				"north": { "uv": [ 15, 1, 16, 3 ], "texture": "#Helmet-Horns" },
				"south": { "uv": [ 0, 1, 1, 3 ], "texture": "#Helmet-Horns" },
				"west": { "uv": [ 7, 1, 9, 3 ], "texture": "#Helmet-Horns" },
				"east": { "uv": [ 7, 1, 9, 3 ], "texture": "#Helmet-Horns" }
			}
		},
		{
			"__comment": "horn*",
			"from": [ -0.375, 17.875, 7.5 ],
			"to": [ 0.625, 19.375, 8.5 ],
			"rotation": { "origin": [ -0.375, 19.375, 7.5 ], "axis": "z", "angle": -22.5 },
			"faces": {
				"down": { "uv": [ 16, 9, 15, 7 ], "texture": "#Helmet-Horns" },
				"up": { "uv": [ 0, 7, 1, 9 ], "texture": "#Helmet-Horns" },
				"north": { "uv": [ 15, 1, 16, 3 ], "texture": "#Helmet-Horns" },
				"south": { "uv": [ 0, 1, 1, 3 ], "texture": "#Helmet-Horns" },
				"west": { "uv": [ 7, 1, 9, 3 ], "texture": "#Helmet-Horns" },
				"east": { "uv": [ 7, 1, 9, 3 ], "texture": "#Helmet-Horns" }
			}
		},
		{
			"__comment": "versiering",
			"from": [ 7.5, 11, 16 ],
			"to": [ 8.5, 12, 16.5 ],
			"faces": {
				"down": { "uv": [ 8.5, 16, 7.5, 16 ], "texture": "#Helmet-Button" },
				"up": { "uv": [ 7.5, 16, 8.5, 16 ], "texture": "#Helmet-Button" },
				"north": { "uv": [ 7.5, 3.5, 8.5, 4.5 ], "texture": "#Helmet-Button" },
				"south": { "uv": [ 7.5, 3.5, 8.5, 4.5 ], "texture": "#Helmet-Button" },
				"west": { "uv": [ 16, 3.5, 16, 4.5 ], "texture": "#Helmet-Button" },
				"east": { "uv": [ 0, 3.5, 0, 4.5 ], "texture": "#Helmet-Button" }
			}
		},
		{
			"__comment": "versiering*",
			"from": [ 7.5, 11, -0.5 ],
			"to": [ 8.5, 12, 0 ],
			"faces": {
				"down": { "uv": [ 8.5, 0, 7.5, 0 ], "texture": "#Helmet-Button" },
				"up": { "uv": [ 7.5, 0, 8.5, 0 ], "texture": "#Helmet-Button" },
				"north": { "uv": [ 7.5, 3.5, 8.5, 4.5 ], "texture": "#Helmet-Button" },
				"south": { "uv": [ 7.5, 3.5, 8.5, 4.5 ], "texture": "#Helmet-Button" },
				"west": { "uv": [ 0, 3.5, 0, 4.5 ], "texture": "#Helmet-Button" },
				"east": { "uv": [ 16, 3.5, 16, 4.5 ], "texture": "#Helmet-Button" }
			}
		}
	],
	"display": {
		"thirdperson_righthand": {
			"rotation":  [ 75, 45, 0 ],
			"translation":  [ 0, 2.5, -1.5 ],
			"scale":  [ 0.375, 0.375, 0.375 ]
		},
		"thirdperson_lefthand": {
			"rotation":  [ 75, 45, 0 ],
			"translation":  [ 0, 2.5, -1.5 ],
			"scale":  [ 0.375, 0.375, 0.375 ]
		},
		"firstperson_righthand": {
			"rotation":  [ 0, 45, 0 ],
			"scale":  [ 0.4, 0.4, 0.4 ]
		},
		"firstperson_lefthand": {
			"rotation":  [ 0, 45, 0 ],
			"scale":  [ 0.4, 0.4, 0.4 ]
		},
		"gui": {
			"rotation":  [ 9, 30, 0 ],
			"translation":  [ 0, -4.16, 0 ],
			"scale":  [ 0.7, 0.7, 0.7 ]
		},
		"ground": {
			"translation":  [ 0, 3, 0 ],
			"scale":  [ 0.25, 0.25, 0.25 ]
		},
		"fixed": {
			"translation":  [ 0, -6, 0 ]
		}
	}
}